128761,512,512,512,7.38368
132877,512,512,512,14220.9
142349,512,512,512,10423.7
122501,512,512,512,8634.43
657561,2048,512,512,17908
587093,512,2048,512,212.414
158760,512,512,512,11116.7
161312,512,512,512,11197.4
154701,512,512,512,10623.2
163812,512,512,512,10697.9
138452,512,512,512,9005.01
140197,512,512,512,10631.1
139415,512,512,512,9431.88
130440,512,512,512,9662.22
615379,2048,512,512,35869.1
552458,512,2048,512,28061.4
122396,512,512,512,9066.37
163814,512,512,512,11445.5
119017,512,512,512,8155.34
156550,512,512,512,12218.5
130692,512,512,512,8534.99
144385,512,512,512,10382.7
131820,512,512,512,9250.53
133155,512,512,512,9706.06
629035,2048,512,512,37414.7
550086,512,2048,512,27504.3
129969,512,512,512,8540.06
164324,512,512,512,11235.8
131426,512,512,512,9472.14
157607,512,512,512,10398.8
132401,512,512,512,9762.29
158040,512,512,512,10514.1
136023,512,512,512,9462.47
146596,512,512,512,10447.8
640824,2048,512,512,38258.1
560424,512,2048,512,3722.97
133334,512,512,512,3343.8
165516,512,512,512,13045.6
134172,512,512,512,9213.53
161231,512,512,512,11119.4
128782,512,512,512,8567.62
171580,512,512,512,13326.6
135490,512,512,512,9304.03
157572,512,512,512,10751.2
655737,2048,512,512,18310.3
588044,512,2048,512,28994.5
125661,512,512,512,9097.63
154825,512,512,512,10300.2
127452,512,512,512,8426.58
153730,512,512,512,11440.4
129316,512,512,512,8532.19
176891,512,512,512,13509.6
141501,512,512,512,10291
161782,512,512,512,11504.5
673253,2048,512,512,40880.6
611291,512,2048,512,30805.2
102691,512,512,512,7051.74
136832,512,512,512,9884.03
105460,512,512,512,7288.81
134494,512,512,512,9564.02
546132,2048,512,512,31545.5
478771,512,2048,512,23498
126309,512,512,512,8655.01
127433,512,512,512,8548.96
124950,512,512,512,9234.18
136926,512,512,512,10072.7
512834,2048,512,512,28490.8
430911,512,2048,512,20956.2
89535,512,512,512,6647.61
142150,512,512,512,10505.3
83912,512,512,512,6549.23
126151,512,512,512,8204.94
526135,2048,512,512,30281.2
434134,512,2048,512,21471.9
100634,512,512,512,7108.8
132334,512,512,512,10106.7
96583,512,512,512,6589.88
120956,512,512,512,8918.42
527460,2048,512,512,29980
428269,512,2048,512,21380
103808,512,512,512,7174.63
127274,512,512,512,8931.51
102659,512,512,512,7284.01
119034,512,512,512,8676.74
529427,2048,512,512,31666.7
424951,512,2048,512,21314.2
117377,512,512,512,8255.09
122898,512,512,512,8720.04
114955,512,512,512,8885.41
118573,512,512,512,8643.13
504860,2048,512,512,34743.1
400093,512,2048,512,19606.4
115234,512,512,512,7795.96
120376,512,512,512,8794.59
114692,512,512,512,8738.44
119087,512,512,512,8160.14
7941902,33288,512,512,39697.1
82388,512,512,512,8615.74
95040,512,512,512,7527.92
95047,512,512,512,6569.12
81972,512,512,512,5510.72
559163,2048,512,512,45414.3
479025,512,2048,512,22642.2
123005,512,512,512,8825.47
134139,512,512,512,9413.26
117970,512,512,512,7981.06
136606,512,512,512,9649.87
108827,512,512,512,7721.65
113602,512,512,512,8096.36
110167,512,512,512,14448.1
103331,512,512,512,7110.95
500782,2048,512,512,30235.9
433174,512,2048,512,21794.9
83660,512,512,512,6016
139159,512,512,512,10166.9
79680,512,512,512,5530.93
128804,512,512,512,9220.87
93269,512,512,512,6516.61
116477,512,512,512,8490.35
96336,512,512,512,7086.79
100708,512,512,512,7291.08
513866,2048,512,512,29363.8
431100,512,2048,512,21321.8
94610,512,512,512,6414.24
138919,512,512,512,9813.26
97046,512,512,512,6551.63
129913,512,512,512,9713.12
91737,512,512,512,6480.32
128003,512,512,512,8678.17
97528,512,512,512,6935.32
111611,512,512,512,7333.78
530735,2048,512,512,32660.6
446252,512,2048,512,22312.6
96734,512,512,512,6462.4
139126,512,512,512,10211.1
97673,512,512,512,6471.09
132027,512,512,512,9536.94
99926,512,512,512,7169.58
146522,512,512,512,10442.5
105672,512,512,512,7015.57
131348,512,512,512,9843.41
560299,2048,512,512,31790
483219,512,2048,512,24351.2
99871,512,512,512,7313.21
139835,512,512,512,9150.76
100632,512,512,512,6970.18
135476,512,512,512,9612.49
100073,512,512,512,7180.13
158983,512,512,512,10665.5
110849,512,512,512,8117.09
140232,512,512,512,9547.71
584554,2048,512,512,34898.7
515851,512,2048,512,25672.2
72786,512,512,512,4753.37
111169,512,512,512,8613.58
75465,512,512,512,5284.2
108697,512,512,512,7678.38
418763,2048,512,512,15385.1
331624,512,2048,512,16226.3
104724,512,512,512,7237.94
104369,512,512,512,7405.34
100685,512,512,512,7175.77
114837,512,512,512,7818.69
384080,2048,512,512,22145.2
294467,512,2048,512,14792.7
52376,512,512,512,3879.7
108226,512,512,512,7561.64
49216,512,512,512,3484.32
88225,512,512,512,6416.36
390912,2048,512,512,22868.7
292071,512,2048,512,14580.8
68275,512,512,512,4887.7
97898,512,512,512,6737.07
65237,512,512,512,4701.77
82951,512,512,512,6788.83
395711,2048,512,512,22815.8
291221,512,2048,512,14652.6
71474,512,512,512,4745.16
99155,512,512,512,6988.9
69597,512,512,512,4993.51
91595,512,512,512,6441.85
386282,2048,512,512,23104.7
286061,512,2048,512,14148.3
74946,512,512,512,5305.91
93347,512,512,512,6682.56
73526,512,512,512,4791.92
87577,512,512,512,6013.87
372892,2048,512,512,21045.1
268393,512,2048,512,13942.5
83966,512,512,512,6134.5
91238,512,512,512,6333.22
82765,512,512,512,5938.3
85516,512,512,512,5910.39
6970877,33288,512,512,62606.8
48820,512,512,512,3227.77
61079,512,512,512,4744
59699,512,512,512,4463.48
49720,512,512,512,3624.24
457008,2048,512,512,25701.7
380232,512,2048,512,19071.2
100329,512,512,512,6716.59
112503,512,512,512,7515.86
94479,512,512,512,6688.78
114846,512,512,512,8507.11
82527,512,512,512,6456.88
86541,512,512,512,6395.64
84021,512,512,512,5720.58
74658,512,512,512,5320.84
371268,2048,512,512,21799.2
296938,512,2048,512,14987.4
59207,512,512,512,4057.01
110975,512,512,512,8619.42
55989,512,512,512,4053.5
99131,512,512,512,6956.56
59373,512,512,512,4077.12
88269,512,512,512,5946.54
64712,512,512,512,4482.22
69763,512,512,512,5096.84
383955,2048,512,512,22922.7
302682,512,2048,512,15063.5
75307,512,512,512,5261.62
120987,512,512,512,8508.98
74395,512,512,512,5302.09
110489,512,512,512,7570.98
69106,512,512,512,4188.24
107546,512,512,512,8193.98
74384,512,512,512,5277.8
86780,512,512,512,5959.14
406737,2048,512,512,31668.1
316678,512,2048,512,15735.6
75207,512,512,512,5186.69
115311,512,512,512,7918.35
77122,512,512,512,5459.96
106452,512,512,512,7421.49
75019,512,512,512,5505.98
125521,512,512,512,8546.11
83525,512,512,512,6244.86
105434,512,512,512,7224.6
445126,2048,512,512,26977.3
360576,512,2048,512,18085.3
66207,512,512,512,4350.36
107436,512,512,512,7995.24
69103,512,512,512,4913.99
100659,512,512,512,7222.17
80509,512,512,512,5725.08
140067,512,512,512,9536.48
94610,512,512,512,6849.59
117697,512,512,512,8099.58
469702,2048,512,512,27834.2
393501,512,2048,512,19613.8
53044,512,512,512,3722.39
91720,512,512,512,6701
54347,512,512,512,4150.61
87767,512,512,512,6092.29
319674,2048,512,512,18804.4
246891,512,2048,512,12580.4
64552,512,512,512,4673.45
73664,512,512,512,4910.93
61364,512,512,512,4483.21
83434,512,512,512,5933.08
237924,2048,512,512,14257.6
152630,512,2048,512,7667.44
32419,512,512,512,2406.98
75766,512,512,512,5158.54
30510,512,512,512,2208.87
57281,512,512,512,3958.95
239685,2048,512,512,13623.3
155797,512,2048,512,7670.01
43886,512,512,512,2825.66
73089,512,512,512,4892.99
39292,512,512,512,2692.39
62094,512,512,512,4338.45
241817,2048,512,512,14146.5
154531,512,2048,512,7762.94
49628,512,512,512,3676.15
57036,512,512,512,3942.01
48540,512,512,512,3413.8
49310,512,512,512,3905.74
219154,2048,512,512,10404.9
147362,512,2048,512,7188.39
33528,512,512,512,2368.42
53373,512,512,512,3633.91
34631,512,512,512,2430.25
44365,512,512,512,3027.04
195846,2048,512,512,11251.5
120625,512,2048,512,6117.27
54241,512,512,512,3654.13
71756,512,512,512,5057.69
51254,512,512,512,3787.82
64594,512,512,512,4968.77
5924545,33288,512,512,50977.5
45935,512,512,512,5121.67
46296,512,512,512,3461.38
52919,512,512,512,3506.02
38370,512,512,512,2542.11
331367,2048,512,512,18901.5
265406,512,2048,512,13006.1
65174,512,512,512,5074.37
85635,512,512,512,5842.9
59884,512,512,512,4628.71
89665,512,512,512,6390.38
45262,512,512,512,3062.12
57303,512,512,512,3804.35
48014,512,512,512,3523.96
44781,512,512,512,3135.65
250381,2048,512,512,14130.8
189258,512,2048,512,9477.71
40322,512,512,512,2829.61
85967,512,512,512,5602.74
36932,512,512,512,2580.4
74639,512,512,512,5403.73
44052,512,512,512,3118.73
61540,512,512,512,4376.18
47508,512,512,512,3519.11
46746,512,512,512,3446.71
265383,2048,512,512,15440.5
195030,512,2048,512,9314.87
42118,512,512,512,2831.46
91334,512,512,512,5976.87
42774,512,512,512,3117.92
79227,512,512,512,5417.23
38467,512,512,512,2759.96
71031,512,512,512,4930.57
44005,512,512,512,3185.88
53746,512,512,512,4046.76
283233,2048,512,512,16509
202509,512,2048,512,10109.7
46461,512,512,512,3028.01
78908,512,512,512,6281.23
48194,512,512,512,3473.44
72580,512,512,512,5477.74
43854,512,512,512,2899.44
96524,512,512,512,6714.71
51673,512,512,512,3481.13
76538,512,512,512,5278.48
320489,2048,512,512,18119.5
247453,512,2048,512,11801
40847,512,512,512,2763.43
81975,512,512,512,5375.41
42541,512,512,512,3122.28
75412,512,512,512,5268.96
49860,512,512,512,3569.4
110313,512,512,512,7879.5
61547,512,512,512,4172.68
88378,512,512,512,5843.17
345592,2048,512,512,19926
274829,512,2048,512,14139.1
25374,512,512,512,1828.76
60536,512,512,512,4248.14
25890,512,512,512,1828.87
57422,512,512,512,4263.35
209395,2048,512,512,19478.6
151186,512,2048,512,7630.84
32695,512,512,512,2444.49
42140,512,512,512,3037.12
30524,512,512,512,2087.11
49135,512,512,512,3478.58
126254,2048,512,512,7319.07
76575,512,2048,512,3908.13
17164,512,512,512,1196.62
52044,512,512,512,3462.39
14299,512,512,512,969.424
37690,512,512,512,2627.63
146819,2048,512,512,8142.47
84761,512,2048,512,4205.2
23183,512,512,512,1585.16
49133,512,512,512,3770.4
21266,512,512,512,1589.98
36818,512,512,512,2444.35
144374,2048,512,512,8492.59
87498,512,2048,512,4388.61
20567,512,512,512,1452.86
39685,512,512,512,2847.35
19186,512,512,512,1414.64
32050,512,512,512,2336.22
133310,2048,512,512,7444.89
81004,512,2048,512,3939.4
25603,512,512,512,1796.7
40168,512,512,512,2794.3
23381,512,512,512,1655.29
32959,512,512,512,2338.55
117647,2048,512,512,6686.86
69633,512,2048,512,3422.82
23953,512,512,512,1600.2
31670,512,512,512,2212.75
22904,512,512,512,1552.81
28133,512,512,512,1969.93
4045117,33288,512,512,36868.1
34335,512,512,512,2303.4
29747,512,512,512,2203.48
42332,512,512,512,2951.25
23730,512,512,512,1661.62
165318,2048,512,512,9653.61
114116,512,2048,512,5592.21
34464,512,512,512,2376.83
60724,512,512,512,4327.77
30956,512,512,512,2085.46
62144,512,512,512,4519.56
27947,512,512,512,1886.72
32084,512,512,512,2333.38
31500,512,512,512,2205.69
26063,512,512,512,1930.59
144805,2048,512,512,8215.89
93516,512,2048,512,4582.71
19984,512,512,512,1297.14
51570,512,512,512,3423.73
18956,512,512,512,1360.07
45617,512,512,512,3016
17384,512,512,512,1228.01
30722,512,512,512,2254.83
20613,512,512,512,1475.65
23618,512,512,512,1597.84
150601,2048,512,512,8381.27
91018,512,2048,512,5276.41
22986,512,512,512,1613.05
50560,512,512,512,3406.15
23332,512,512,512,1689.19
48332,512,512,512,3362.23
18710,512,512,512,1327.54
48771,512,512,512,3724.75
22976,512,512,512,1721.85
37207,512,512,512,2449.84
158689,2048,512,512,9166.15
91220,512,2048,512,4618.73
25803,512,512,512,1822.73
51980,512,512,512,3326.72
27000,512,512,512,1886.46
50793,512,512,512,3487.93
22110,512,512,512,1554.99
70194,512,512,512,4872.47
27829,512,512,512,1919.24
55987,512,512,512,3836.37
166966,2048,512,512,9490.07
100492,512,2048,512,4985.65
16560,512,512,512,1092.62
39864,512,512,512,2939.28
17972,512,512,512,1159.48
38720,512,512,512,2759.55
24537,512,512,512,1733.3
65081,512,512,512,4743.95
35051,512,512,512,2572.55
54980,512,512,512,4044.51
189128,2048,512,512,10673.9
109440,512,2048,512,5585.45
6244,512,512,512,444.018
26927,512,512,512,1861.05
7420,512,512,512,528.82
26093,512,512,512,1964.65
53227,2048,512,512,2988.18
34630,512,2048,512,1728.8
13396,512,512,512,906.283
27558,512,512,512,1856.54
12282,512,512,512,822.226
32402,512,512,512,2361.88
59715,2048,512,512,3512.65
31978,512,2048,512,1588.97
8006,512,512,512,568.053
25723,512,512,512,1875.03
7531,512,512,512,539.132
18901,512,512,512,1429.86
73174,2048,512,512,4434.79
37471,512,2048,512,1830.64
7276,512,512,512,520.877
25171,512,512,512,1950.3
6459,512,512,512,460.33
19734,512,512,512,1555.39
77994,2048,512,512,4639.05
38793,512,2048,512,1930.6
11015,512,512,512,835.261
24419,512,512,512,1796.34
10472,512,512,512,692.364
20582,512,512,512,1493.48
70998,2048,512,512,4222.93
35760,512,2048,512,1810.63
8285,512,512,512,610.876
20839,512,512,512,1344.45
7826,512,512,512,604.908
17985,512,512,512,1224.51
61917,2048,512,512,3576.43
28848,512,2048,512,1440.15
11904,512,512,512,808.764
21574,512,512,512,1561.92
11724,512,512,512,846.88
20289,512,512,512,1426.92
1938914,33288,512,512,18532
13591,512,512,512,1294.38
11834,512,512,512,805.719
18364,512,512,512,1216.66
8842,512,512,512,662.632
107573,2048,512,512,6213.6
80849,512,2048,512,4080.71
16771,512,512,512,1265.74
28842,512,512,512,2069.38
13807,512,512,512,984.018
31600,512,512,512,2282.62
13156,512,512,512,974.519
15612,512,512,512,1093.18
15414,512,512,512,1076.96
10938,512,512,512,764.227
48981,2048,512,512,2935.19
34082,512,2048,512,1712.13
7091,512,512,512,500.91
27698,512,512,512,1978.43
6302,512,512,512,439.355
21599,512,512,512,1532.52
6119,512,512,512,455.367
11183,512,512,512,777.948
7324,512,512,512,559.351
7750,512,512,512,574.074
55048,2048,512,512,3173.94
35955,512,2048,512,1786.58
8454,512,512,512,574.369
27387,512,512,512,1934.62
8560,512,512,512,669.731
22070,512,512,512,1583.5
7508,512,512,512,490.318
18737,512,512,512,1249.13
9838,512,512,512,696.496
12906,512,512,512,919.804
63204,2048,512,512,3711.06
40951,512,2048,512,2090
10143,512,512,512,674.794
31538,512,512,512,2213.19
10640,512,512,512,748.308
26736,512,512,512,1918.28
10085,512,512,512,706.171
31635,512,512,512,2259.64
12905,512,512,512,835.951
23675,512,512,512,1843.31
75648,2048,512,512,4576.06
51508,512,2048,512,2512.59
8793,512,512,512,593.62
23635,512,512,512,1623
8673,512,512,512,333.577
20949,512,512,512,1544.63
11498,512,512,512,853.68
50919,512,512,512,3637.07
15955,512,512,512,1093.28
35619,512,512,512,2456.48
90763,2048,512,512,4161.05
66881,512,2048,512,3520.05
2012,512,512,512,246.682
9731,512,512,512,750.342
2143,512,512,512,149.403
8160,512,512,512,589.436
53936,2048,512,512,3076.56
37885,512,2048,512,1918.23
4860,512,512,512,292.331
8693,512,512,512,645.42
4594,512,512,512,337.949
10765,512,512,512,795.566
19771,2048,512,512,1539.35
11460,512,2048,512,583.021
3116,512,512,512,218.188
17085,512,512,512,1193.71
2706,512,512,512,184.631
11679,512,512,512,883.518
21492,2048,512,512,1257.3
12675,512,2048,512,620.184
3128,512,512,512,223.429
8602,512,512,512,595.81
2649,512,512,512,197.135
5842,512,512,512,427.789
21069,2048,512,512,1260.2
12926,512,2048,512,640.297
3130,512,512,512,219.649
8456,512,512,512,590.812
2888,512,512,512,193.744
5920,512,512,512,435.494
16569,2048,512,512,980.052
10555,512,2048,512,752.249
3975,512,512,512,266.667
9829,512,512,512,709.995
3688,512,512,512,262.258
6880,512,512,512,502.648
14652,2048,512,512,857.155
9374,512,2048,512,477.656
2878,512,512,512,207.423
5607,512,512,512,382.567
2627,512,512,512,173.328
4187,512,512,512,295.77
1251031,33288,512,512,11001.1
7994,512,512,512,567.202
6230,512,512,512,450.023
10825,512,512,512,807.459
4266,512,512,512,311.671
37336,2048,512,512,2125.89
28863,512,2048,512,1459.11
5646,512,512,512,376.4
17872,512,512,512,1181.62
4679,512,512,512,363.417
21603,512,512,512,1578.3
5126,512,512,512,364.516
5757,512,512,512,419.645
6474,512,512,512,474.069
3865,512,512,512,297.308
18332,2048,512,512,1064.65
14699,512,2048,512,944.514
3668,512,512,512,264.957
11791,512,512,512,777.963
3797,512,512,512,290.679
10070,512,512,512,708.22
3401,512,512,512,236.078
5162,512,512,512,372.876
4111,512,512,512,267.927
3691,512,512,512,250.237
13036,2048,512,512,743.586
9863,512,2048,512,494.696
4359,512,512,512,308.602
13924,512,512,512,952.068
4174,512,512,512,297.479
11995,512,512,512,808.084
3302,512,512,512,229.704
7543,512,512,512,536.391
4222,512,512,512,297.586
6012,512,512,512,428.472
12635,2048,512,512,761.431
9668,512,2048,512,484.157
4405,512,512,512,308.446
10699,512,512,512,764.214
4559,512,512,512,359.33
9516,512,512,512,654.865
4352,512,512,512,310.165
15753,512,512,512,1132.8
5559,512,512,512,437.071
12052,512,512,512,880.511
14538,2048,512,512,836.719
11200,512,2048,512,562.637
2258,512,512,512,159.506
8183,512,512,512,648.158
2408,512,512,512,166.788
6857,512,512,512,458.088
4500,512,512,512,310.345
23566,512,512,512,1721.72
5989,512,512,512,406.034
17053,512,512,512,1274.99
17556,2048,512,512,1132.65
14256,512,2048,512,905.143
742,512,512,512,92.75
2728,512,512,512,193.133
806,512,512,512,52.7444
2370,512,512,512,171.973
21989,2048,512,512,1258.76
16969,512,2048,512,859.19
1040,512,512,512,71.4163
6990,512,512,512,556.418
971,512,512,512,71.5945
10210,512,512,512,749.358
4276,2048,512,512,250.15
3145,512,2048,512,158.488
1083,512,512,512,76.167
7508,512,512,512,513.368
989,512,512,512,79.3183
5246,512,512,512,380.662
3167,2048,512,512,190.139
2309,512,2048,512,113.152
1566,512,512,512,103.324
4323,512,512,512,303.368
1368,512,512,512,107.558
3317,512,512,512,246.274
2099,2048,512,512,120.373
1606,512,2048,512,80.805
1259,512,512,512,84.2845
3983,512,512,512,281.36
1243,512,512,512,91.2294
2880,512,512,512,196.503
1483,2048,512,512,88.0445
1166,512,2048,512,58.028
827,512,512,512,61.8318
1872,512,512,512,139.636
712,512,512,512,48.58
1394,512,512,512,95.7253
1887,2048,512,512,108.604
1200,512,2048,512,58.3587
419,512,512,512,28.2869
812,512,512,512,56.8578
391,512,512,512,29.1655
645,512,512,512,45.3626
584680,33288,512,512,5415.27
131072,512,512,512,8338.58
131072,512,512,512,9554.22
131072,512,512,512,9000.65
131072,512,512,512,9576.04
524288,2048,512,512,29641.7
524288,512,2048,512,26630.5
131072,512,512,512,16257
131072,512,512,512,9362.29
131072,512,512,512,9619.96
131072,512,512,512,9446.63
131072,512,512,512,9467.95
131072,512,512,512,8594.89
131072,512,512,512,10280.2
131072,512,512,512,9939.11
524288,2048,512,512,30504
524288,512,2048,512,25970.9
131072,512,512,512,8648.05
131072,512,512,512,9078.58
131072,512,512,512,9776.93
131072,512,512,512,9198.03
131071,512,512,512,9446.56
131072,512,512,512,8811.56
131072,512,512,512,8848.74
131072,512,512,512,9279.43
524288,2048,512,512,31655.1
524288,512,2048,512,24929
131072,512,512,512,9709.04
131072,512,512,512,8648.05
131072,512,512,512,9218.25
131072,512,512,512,9510.89
131072,512,512,512,8793.09
131072,512,512,512,9341.43
131072,512,512,512,8577.31
131072,512,512,512,9039.45
524288,2048,512,512,29641.7
524287,512,2048,512,26379.2
131072,512,512,512,9939.11
131072,512,512,512,9554.22
131072,512,512,512,17119.6
131072,512,512,512,9258.95
131072,512,512,512,9642.08
131072,512,512,512,9341.43
131072,512,512,512,8793.09
131072,512,512,512,8962.19
524288,2048,512,512,30448.7
524288,512,2048,512,26092.1
131072,512,512,512,9137.92
131072,512,512,512,8473.34
131072,512,512,512,8830.11
131072,512,512,512,8924.05
131072,512,512,512,9137.92
131072,512,512,512,9731.56
131072,512,512,512,8867.45
131072,512,512,512,8612.53
524288,2048,512,512,30727.5
524288,512,2048,512,26214.4
131072,512,512,512,9845.78
131072,512,512,512,9383.23
131072,512,512,512,9118.05
131072,512,512,512,8473.34
524288,2048,512,512,30393.5
524288,512,2048,512,26504.3
131072,512,512,512,9686.61
131072,512,512,512,8648.05
131072,512,512,512,9939.11
131072,512,512,512,9341.43
524288,2048,512,512,30727.5
524288,512,2048,512,26092.1
131072,512,512,512,8981.38
131072,512,512,512,9425.4
131072,512,512,512,8924.05
131072,512,512,512,9157.87
524288,2048,512,512,30229.2
524288,512,2048,512,25771.5
131072,512,512,512,9597.95
131072,512,512,512,8683.86
131072,512,512,512,8683.86
131072,512,512,512,9020.01
524288,2048,512,512,30954.3
524288,512,2048,512,25458.6
131072,512,512,512,9664.3
131072,512,512,512,8962.19
131072,512,512,512,9686.61
131072,512,512,512,10407.7
524288,2048,512,512,31011.5
524288,512,2048,512,26132.7
131072,512,512,512,8542.37
131072,512,512,512,9362.29
131072,512,512,512,8630.26
131072,512,512,512,9300.01
524288,2048,512,512,46995
524288,512,2048,512,26800.7
131072,512,512,512,8981.38
131072,512,512,512,9576.04
131072,512,512,512,9020.01
131072,512,512,512,9467.95
8521728,33288,512,512,79479.8
104857,512,512,512,6710.85
104857,512,512,512,7913.74
104857,512,512,512,7473.1
104857,512,512,512,7608.67
419430,2048,512,512,22595.6
419430,512,2048,512,20585.5
104857,512,512,512,7278.58
104857,512,512,512,6990.47
104857,512,512,512,7200.48
104857,512,512,512,7278.58
104857,512,512,512,7278.58
104857,512,512,512,7019.72
104857,512,512,512,7139.2
104857,512,512,512,7247.14
419430,2048,512,512,24314.8
419430,512,2048,512,21237
104857,512,512,512,7278.58
104857,512,512,512,7278.58
104857,512,512,512,7643.33
104857,512,512,512,7231.52
104857,512,512,512,7803.31
104856,512,512,512,7184.99
104857,512,512,512,7049.21
104857,512,512,512,7358.39
419430,2048,512,512,24582
419430,512,2048,512,20841.2
104857,512,512,512,7310.29
104857,512,512,512,7215.97
104857,512,512,512,6975.93
104857,512,512,512,7278.58
104857,512,512,512,7591.46
104857,512,512,512,7108.95
104857,512,512,512,7294.4
104857,512,512,512,7439.96
419429,2048,512,512,26011.1
419429,512,2048,512,21169.9
104857,512,512,512,7608.67
104857,512,512,512,6990.47
104857,512,512,512,7731.39
104857,512,512,512,7185.06
104857,512,512,512,8224.08
104857,512,512,512,7231.52
104857,512,512,512,8367.64
104857,512,512,512,7247.14
419430,2048,512,512,23755.3
419430,512,2048,512,21004.3
104857,512,512,512,8104.89
104857,512,512,512,7695.93
104857,512,512,512,7489.79
104857,512,512,512,7839.78
104857,512,512,512,8224.08
104857,512,512,512,7731.39
104857,512,512,512,7803.31
104857,512,512,512,8409.58
419430,2048,512,512,25087.4
419430,512,2048,512,20841.2
104857,512,512,512,7574.32
104857,512,512,512,7876.58
104857,512,512,512,7678.32
104857,512,512,512,7358.39
419430,2048,512,512,23797.4
419430,512,2048,512,21004.3
104857,512,512,512,7731.39
104857,512,512,512,6833.86
104857,512,512,512,7169.71
104857,512,512,512,6947.05
419430,2048,512,512,25181.5
419430,512,2048,512,21509.2
104857,512,512,512,7342.28
104857,512,512,512,7019.72
104857,512,512,512,6932.69
104857,512,512,512,7294.4
419430,2048,512,512,24809.2
419430,512,2048,512,20617.1
104857,512,512,512,7154.42
104857,512,512,512,7731.39
104857,512,512,512,7439.96
104857,512,512,512,7540.28
419430,2048,512,512,24403.2
419430,512,2048,512,20712.6
104857,512,512,512,7540.28
104857,512,512,512,7294.4
104857,512,512,512,7423.5
104857,512,512,512,8346.83
419429,2048,512,512,24855.1
419430,512,2048,512,20938.8
104857,512,512,512,7078.95
104857,512,512,512,7989.1
104857,512,512,512,7423.5
104857,512,512,512,7643.33
419430,2048,512,512,26011.2
419430,512,2048,512,21237
104857,512,512,512,8144.23
104857,512,512,512,7139.2
104857,512,512,512,7262.82
104857,512,512,512,7625.96
6817381,33288,512,512,53706.6
78643,512,512,512,10399.1
78642,512,512,512,5893.55
78643,512,512,512,5298.05
78643,512,512,512,5331.73
314572,2048,512,512,11705
314572,512,2048,512,15978.3
78643,512,512,512,5221.11
78643,512,512,512,5706.52
78643,512,512,512,5506.73
78643,512,512,512,6183.23
78643,512,512,512,5680.76
78643,512,512,512,5852.5
78643,512,512,512,5298.05
78643,512,512,512,6078.69
314572,2048,512,512,17753.6
314571,512,2048,512,15827.5
78643,512,512,512,5732.52
78643,512,512,512,5758.76
78643,512,512,512,5506.73
78643,512,512,512,5210.3
78643,512,512,512,5470.82
78643,512,512,512,5435.37
78643,512,512,512,5411.99
78643,512,512,512,5354.42
314572,2048,512,512,18369.2
314572,512,2048,512,16054.7
78643,512,512,512,5680.76
78643,512,512,512,5470.82
78643,512,512,512,5365.83
78643,512,512,512,5458.95
78643,512,512,512,5400.38
78643,512,512,512,5242.87
78643,512,512,512,5264.8
78643,512,512,512,5693.61
314572,2048,512,512,17785
314572,512,2048,512,18921.6
78643,512,512,512,8040.18
78643,512,512,512,5680.76
78643,512,512,512,5470.82
78643,512,512,512,5592.39
78643,512,512,512,5719.49
78643,512,512,512,6229.15
78643,512,512,512,5617.36
78643,512,512,512,5771.96
314572,2048,512,512,18538.3
314572,512,2048,512,15486.6
78643,512,512,512,5655.23
78643,512,512,512,5365.83
78643,512,512,512,5400.38
78643,512,512,512,5447.13
78643,512,512,512,5286.92
78643,512,512,512,5680.76
78643,512,512,512,5825.41
78643,512,512,512,5178.14
314572,2048,512,512,18302.4
314572,512,2048,512,17567.7
78643,512,512,512,8501.95
78643,512,512,512,5470.82
78643,512,512,512,5494.71
78643,512,512,512,5655.23
314572,2048,512,512,12678
314572,512,2048,512,17061.5
78643,512,512,512,5866.14
78643,512,512,512,8892.49
78643,512,512,512,5506.73
78643,512,512,512,5320.46
314572,2048,512,512,28039.8
314572,512,2048,512,18993
78643,512,512,512,10485.7
78643,512,512,512,5400.38
78643,512,512,512,5286.92
78643,512,512,512,5567.65
314572,2048,512,512,28355.8
314572,512,2048,512,15534.4
78643,512,512,512,5411.99
78643,512,512,512,5506.73
78643,512,512,512,5825.41
78643,512,512,512,5156.92
314572,2048,512,512,18572.5
314571,512,2048,512,15777.9
78643,512,512,512,5745.61
78643,512,512,512,5210.3
78643,512,512,512,5907.46
78643,512,512,512,5377.3
314572,2048,512,512,18104.9
314572,512,2048,512,15275.1
78643,512,512,512,5411.99
78643,512,512,512,5555.36
78643,512,512,512,5785.23
78643,512,512,512,5991.85
314572,2048,512,512,18335.7
314572,512,2048,512,16054.7
78643,512,512,512,5604.85
78643,512,512,512,5579.99
78643,512,512,512,5253.81
78643,512,512,512,5482.74
5113037,33288,512,512,45921.2
52428,512,512,512,4752.68
52428,512,512,512,4183.78
52428,512,512,512,4793.42
52428,512,512,512,3577.18
209715,2048,512,512,17660.2
209715,512,2048,512,10308.6
52428,512,512,512,3615.72
52428,512,512,512,4132.26
52428,512,512,512,3539.44
52428,512,512,512,3919.85
52428,512,512,512,3736.52
52428,512,512,512,3761.65
52428,512,512,512,3389.28
52428,512,512,512,3531.99
209715,2048,512,512,12520.3
209715,512,2048,512,10535.1
52428,512,512,512,3761.65
52428,512,512,512,3671.11
52428,512,512,512,3600.21
52428,512,512,512,3703.52
52428,512,512,512,3778.59
52428,512,512,512,4183.78
52428,512,512,512,3770.1
52428,512,512,512,3679.16
209715,2048,512,512,11941.1
209715,512,2048,512,14814.3
52428,512,512,512,3309.06
52428,512,512,512,3687.24
52428,512,512,512,3770.1
52428,512,512,512,4032.92
52428,512,512,512,3495.2
52428,512,512,512,3663.09
52428,512,512,512,3600.21
52428,512,512,512,3524.57
209715,2048,512,512,12520.3
209715,512,2048,512,10277
52428,512,512,512,4091.94
52428,512,512,512,3795.69
52428,512,512,512,3865.66
52428,512,512,512,3577.18
52428,512,512,512,3711.72
52428,512,512,512,3592.5
52428,512,512,512,4163.02
52428,512,512,512,3695.37
209715,2048,512,512,12313.5
209715,512,2048,512,10453.1
52428,512,512,512,3531.99
52428,512,512,512,3795.69
52428,512,512,512,3744.86
52428,512,512,512,4236.61
52428,512,512,512,2577.11
52428,512,512,512,3711.72
52428,512,512,512,3615.72
52428,512,512,512,3695.37
209715,2048,512,512,12543.7
209715,512,2048,512,10183.4
52428,512,512,512,3569.57
52428,512,512,512,3639.25
52428,512,512,512,3524.57
52428,512,512,512,3639.25
209715,2048,512,512,12520.3
209715,512,2048,512,10720.3
52428,512,512,512,3778.59
52428,512,512,512,3631.38
52428,512,512,512,3753.23
52428,512,512,512,3554.44
209715,2048,512,512,12113.5
209715,512,2048,512,10518.6
52428,512,512,512,3561.99
52428,512,512,512,3821.63
52428,512,512,512,3631.38
52428,512,512,512,3985.03
209715,2048,512,512,12005.2
209715,512,2048,512,10618.5
52428,512,512,512,3561.99
52428,512,512,512,3631.38
52428,512,512,512,3719.95
52428,512,512,512,3452.05
209715,2048,512,512,12520.3
209715,512,2048,512,10436.8
52428,512,512,512,3600.21
52428,512,512,512,3679.16
52428,512,512,512,3517.18
52428,512,512,512,3865.66
209715,2048,512,512,11856.7
209715,512,2048,512,10308.6
52428,512,512,512,3647.17
52428,512,512,512,3561.99
52428,512,512,512,3761.65
52428,512,512,512,3938.25
209715,2048,512,512,11898.7
209715,512,2048,512,10669.1
52428,512,512,512,3679.16
52428,512,512,512,3703.52
52428,512,512,512,3839.12
52428,512,512,512,3502.5
3408691,33288,512,512,27427.2
26214,512,512,512,3028.33
26214,512,512,512,1964.52
26214,512,512,512,1897.85
26214,512,512,512,1803.97
104857,2048,512,512,6833.86
104857,512,2048,512,7231.52
26214,512,512,512,1859.97
26214,512,512,512,1736.75
26214,512,512,512,1831.55
26214,512,512,512,1800.1
26214,512,512,512,1868.26
26214,512,512,512,1792.41
26214,512,512,512,1868.26
26214,512,512,512,1811.77
104857,2048,512,512,6111.88
104857,512,2048,512,5275.82
26214,512,512,512,1973.76
26214,512,512,512,1777.22
26214,512,512,512,1843.62
26214,512,512,512,1859.97
26214,512,512,512,1978.42
26214,512,512,512,1769.72
26214,512,512,512,1811.77
26214,512,512,512,1754.91
104857,2048,512,512,6271.82
104857,512,2048,512,5259.29
26214,512,512,512,2071.23
26214,512,512,512,1876.62
26214,512,512,512,1983.09
26214,512,512,512,1928.39
26214,512,512,512,2076.36
26214,512,512,512,1906.47
26214,512,512,512,1906.47
26214,512,512,512,1815.69
104857,2048,512,512,5981.15
104857,512,2048,512,5360.1
26214,512,512,512,1827.56
26214,512,512,512,1819.63
26214,512,512,512,1946.28
26214,512,512,512,1766
26214,512,512,512,1722.48
26214,512,512,512,1964.52
26214,512,512,512,1788.59
26214,512,512,512,1726.02
104857,2048,512,512,6089.7
104857,512,2048,512,5107.19
26214,512,512,512,1969.13
26214,512,512,512,1910.82
26214,512,512,512,1811.77
26214,512,512,512,1726.02
26214,512,512,512,1694.64
26214,512,512,512,1839.58
26214,512,512,512,1859.97
26214,512,512,512,2011.63
104857,2048,512,512,6089.7
104857,512,2048,512,5186.13
26214,512,512,512,2066.13
26214,512,512,512,1800.1
26214,512,512,512,1823.58
26214,512,512,512,1872.43
104857,2048,512,512,6078.67
104857,512,2048,512,5114.98
26214,512,512,512,1803.97
26214,512,512,512,1819.63
26214,512,512,512,1800.1
26214,512,512,512,1831.55
104857,2048,512,512,5981.15
104857,512,2048,512,5351.55
26214,512,512,512,1859.97
26214,512,512,512,1992.51
26214,512,512,512,1708.45
26214,512,512,512,1932.83
104857,2048,512,512,6089.7
104857,512,2048,512,5275.82
26214,512,512,512,1729.58
26214,512,512,512,1777.22
26214,512,512,512,1788.59
26214,512,512,512,1803.97
104857,2048,512,512,5835.52
104857,512,2048,512,5234.67
26214,512,512,512,1885.05
26214,512,512,512,1868.26
26214,512,512,512,1919.56
26214,512,512,512,1897.85
104857,2048,512,512,5855.89
104857,512,2048,512,5334.54
26214,512,512,512,1718.95
26214,512,512,512,1897.85
26214,512,512,512,1855.86
26214,512,512,512,1811.77
104857,2048,512,512,6045.81
104857,512,2048,512,5259.29
26214,512,512,512,1902.15
26214,512,512,512,1701.52
26214,512,512,512,1906.47
26214,512,512,512,1827.56
1704346,33288,512,512,15538.2
13107,512,512,512,824.016
13107,512,512,512,894.294
13107,512,512,512,989.208
13107,512,512,512,875.624
52428,2048,512,512,3153.56
52428,512,2048,512,2625.5
13107,512,512,512,951.075
13107,512,512,512,944.649
13107,512,512,512,849.036
13107,512,512,512,973.142
13107,512,512,512,864.792
13107,512,512,512,970.889
13107,512,512,512,892.391
13107,512,512,512,929.987
52428,2048,512,512,3039.3
52428,512,2048,512,2642.04
13107,512,512,512,929.987
13107,512,512,512,861.24
13107,512,512,512,934.129
13107,512,512,512,907.844
13107,512,512,512,886.732
13107,512,512,512,873.8
13107,512,512,512,955.408
13107,512,512,512,900.052
52428,2048,512,512,4323.96
52428,512,2048,512,2995.89
13107,512,512,512,917.777
13107,512,512,512,890.497
13107,512,512,512,915.773
13107,512,512,512,929.987
13107,512,512,512,957.589
13107,512,512,512,894.294
13107,512,512,512,886.732
13107,512,512,512,991.546
52428,2048,512,512,3067.09
52427,512,2048,512,2156.38
13107,512,512,512,1198.35
13107,512,512,512,873.8
13107,512,512,512,1476.85
13107,512,512,512,890.497
13107,512,512,512,875.624
13107,512,512,512,1657.8
13107,512,512,512,1559.2
13107,512,512,512,1255.76
52428,2048,512,512,2036.04
52428,512,2048,512,2467.2
13107,512,512,512,609.628
13107,512,512,512,873.8
13107,512,512,512,1003.41
13107,512,512,512,1318.94
13107,512,512,512,1252.01
13107,512,512,512,1644.8
13107,512,512,512,1718.95
13107,512,512,512,875.624
52428,2048,512,512,2504.02
52428,512,2048,512,3309.06
13107,512,512,512,964.193
13107,512,512,512,1270.98
13107,512,512,512,1684.43
13107,512,512,512,849.036
52428,2048,512,512,3012.02
52428,512,2048,512,3687.24
13107,512,512,512,681.99
13107,512,512,512,903.931
13107,512,512,512,932.053
13107,512,512,512,781.05
52428,2048,512,512,2470.83
52427,512,2048,512,3276.69
13107,512,512,512,961.982
13107,512,512,512,903.931
13107,512,512,512,890.497
13107,512,512,512,911.791
52427,2048,512,512,3017.38
52428,512,2048,512,2585.05
13107,512,512,512,1191.55
13107,512,512,512,970.889
13107,512,512,512,1010.66
13107,512,512,512,884.861
52428,2048,512,512,3141.75
52428,512,2048,512,2593.04
13107,512,512,512,970.889
13107,512,512,512,946.781
13107,512,512,512,1040.75
13107,512,512,512,925.881
52428,2048,512,512,4194.24
52428,512,2048,512,2496.57
13107,512,512,512,879.296
13107,512,512,512,894.294
13107,512,512,512,989.208
13107,512,512,512,1040.75
52428,2048,512,512,3153.56
52428,512,2048,512,2553.57
13107,512,512,512,970.889
13107,512,512,512,989.208
13107,512,512,512,951.075
13107,512,512,512,927.929
852171,33288,512,512,8029.88
5242,512,512,512,334.151
5242,512,512,512,369.48
5242,512,512,512,358.427
5242,512,512,512,371.938
20971,2048,512,512,1151.07
20971,512,2048,512,1037.21
5242,512,512,512,361.517
5242,512,512,512,397.498
5242,512,512,512,399.39
5242,512,512,512,363.082
5242,512,512,512,352.403
5242,512,512,512,368.668
5242,512,512,512,347.296
5242,512,512,512,352.403
20971,2048,512,512,1245.03
20971,512,2048,512,1060.15
5242,512,512,512,351.665
5242,512,512,512,413.163
5242,512,512,512,368.668
5242,512,512,512,135.715
5242,512,512,512,383.854
5242,512,512,512,673.671
5242,512,512,512,693.157
5242,512,512,512,681.886
20971,2048,512,512,1270.97
20971,512,2048,512,1026.1
5242,512,512,512,376.953
5242,512,512,512,348.74
5242,512,512,512,395.623
5242,512,512,512,356.902
5242,512,512,512,356.144
5242,512,512,512,345.864
5242,512,512,512,343.738
5242,512,512,512,390.102
20971,2048,512,512,1266.17
20971,512,2048,512,1055.14
5242,512,512,512,349.467
5242,512,512,512,401.301
5242,512,512,512,365.455
5242,512,512,512,396.558
5242,512,512,512,347.296
5242,512,512,512,381.236
5242,512,512,512,371.115
5242,512,512,512,371.938
20971,2048,512,512,1183.55
20971,512,2048,512,992.71
5242,512,512,512,409.132
5242,512,512,512,348.017
5242,512,512,512,361.517
5242,512,512,512,392.843
5242,512,512,512,353.89
5242,512,512,512,338.194
5242,512,512,512,372.764
5242,512,512,512,351.665
20971,2048,512,512,1242.73
20971,512,2048,512,1045.28
5242,512,512,512,387.4
5242,512,512,512,361.517
5242,512,512,512,381.236
5242,512,512,512,395.623
20971,2048,512,512,1198.34
20971,512,2048,512,1034.01
5242,512,512,512,373.595
5242,512,512,512,396.558
5242,512,512,512,348.017
5242,512,512,512,371.938
20971,2048,512,512,1235.86
20971,512,2048,512,1053.49
5242,512,512,512,382.105
5242,512,512,512,366.253
5242,512,512,512,348.74
5242,512,512,512,387.4
20971,2048,512,512,1247.35
20971,512,2048,512,1034.01
5242,512,512,512,362.298
5242,512,512,512,383.854
5242,512,512,512,360.74
5242,512,512,512,399.39
20971,2048,512,512,1175.26
20971,512,2048,512,1034.01
5242,512,512,512,353.89
5242,512,512,512,370.296
5242,512,512,512,375.266
5242,512,512,512,372.764
20970,2048,512,512,1240.37
20971,512,2048,512,1050.19
5242,512,512,512,380.372
5242,512,512,512,348.017
5242,512,512,512,347.296
5242,512,512,512,364.661
20971,2048,512,512,1245.03
20971,512,2048,512,1046.91
5242,512,512,512,379.511
5242,512,512,512,363.87
5242,512,512,512,340.943
5242,512,512,512,382.105
340867,33288,512,512,3163.5
131072,512,512,512,8081.51
131072,512,512,512,9510.89
131072,512,512,512,9467.95
131072,512,512,512,8701.88
524288,2048,512,512,30897.3
524288,512,2048,512,26337.9
131072,512,512,512,8943.08
131072,512,512,512,8630.26
131072,512,512,512,9986.44
131072,512,512,512,9709.04
131072,512,512,512,9425.4
131072,512,512,512,9020.01
131072,512,512,512,8830.11
131072,512,512,512,8774.69
524288,2048,512,512,30174.8
524288,512,2048,512,26886.6
131072,512,512,512,9576.04
131072,512,512,512,8701.88
131072,512,512,512,9039.45
131072,512,512,512,8456.26
131072,512,512,512,9118.05
131072,512,512,512,9137.92
131072,512,512,512,9177.91
131072,512,512,512,8886.24
524288,2048,512,512,30338.5
524288,512,2048,512,25153.2
131072,512,512,512,9078.58
131072,512,512,512,9098.27
131072,512,512,512,9137.92
131072,512,512,512,8439.24
131072,512,512,512,9118.05
131072,512,512,512,9137.92
131072,512,512,512,8981.38
131072,512,512,512,9258.95
524288,2048,512,512,31126.6
524288,512,2048,512,26886.6
131072,512,512,512,9078.58
131072,512,512,512,9098.27
131072,512,512,512,8830.11
131072,512,512,512,8886.24
131072,512,512,512,8630.26
131072,512,512,512,9258.95
131072,512,512,512,8738.13
131072,512,512,512,8630.26
524288,2048,512,512,30338.5
524288,512,2048,512,25850.9
131072,512,512,512,8905.1
131072,512,512,512,9986.44
131072,512,512,512,8774.69
131072,512,512,512,8439.24
131072,512,512,512,8811.56
131072,512,512,512,10305.4
131072,512,512,512,9078.58
131072,512,512,512,9962.72
524288,2048,512,512,30727.5
524288,512,2048,512,26672.8
131072,512,512,512,9576.04
131072,512,512,512,9822.73
131072,512,512,512,8594.89
131072,512,512,512,9078.58
524288,2048,512,512,30671.3
524288,512,2048,512,25811.1
131072,512,512,512,9078.58
131072,512,512,512,8924.05
131072,512,512,512,9664.3
131072,512,512,512,8774.69
524288,2048,512,512,28876.4
524288,512,2048,512,25890.8
131072,512,512,512,9177.91
131072,512,512,512,8490.49
131072,512,512,512,9362.29
131072,512,512,512,8774.69
524288,2048,512,512,31477
524288,512,2048,512,25930.8
131072,512,512,512,8701.88
131072,512,512,512,9619.96
131072,512,512,512,8848.74
131072,512,512,512,9619.96
524288,2048,512,512,29959.3
524288,512,2048,512,25850.9
131072,512,512,512,8630.26
131072,512,512,512,8738.13
131072,512,512,512,9218.25
131072,512,512,512,8774.69
524288,2048,512,512,29905.9
524288,512,2048,512,25653.2
131072,512,512,512,9320.68
131072,512,512,512,9383.23
131072,512,512,512,8630.26
131072,512,512,512,9532.51
524288,2048,512,512,30504
524288,512,2048,512,25497.3
131072,512,512,512,9532.51
131072,512,512,512,8886.24
131072,512,512,512,8774.69
131072,512,512,512,8525.01
8521728,33288,512,512,63432.3
104857,512,512,512,2084.11
104857,512,512,512,7540.28
104857,512,512,512,7839.78
104857,512,512,512,7139.2
419430,2048,512,512,23301.7
419430,512,2048,512,19565.2
104857,512,512,512,7625.96
104857,512,512,512,9505.45
104857,512,512,512,7215.97
104857,512,512,512,6819.97
104857,512,512,512,7019.72
104857,512,512,512,7078.95
104857,512,512,512,6889.99
104857,512,512,512,8046.58
419430,2048,512,512,24403.2
419431,512,2048,512,16714.6
104857,512,512,512,5785.21
104857,512,512,512,7643.33
104857,512,512,512,7294.4
104857,512,512,512,7358.39
104857,512,512,512,7139.2
104857,512,512,512,7506.54
104857,512,512,512,7247.14
104857,512,512,512,7326.25
419430,2048,512,512,20397.8
419430,512,2048,512,21372.2
104857,512,512,512,6806.13
104857,512,512,512,7625.96
104857,512,512,512,252.25
104857,512,512,512,6861.81
104857,512,512,512,7731.39
104857,512,512,512,7749.25
104857,512,512,512,7185.06
104857,512,512,512,6932.69
419430,2048,512,512,24403.2
419430,512,2048,512,20776.7
104857,512,512,512,6861.81
104857,512,512,512,6056.72
104857,512,512,512,7390.8
104857,512,512,512,7358.39
104857,512,512,512,7019.72
104857,512,512,512,7326.25
104857,512,512,512,7231.52
104857,512,512,512,6861.81
419430,2048,512,512,36771.9
419430,512,2048,512,21170
104857,512,512,512,7078.95
104857,512,512,512,7358.39
104857,512,512,512,8346.83
104857,512,512,512,4552.81
104857,512,512,512,6806.13
104857,512,512,512,7749.25
104857,512,512,512,8451.95
104857,512,512,512,7064.05
419430,2048,512,512,24183.4
419430,512,2048,512,12005.2
104857,512,512,512,14652.5
104857,512,512,512,7078.95
104857,512,512,512,10198.9
104857,512,512,512,7390.8
419430,2048,512,512,28375.8
419430,512,2048,512,21237
104857,512,512,512,7169.71
104857,512,512,512,6961.46
104857,512,512,512,240.549
104857,512,512,512,7078.95
419430,2048,512,512,25614
419430,512,2048,512,19913.6
104857,512,512,512,7278.58
104857,512,512,512,6875.87
104857,512,512,512,9044.27
104857,512,512,512,7456.5
419430,2048,512,512,35887.1
419430,512,2048,512,21270.6
104857,512,512,512,6792.36
104857,512,512,512,7643.33
104857,512,512,512,6904.16
104857,512,512,512,7078.95
419430,2048,512,512,24358.9
419430,512,2048,512,21440.5
104857,512,512,512,7169.71
104857,512,512,512,7064.05
104857,512,512,512,9320.62
104857,512,512,512,8264.59
419430,2048,512,512,32977.3
419430,512,2048,512,20680.7
104857,512,512,512,7767.19
104857,512,512,512,7326.25
104857,512,512,512,8008.17
104857,512,512,512,7262.82
419430,2048,512,512,23882.1
419430,512,2048,512,20585.5
104857,512,512,512,7591.46
104857,512,512,512,6847.8
104857,512,512,512,7643.33
104857,512,512,512,6889.99
6817382,33288,512,512,56312.9
78643,512,512,512,5231.97
78643,512,512,512,5411.99
78643,512,512,512,5298.05
78643,512,512,512,5377.3
314572,2048,512,512,17567.7
314572,512,2048,512,15510.5
78643,512,512,512,5977.62
78643,512,512,512,4983.32
78643,512,512,512,5435.37
78643,512,512,512,5907.46
78643,512,512,512,5785.23
78643,512,512,512,6338.98
78643,512,512,512,5156.92
78643,512,512,512,5242.87
314572,2048,512,512,18302.4
314572,512,2048,512,15582.5
78643,512,512,512,5706.52
78643,512,512,512,5811.95
78643,512,512,512,5242.87
78643,512,512,512,5693.61
78643,512,512,512,5706.52
78643,512,512,512,5706.52
78643,512,512,512,5388.81
78643,512,512,512,5470.82
314572,2048,512,512,18137.5
314572,512,2048,512,17691.2
78643,512,512,512,5365.83
78643,512,512,512,5470.82
78643,512,512,512,5592.39
78643,512,512,512,5530.94
78643,512,512,512,6229.15
78643,512,512,512,5506.73
78643,512,512,512,5242.87
78643,512,512,512,5146.37
314572,2048,512,512,17355.7
314572,512,2048,512,15753.2
78643,512,512,512,5693.61
78643,512,512,512,5518.81
78643,512,512,512,6213.77
78643,512,512,512,5365.83
78643,512,512,512,5604.85
78643,512,512,512,5706.52
78643,512,512,512,5365.83
78643,512,512,512,6168.08
314572,2048,512,512,18436.5
314572,512,2048,512,15582.5
78643,512,512,512,5693.61
78643,512,512,512,5423.66
78643,512,512,512,5400.38
78643,512,512,512,5798.56
78643,512,512,512,5178.14
78643,512,512,512,5785.23
78643,512,512,512,5411.99
78643,512,512,512,5555.36
314572,2048,512,512,18710.6
314572,512,2048,512,15704.1
78643,512,512,512,5706.52
78643,512,512,512,5377.3
78643,512,512,512,5506.73
78643,512,512,512,5798.56
314572,2048,512,512,17879.8
314572,512,2048,512,16003.7
78643,512,512,512,5320.46
78643,512,512,512,5104.62
78643,512,512,512,5798.56
78643,512,512,512,5680.76
314572,2048,512,512,18993
314572,512,2048,512,15069.3
78643,512,512,512,5629.92
78643,512,512,512,5298.05
78643,512,512,512,5518.81
78643,512,512,512,5506.73
314572,2048,512,512,18040
314572,512,2048,512,15582.5
78643,512,512,512,6020.52
78643,512,512,512,6260.14
78643,512,512,512,5629.92
78643,512,512,512,6275.75
314572,2048,512,512,18104.9
314572,512,2048,512,15558.4
78643,512,512,512,5518.81
78643,512,512,512,6153
78643,512,512,512,5470.82
78643,512,512,512,5655.23
314572,2048,512,512,17691.2
314572,512,2048,512,16003.7
78643,512,512,512,5435.37
78643,512,512,512,5231.97
78643,512,512,512,5447.13
78643,512,512,512,5242.87
314572,2048,512,512,28118.2
314572,512,2048,512,15753.2
78643,512,512,512,5543.12
78643,512,512,512,5365.83
78643,512,512,512,5253.81
78643,512,512,512,5411.99
5113038,33288,512,512,47057
52428,512,512,512,3375.65
52428,512,512,512,3600.21
52428,512,512,512,3856.77
52428,512,512,512,3561.99
209715,2048,512,512,11650.8
209715,512,2048,512,10618.5
52428,512,512,512,3778.59
52428,512,512,512,3623.53
52428,512,512,512,3647.17
52428,512,512,512,3655.11
52428,512,512,512,4032.92
52428,512,512,512,3452.05
52428,512,512,512,3901.62
52428,512,512,512,3480.7
209715,2048,512,512,12336.2
209715,512,2048,512,10198.9
52428,512,512,512,3473.49
52428,512,512,512,3473.49
52428,512,512,512,3770.1
52428,512,512,512,3584.82
52428,512,512,512,3554.44
52428,512,512,512,4091.94
52428,512,512,512,3554.44
52428,512,512,512,3569.57
209715,2048,512,512,12520.3
209715,512,2048,512,10601.7
52428,512,512,512,3695.37
52428,512,512,512,3695.37
52428,512,512,512,3509.82
52428,512,512,512,3663.09
52428,512,512,512,4152.71
52428,512,512,512,2097.12
52428,512,512,512,3382.45
52428,512,512,512,3947.52
209715,2048,512,512,12246.1
209715,512,2048,512,10568.3
52428,512,512,512,3761.65
52428,512,512,512,3671.11
52428,512,512,512,3679.16
52428,512,512,512,3919.85
52428,512,512,512,3444.96
52428,512,512,512,3663.09
52428,512,512,512,3409.95
52428,512,512,512,3647.17
209715,2048,512,512,16131.9
209715,512,2048,512,10453.1
52428,512,512,512,3804.3
52428,512,512,512,3711.72
52428,512,512,512,3728.21
52428,512,512,512,3539.44
52428,512,512,512,3444.96
52428,512,512,512,3607.95
52428,512,512,512,3703.52
52428,512,512,512,3561.99
209715,2048,512,512,12450.6
209715,512,2048,512,10669.1
52428,512,512,512,3459.17
52428,512,512,512,3631.38
52428,512,512,512,3600.21
52428,512,512,512,3711.72
209716,2048,512,512,11452.1
209715,512,2048,512,10601.7
52428,512,512,512,3639.25
52428,512,512,512,3821.63
52428,512,512,512,3502.5
52428,512,512,512,3883.56
209715,2048,512,512,11898.7
209715,512,2048,512,10404.5
52428,512,512,512,3655.11
52428,512,512,512,3546.93
52428,512,512,512,3375.65
52428,512,512,512,3753.23
209715,2048,512,512,12091.7
209715,512,2048,512,10502.2
52428,512,512,512,3452.05
52428,512,512,512,3437.9
52428,512,512,512,3423.87
52428,512,512,512,3655.11
209715,2048,512,512,12291
209715,512,2048,512,11570.5
52428,512,512,512,4013.63
52428,512,512,512,3892.57
52428,512,512,512,3687.24
52428,512,512,512,3736.52
209715,2048,512,512,17251.6
209715,512,2048,512,10568.3
52428,512,512,512,3592.5
52429,512,512,512,3874.66
52428,512,512,512,3409.95
52428,512,512,512,3687.24
209715,2048,512,512,11962.4
209715,512,2048,512,10876.6
52428,512,512,512,4042.64
52428,512,512,512,3975.58
52428,512,512,512,3812.95
52428,512,512,512,3994.51
3408692,33288,512,512,29126.3
26214,512,512,512,1638.38
26214,512,512,512,1868.26
26214,512,512,512,1864.11
26214,512,512,512,1831.55
104857,2048,512,512,6271.82
104857,512,2048,512,5309.22
26214,512,512,512,1726.02
26214,512,512,512,1851.76
26214,512,512,512,1815.69
26214,512,512,512,2040.99
26214,512,512,512,1769.72
26214,512,512,512,1831.55
26214,512,512,512,1823.58
26214,512,512,512,1708.45
104857,2048,512,512,6089.7
104857,512,2048,512,5146.36
26214,512,512,512,1987.79
26214,512,512,512,1897.85
26214,512,512,512,1923.96
26214,512,512,512,1796.25
26214,512,512,512,2006.81
26214,512,512,512,1851.76
26214,512,512,512,1997.26
26214,512,512,512,1747.6
104857,2048,512,512,9192.94
104857,512,2048,512,5275.82
26214,512,512,512,1792.41
26214,512,512,512,1902.15
26214,512,512,512,1819.63
26214,512,512,512,1800.1
26214,512,512,512,1906.47
26214,512,512,512,1792.41
26214,512,512,512,1740.35
26214,512,512,512,2066.13
104857,2048,512,512,6034.94
104857,512,2048,512,5334.54
26214,512,512,512,1937.29
26214,512,512,512,1889.3
26214,512,512,512,1868.26
26214,512,512,512,1815.69
26214,512,512,512,1880.83
26214,512,512,512,1847.68
26214,512,512,512,1864.11
26214,512,512,512,1743.97
104857,2048,512,512,6213.75
104857,512,2048,512,5300.83
26214,512,512,512,1811.77
26214,512,512,512,1851.76
26214,512,512,512,1803.97
26214,512,512,512,1851.76
26214,512,512,512,1758.59
26214,512,512,512,1839.58
26214,512,512,512,1701.52
26214,512,512,512,1740.35
104857,2048,512,512,6134.23
104857,512,2048,512,5210.29
26214,512,512,512,1780.99
26214,512,512,512,1872.43
26214,512,512,512,1708.45
26214,512,512,512,1671.01
104857,2048,512,512,5928.31
104857,512,2048,512,5170.14
26214,512,512,512,1792.41
26214,512,512,512,1815.69
26214,512,512,512,1754.91
26214,512,512,512,1747.6
104857,2048,512,512,6319.07
104857,512,2048,512,5275.82
26214,512,512,512,1819.63
26214,512,512,512,1937.29
26214,512,512,512,1751.25
26214,512,512,512,1788.59
104857,2048,512,512,6024.1
104857,512,2048,512,5309.22
26214,512,512,512,1796.25
26214,512,512,512,1851.76
26214,512,512,512,1807.86
26214,512,512,512,1969.13
104857,2048,512,512,6225.28
104857,512,2048,512,5099.43
26214,512,512,512,1726.02
26214,512,512,512,1885.05
26214,512,512,512,1747.6
26214,512,512,512,1747.6
104857,2048,512,512,6168.06
104857,512,2048,512,5275.82
26214,512,512,512,1839.58
26214,512,512,512,1872.43
26214,512,512,512,1777.22
26214,512,512,512,1872.43
104857,2048,512,512,5907.44
104857,512,2048,512,5326.07
26214,512,512,512,1780.99
26214,512,512,512,1864.11
26214,512,512,512,1893.56
26214,512,512,512,1897.85
1704346,33288,512,512,16270.6
13107,512,512,512,852.488
13107,512,512,512,951.075
13107,512,512,512,879.296
13107,512,512,512,936.214
52428,2048,512,512,3028.33
52428,512,2048,512,2557.46
13107,512,512,512,911.791
13107,512,512,512,875.624
13107,512,512,512,898.124
13107,512,512,512,966.415
13107,512,512,512,903.931
13107,512,512,512,868.373
13107,512,512,512,884.861
13107,512,512,512,921.811
52428,2048,512,512,4546.6
52428,512,2048,512,2577.11
13107,512,512,512,1456.33
13107,512,512,512,1028
13107,512,512,512,970.889
13107,512,512,512,1003.41
13107,512,512,512,961.982
13107,512,512,512,873.8
13107,512,512,512,989.208
13107,512,512,512,913.778
52428,2048,512,512,3232.55
52428,512,2048,512,2569.21
13107,512,512,512,936.214
13107,512,512,512,940.413
13107,512,512,512,850.759
13107,512,512,512,984.563
13107,512,512,512,892.391
13107,512,512,512,915.773
13107,512,512,512,903.931
13107,512,512,512,925.881
52428,2048,512,512,3124.2
52428,512,2048,512,2569.21
13107,512,512,512,934.129
13107,512,512,512,1043.34
13107,512,512,512,864.792
13107,512,512,512,938.309
13107,512,512,512,877.456
13107,512,512,512,986.88
13107,512,512,512,859.475
13107,512,512,512,973.142
52428,2048,512,512,3039.3
52428,512,2048,512,2609.17
13107,512,512,512,882.998
13107,512,512,512,890.497
13107,512,512,512,911.791
13107,512,512,512,864.792
13107,512,512,512,934.129
13107,512,512,512,951.075
13107,512,512,512,927.929
13107,512,512,512,942.526
52428,2048,512,512,3044.82
52428,512,2048,512,2667.24
13107,512,512,512,894.294
13107,512,512,512,881.143
13107,512,512,512,989.208
13107,512,512,512,882.998
52428,2048,512,512,3022.88
52428,512,2048,512,2534.28
13107,512,512,512,909.813
13107,512,512,512,929.987
13107,512,512,512,948.923
13107,512,512,512,861.24
52428,2048,512,512,3017.44
52428,512,2048,512,2605.12
13107,512,512,512,913.778
13107,512,512,512,959.78
13107,512,512,512,940.413
13107,512,512,512,881.143
52428,2048,512,512,3101.1
52428,512,2048,512,2545.82
13107,512,512,512,898.124
13107,512,512,512,1370.67
13107,512,512,512,871.983
13107,512,512,512,961.982
52428,2048,512,512,3050.36
52428,512,2048,512,2573.15
13107,512,512,512,964.193
13107,512,512,512,927.929
13107,512,512,512,881.143
13107,512,512,512,886.732
52428,2048,512,512,3183.48
52428,512,2048,512,2549.69
13107,512,512,512,911.791
13107,512,512,512,888.61
13107,512,512,512,855.967
13107,512,512,512,873.8
52428,2048,512,512,2862.96
52428,512,2048,512,2601.08
13107,512,512,512,894.294
13107,512,512,512,1022.99
13107,512,512,512,915.773
13107,512,512,512,940.413
852173,33288,512,512,7551.8
5242,512,512,512,374.429
5242,512,512,512,332.825
5242,512,512,512,409.132
5242,512,512,512,340.943
20971,2048,512,512,1181.46
20971,512,2048,512,1001.6
5242,512,512,512,350.929
5242,512,512,512,385.618
5242,512,512,512,386.507
5242,512,512,512,383.854
5242,512,512,512,364.661
5242,512,512,512,383.854
5242,512,512,512,354.638
5242,512,512,512,388.296
20971,2048,512,512,1167.08
20971,512,2048,512,1072
5242,512,512,512,370.296
5242,512,512,512,344.444
5242,512,512,512,388.296
5242,512,512,512,353.145
5242,512,512,512,394.692
5242,512,512,512,345.864
5242,512,512,512,353.145
5242,512,512,512,397.498
20971,2048,512,512,1141.28
20971,512,2048,512,1084.12
5242,512,512,512,366.253
5242,512,512,512,372.764
5242,512,512,512,360.74
5242,512,512,512,370.296
5242,512,512,512,385.618
5242,512,512,512,357.663
5242,512,512,512,348.017
5242,512,512,512,371.938
20971,2048,512,512,1191.96
20971,512,2048,512,1038.81
5242,512,512,512,370.296
5242,512,512,512,358.427
5242,512,512,512,391.012
5242,512,512,512,398.442
5242,512,512,512,343.738
5242,512,512,512,354.638
5242,512,512,512,385.618
5242,512,512,512,382.977
20971,2048,512,512,1247.35
20971,512,2048,512,1042.04
5242,512,512,512,361.517
5242,512,512,512,362.298
5242,512,512,512,379.511
5242,512,512,512,350.929
5242,512,512,512,360.74
5242,512,512,512,382.105
5242,512,512,512,347.296
5242,512,512,512,385.618
20971,2048,512,512,1238.14
20971,512,2048,512,1029.25
5242,512,512,512,356.902
5242,512,512,512,348.74
5242,512,512,512,412.147
5242,512,512,512,188.265
20971,2048,512,512,946.505
20971,512,2048,512,962.801
5242,512,512,512,350.929
5242,512,512,512,358.427
5242,512,512,512,347.296
5242,512,512,512,347.296
20971,2048,512,512,1157.02
20971,512,2048,512,1037.21
5242,512,512,512,395.623
5242,512,512,512,372.764
5242,512,512,512,379.511
5242,512,512,512,340.252
20971,2048,512,512,1240.43
20971,512,2048,512,1045.28
5242,512,512,512,351.665
5242,512,512,512,359.966
5242,512,512,512,377.802
5242,512,512,512,378.655
20971,2048,512,512,1231.32
20971,512,2048,512,1060.15
5242,512,512,512,381.236
5242,512,512,512,387.4
5242,512,512,512,376.108
5242,512,512,512,374.429
20971,2048,512,512,1238.14
20971,512,2048,512,1266.17
5242,512,512,512,371.938
5242,512,512,512,348.017
5242,512,512,512,358.427
5242,512,512,512,360.74
20971,2048,512,512,1275.8
20971,512,2048,512,1050.19
5242,512,512,512,353.145
5242,512,512,512,390.102
5242,512,512,512,405.179
5242,512,512,512,354.638
340868,33288,512,512,3410.81
144656,512,512,512,8493.56
145219,512,512,512,9641.1
143086,512,512,512,10382.7
134140,512,512,512,8942.67
617373,2048,512,512,37205.2
511909,512,2048,512,25515.7
152784,512,512,512,10937.6
177501,512,512,512,12456.2
138819,512,512,512,9293.32
175788,512,512,512,13720
148318,512,512,512,10454.1
146820,512,512,512,11375.9
139898,512,512,512,9268.6
135158,512,512,512,9202.25
605239,2048,512,512,36337.1
498916,512,2048,512,24374.5
135302,512,512,512,9557.76
167130,512,512,512,10892.4
127129,512,512,512,8882.38
160282,512,512,512,10959.5
137228,512,512,512,9845.96
141001,512,512,512,10004.5
127709,512,512,512,8549.56
127997,512,512,512,8696.19
614701,2048,512,512,35442.2
495116,512,2048,512,29394.6
141404,512,512,512,10237.4
162547,512,512,512,10904.6
133241,512,512,512,9756.78
157924,512,512,512,10821.3
140148,512,512,512,9208.9
155781,512,512,512,10299.6
131610,512,512,512,9338.18
141524,512,512,512,10532
622718,2048,512,512,35775.5
500156,512,2048,512,25940
145809,512,512,512,10077.5
161899,512,512,512,11882.5
134961,512,512,512,9793.09
157923,512,512,512,11356.3
144846,512,512,512,9758.05
169827,512,512,512,12464.4
137419,512,512,512,9085.55
157723,512,512,512,11141.6
638805,2048,512,512,37370.7
520728,512,2048,512,33937.5
138115,512,512,512,10136.9
151839,512,512,512,10186.3
128572,512,512,512,9795.96
149774,512,512,512,10197.4
147527,512,512,512,9855.67
166724,512,512,512,11989.1
145068,512,512,512,9983.17
157919,512,512,512,11356
662743,2048,512,512,38350.4
529525,512,2048,512,24882.2
123866,512,512,512,8749.92
147677,512,512,512,10764.6
110753,512,512,512,8110.06
145625,512,512,512,10174.7
485342,2048,512,512,29084.2
372276,512,2048,512,18384
137762,512,512,512,9710.1
152588,512,512,512,10778.8
124825,512,512,512,9182.53
152847,512,512,512,10043.3
472169,2048,512,512,26837.3
364688,512,2048,512,23816.4
105892,512,512,512,7563.71
152424,512,512,512,10077.6
96613,512,512,512,6720.9
141359,512,512,512,9346.05
498329,2048,512,512,27927.4
374306,512,2048,512,18744.6
111037,512,512,512,8541.31
141993,512,512,512,9349.33
105115,512,512,512,7541.88
131116,512,512,512,8741.07
521358,2048,512,512,31597.5
382228,512,2048,512,18875.5
112897,512,512,512,8046.11
135583,512,512,512,9057.74
105657,512,512,512,7163.19
124591,512,512,512,8999.8
524195,2048,512,512,29847.4
379576,512,2048,512,19188.7
123414,512,512,512,9162.99
142424,512,512,512,9554.65
114404,512,512,512,8358.28
133618,512,512,512,9695.64
518126,2048,512,512,30422.1
360766,512,2048,512,18500.8
127963,512,512,512,8863.24
137811,512,512,512,9545.35
119801,512,512,512,7937.13
131226,512,512,512,9543.71
8449349,33288,512,512,78530.1
110054,512,512,512,7071.74
100849,512,512,512,7401.76
69340,512,512,512,4593.95
69926,512,512,512,5028.39
520881,2048,512,512,29038.7
420270,512,2048,512,20883
176573,512,512,512,11626.2
164906,512,512,512,11180.1
119346,512,512,512,8248.54
163179,512,512,512,11278
131179,512,512,512,8988.71
106332,512,512,512,7680.87
80702,512,512,512,5638.57
75910,512,512,512,5292.2
434108,2048,512,512,25165.7
364167,512,2048,512,17928.2
115824,512,512,512,8218.11
118372,512,512,512,8788.64
73184,512,512,512,5346.78
95756,512,512,512,6690.38
132447,512,512,512,9173.82
106685,512,512,512,7741.31
85843,512,512,512,6300.4
78662,512,512,512,5277.12
451905,2048,512,512,26150
377715,512,2048,512,18369.1
131164,512,512,512,9285.95
130939,512,512,512,8972.27
81929,512,512,512,5813.14
114764,512,512,512,7715.23
133557,512,512,512,9132.1
114906,512,512,512,7708.58
86931,512,512,512,5819.65
87415,512,512,512,5964.35
480220,2048,512,512,28885.4
389027,512,2048,512,19390.8
144587,512,512,512,10080.1
131025,512,512,512,8716.84
92656,512,512,512,6335.45
115987,512,512,512,7732.47
144703,512,512,512,10312.9
128707,512,512,512,8562.63
97146,512,512,512,7196
100981,512,512,512,6904.68
519534,2048,512,512,31017
435213,512,2048,512,21458.9
151362,512,512,512,11784.9
131393,512,512,512,8669.23
95590,512,512,512,7015.78
119793,512,512,512,7953.06
145197,512,512,512,10681.2
145080,512,512,512,10456.2
101998,512,512,512,6900.5
112628,512,512,512,8877.08
562881,2048,512,512,33294.3
463789,512,2048,512,23081.3
130724,512,512,512,8625.09
106538,512,512,512,7395.26
68242,512,512,512,4874.43
94758,512,512,512,6753.35
464225,2048,512,512,25745.6
348379,512,2048,512,16614.2
157973,512,512,512,11309
128921,512,512,512,8758.96
96673,512,512,512,6710.49
122165,512,512,512,8554.22
225571,2048,512,512,12510
205326,512,2048,512,10218.4
65235,512,512,512,4888.81
83880,512,512,512,5822.47
37002,512,512,512,2482.31
58084,512,512,512,4040.63
281342,2048,512,512,16859.4
253598,512,2048,512,12640.4
84469,512,512,512,5850.67
98998,512,512,512,6842.19
45258,512,512,512,3094.56
74105,512,512,512,5200.35
291371,2048,512,512,16709.4
256402,512,2048,512,13106.8
109587,512,512,512,7741.25
99608,512,512,512,6810.8
60842,512,512,512,4307.4
76770,512,512,512,5739.81
301623,2048,512,512,16815.2
236448,512,2048,512,11481.5
116101,512,512,512,7821.54
93737,512,512,512,6563.64
69341,512,512,512,4898.26
72872,512,512,512,5080.4
266304,2048,512,512,15382.2
179846,512,2048,512,9063.11
118976,512,512,512,8813.04
87654,512,512,512,6110.95
69802,512,512,512,4530.76
68146,512,512,512,4978.7
8099792,33288,512,512,74545.1
69048,512,512,512,4129.97
70699,512,512,512,4961.33
55824,512,512,512,3817.03
51977,512,512,512,1415.54
440834,2048,512,512,21973
349724,512,2048,512,17243.7
142988,512,512,512,10375.5
140146,512,512,512,9965.94
102718,512,512,512,7573.68
144324,512,512,512,10496.3
90907,512,512,512,6976.08
79001,512,512,512,5745.53
71333,512,512,512,4951.53
59864,512,512,512,4373.63
350127,2048,512,512,20864.2
278118,512,2048,512,14126.6
77453,512,512,512,5228.89
97490,512,512,512,7608.98
58782,512,512,512,4198.71
79224,512,512,512,5965.1
72798,512,512,512,5838.44
80140,512,512,512,5895.36
60387,512,512,512,4313.36
59524,512,512,512,3984.87
377531,2048,512,512,22455.4
301616,512,2048,512,14690.6
85602,512,512,512,5683.12
106244,512,512,512,7082.93
64319,512,512,512,4235
92139,512,512,512,6716.28
80374,512,512,512,5753.84
91729,512,512,512,6339.8
68532,512,512,512,4716.18
70060,512,512,512,4680.42
413100,2048,512,512,24708.8
326865,512,2048,512,16116.6
100219,512,512,512,6881.99
112406,512,512,512,8288
76218,512,512,512,5493.19
99957,512,512,512,6893.59
89251,512,512,512,6641.94
113306,512,512,512,8335.15
75834,512,512,512,5750.45
88878,512,512,512,6820.37
454699,2048,512,512,11955.9
370593,512,2048,512,18913.8
99341,512,512,512,7479.79
113026,512,512,512,7630.45
75788,512,512,512,5499.36
103039,512,512,512,7376.39
95971,512,512,512,6720.07
126777,512,512,512,9943.29
84980,512,512,512,6398.49
99415,512,512,512,7665.74
483495,2048,512,512,28233.3
392291,512,2048,512,19342.5
78700,512,512,512,5451.08
89338,512,512,512,5918.87
60344,512,512,512,4349.12
81600,512,512,512,5854.71
377485,2048,512,512,22494.5
263284,512,2048,512,12765.3
125652,512,512,512,10002.1
98723,512,512,512,6567.85
91651,512,512,512,6417.58
101724,512,512,512,6985.34
139876,2048,512,512,8461.31
104165,512,2048,512,5183.95
40729,512,512,512,2802.86
59136,512,512,512,4538.01
32292,512,512,512,1635.04
38547,512,512,512,4744.25
194581,2048,512,512,11158.8
150283,512,2048,512,7537.71
42786,512,512,512,3422.88
66156,512,512,512,4612.18
33491,512,512,512,2458.06
47033,512,512,512,3293.34
247017,2048,512,512,14345.8
179358,512,2048,512,8802.85
55210,512,512,512,3917.34
68722,512,512,512,4822.6
40973,512,512,512,3167
52095,512,512,512,3737.76
248270,2048,512,512,14604.1
172574,512,2048,512,8696.64
71451,512,512,512,4704.59
73260,512,512,512,5788.44
54975,512,512,512,3962.16
59423,512,512,512,4311.87
222621,2048,512,512,13047.4
136351,512,2048,512,6925.76
74612,512,512,512,4974.13
68003,512,512,512,4857.36
58713,512,512,512,4299.35
55485,512,512,512,3980.99
5628498,33288,512,512,49318.7
55839,512,512,512,5302.22
47152,512,512,512,3525.38
40749,512,512,512,3053.79
31688,512,512,512,2304.58
246942,2048,512,512,12954.3
187181,512,2048,512,9186.8
108105,512,512,512,8139.67
107497,512,512,512,7257.18
65349,512,512,512,5038.96
112066,512,512,512,7378.83
53552,512,512,512,3766.29
46022,512,512,512,3548.68
38979,512,512,512,2620.44
28332,512,512,512,1966.65
181465,2048,512,512,10500.7
138731,512,2048,512,6925.73
44787,512,512,512,3122.41
56702,512,512,512,4114.43
30654,512,512,512,2219.29
40235,512,512,512,2994.23
49209,512,512,512,3350.4
55295,512,512,512,3923.37
37240,512,512,512,1184.57
33400,512,512,512,3973.23
209478,2048,512,512,11597.4
170877,512,2048,512,8693.27
59402,512,512,512,4150.36
78627,512,512,512,5198.48
40400,512,512,512,2931.52
58892,512,512,512,4225.44
51857,512,512,512,3523.19
60576,512,512,512,4089.52
42887,512,512,512,3140.47
40323,512,512,512,2823.49
249613,2048,512,512,15214.5
196462,512,2048,512,9539.88
65126,512,512,512,4323.72
73887,512,512,512,5009.29
44367,512,512,512,3093.12
60688,512,512,512,4569.45
60021,512,512,512,4306.44
83964,512,512,512,6205.19
47934,512,512,512,3534.3
56646,512,512,512,4019.23
302452,2048,512,512,17824.1
246814,512,2048,512,12302.3
65341,512,512,512,4585.33
81599,512,512,512,5428.62
45839,512,512,512,3274.21
66444,512,512,512,4504.68
63673,512,512,512,4391.24
94580,512,512,512,6816.58
54191,512,512,512,3697.47
65642,512,512,512,4616.58
343356,2048,512,512,19585.4
257197,512,2048,512,13043.3
41783,512,512,512,2919.34
52641,512,512,512,3630.41
29547,512,512,512,2158.68
42360,512,512,512,2998.94
216719,2048,512,512,12450.6
149618,512,2048,512,7298.44
81604,512,512,512,2728.66
64242,512,512,512,5204.42
43030,512,512,512,3026.29
61783,512,512,512,4513.83
48481,2048,512,512,2688.72
38360,512,2048,512,1930.06
18164,512,512,512,1330.09
29508,512,512,512,1927.05
13422,512,512,512,885.575
18682,512,512,512,1346.45
101911,2048,512,512,5802.76
82333,512,2048,512,4181.99
19741,512,512,512,1376.28
38241,512,512,512,3066.95
15129,512,512,512,1071.08
25640,512,512,512,2015.92
114133,2048,512,512,6430.03
85304,512,2048,512,4292.03
36347,512,512,512,2679.96
44755,512,512,512,2996.15
25265,512,512,512,1616.96
30012,512,512,512,2342.4
115983,2048,512,512,6772.73
83975,512,2048,512,4192.2
48912,512,512,512,3409.99
44247,512,512,512,2987.14
33185,512,512,512,2565.02
27808,512,512,512,1830.98
83494,2048,512,512,5441.56
48292,512,2048,512,2341.43
42541,512,512,512,2818.45
43863,512,512,512,3064.66
30263,512,512,512,2161.64
31688,512,512,512,2065.21
4570384,33288,512,512,35403.6
34247,512,512,512,2079.51
19404,512,512,512,1518.16
16396,512,512,512,1133.2
11969,512,512,512,832.626
104673,2048,512,512,8932.1
81975,512,2048,512,4701.08
97078,512,512,512,6623.66
69893,512,512,512,4748.57
25760,512,512,512,1728.13
69617,512,512,512,4670.32
48869,512,512,512,3348.63
21820,512,512,512,1517.91
15338,512,512,512,1160.32
10662,512,512,512,759.875
41663,2048,512,512,3545.79
36012,512,2048,512,1809.08
42364,512,512,512,3116.43
32657,512,512,512,2286.7
13187,512,512,512,1047.11
17178,512,512,512,1174.56
50871,512,512,512,3742.23
27364,512,512,512,1985.6
15168,512,512,512,1052.88
13381,512,512,512,936.963
52212,2048,512,512,3082.63
48390,512,2048,512,2393.32
55223,512,512,512,4007.11
42626,512,512,512,2806.65
15872,512,512,512,1241.82
24727,512,512,512,1720.14
54011,512,512,512,4019.42
38147,512,512,512,2688.78
17464,512,512,512,1135.87
16461,512,512,512,1173.17
72869,2048,512,512,4358.52
71587,512,2048,512,3641.95
66349,512,512,512,4404.91
49036,512,512,512,3574.38
18628,512,512,512,1231.6
30148,512,512,512,1989.15
63533,512,512,512,4372.16
47347,512,512,512,3156.47
19514,512,512,512,1363.42
23243,512,512,512,1641.89
100398,2048,512,512,5747.29
85572,512,2048,512,4265.27
58607,512,512,512,3899.01
37223,512,512,512,2518.26
14595,512,512,512,968.963
23119,512,512,512,1629.53
70285,512,512,512,5218.38
56422,512,512,512,3817.13
21842,512,512,512,1713.1
27155,512,512,512,1825.55
130289,2048,512,512,7622.03
90678,512,2048,512,5403.53
48564,512,512,512,3363.74
26377,512,512,512,2048.7
9201,512,512,512,691.155
16237,512,512,512,1127.08
58872,2048,512,512,5147.28
55804,512,2048,512,2764.28
69433,512,512,512,4883.2
57004,512,512,512,3982.81
12532,512,512,512,866.143
53312,512,512,512,3569
19051,2048,512,512,1102.41
20119,512,2048,512,1001.26
10834,512,512,512,795.156
21594,512,512,512,1427.7
3649,512,512,512,272.822
14972,512,512,512,1086.4
19537,2048,512,512,1124.43
20744,512,2048,512,976.188
32975,512,512,512,2376.58
19159,512,512,512,1301.67
8520,512,512,512,591.41
9463,512,512,512,740.381
21054,2048,512,512,1224.96
21606,512,2048,512,1057.17
19284,512,512,512,1312.95
16852,512,512,512,1180.01
5429,512,512,512,398.459
8863,512,512,512,582.374
20900,2048,512,512,1131.64
18007,512,2048,512,908.871
29744,512,512,512,2143.71
15941,512,512,512,1113.78
7369,512,512,512,491.267
9554,512,512,512,712.653
16100,2048,512,512,957.621
9871,512,2048,512,511.12
32053,512,512,512,2210.55
18132,512,512,512,1362.03
7471,512,512,512,526.59
12811,512,512,512,843.523
2802367,33288,512,512,22268.6
17538,512,512,512,1102.59
9689,512,512,512,727.812
9630,512,512,512,669.913
5732,512,512,512,378.975
49727,2048,512,512,2909.08
41575,512,2048,512,2056.26
60339,512,512,512,4309.93
33846,512,512,512,2359.63
10762,512,512,512,755.228
34845,512,512,512,2557.43
27165,512,512,512,1906.32
12022,512,512,512,845.503
7018,512,512,512,547.746
4981,512,512,512,348.779
18329,2048,512,512,1589.51
18724,512,2048,512,1285.77
20384,512,512,512,1387.85
20795,512,512,512,1431.05
5704,512,512,512,370.239
9461,512,512,512,663.93
21954,512,512,512,1510.81
12498,512,512,512,843.747
5460,512,512,512,351.549
4860,512,512,512,328.795
19355,2048,512,512,1088.51
20125,512,2048,512,983.206
29397,512,512,512,2045.01
26491,512,512,512,1863.1
6978,512,512,512,501.789
12252,512,512,512,810.05
23425,512,512,512,1584.78
20550,512,512,512,1399.15
6200,512,512,512,466.824
7340,512,512,512,493.445
25190,2048,512,512,1492.74
29575,512,2048,512,1451.53
33448,512,512,512,2449.28
35320,512,512,512,2316.07
8490,512,512,512,599.735
16466,512,512,512,1118.71
25495,512,512,512,1754.49
36244,512,512,512,2554.64
7017,512,512,512,518.577
11888,512,512,512,872.514
33082,2048,512,512,1942.43
44738,512,2048,512,2283.28
25079,512,512,512,1763.8
31458,512,512,512,2178.91
6391,512,512,512,496.388
14370,512,512,512,1135.41
44130,512,512,512,3124.25
37424,512,512,512,2703.31
10100,512,512,512,721.429
15476,512,512,512,1143.72
42127,2048,512,512,2572.64
29857,512,2048,512,1488.2
18768,512,512,512,1311.3
14559,512,512,512,1026.19
3701,512,512,512,252.52
9011,512,512,512,592.099
26707,2048,512,512,1542.64
26895,512,2048,512,1372.63
46041,512,512,512,3593.44
39819,512,512,512,2671.3
5371,512,512,512,413.154
35052,512,512,512,2543.46
3789,2048,512,512,221.66
3298,512,2048,512,163.116
10357,512,512,512,816.315
5954,512,512,512,459.104
2109,512,512,512,152.343
2920,512,512,512,191.869
3678,2048,512,512,211.683
3035,512,2048,512,153.428
3920,512,512,512,286.393
6539,512,512,512,441.451
1294,512,512,512,91.207
3906,512,512,512,282.787
6591,2048,512,512,386.286
6228,512,2048,512,304.734
10973,512,512,512,810.938
10235,512,512,512,744.364
2888,512,512,512,202.667
6614,512,512,512,479.927
5856,2048,512,512,332.845
5056,512,2048,512,251.23
21060,512,512,512,1560
9576,512,512,512,677.947
4067,512,512,512,320.552
4228,512,512,512,320.607
4933,2048,512,512,287.011
2797,512,2048,512,186.079
16062,512,512,512,1278.57
8583,512,512,512,647.774
3442,512,512,512,230.91
6578,512,512,512,450.741
1362291,33288,512,512,12146.4
0,512,512,512,0
929,512,512,512,67.4104
0,512,512,512,0
246,512,512,512,16.332
14047,2048,512,512,799.829
20596,512,2048,512,1000.11
22905,512,512,512,1774.72
27236,512,512,512,2045.9
5473,512,512,512,363.353
25435,512,512,512,1742.87
0,512,512,512,0
77,512,512,512,5.92308
0,512,512,512,0
19,512,512,512,1.31317
1932,2048,512,512,114.066
1833,512,2048,512,89.9632
8299,512,512,512,546.436
20258,512,512,512,1543.47
4656,512,512,512,321.797
6968,512,512,512,498.828
39,512,512,512,2.76106
6,512,512,512,0.435374
8,512,512,512,0.619855
20,512,512,512,1.60401
1005,2048,512,512,59.2265
960,512,2048,512,47.1166
15889,512,512,512,1054.87
26465,512,512,512,1841.04
4629,512,512,512,307.958
9380,512,512,512,662.605
2992,512,512,512,204.145
1844,512,512,512,128.838
640,512,512,512,42.6667
401,512,512,512,31.3741
1423,2048,512,512,81.3143
1698,512,2048,512,84.6355
13471,512,512,512,966.529
25799,512,512,512,1826.48
5084,512,512,512,357.556
10880,512,512,512,710.531
10658,512,512,512,687.613
7785,512,512,512,575.335
5360,512,512,512,361.857
2762,512,512,512,195.54
1185,2048,512,512,68.5714
1198,512,2048,512,59.8066
4459,512,512,512,305.542
4413,512,512,512,300.46
1897,512,512,512,146.983
1883,512,512,512,123.729
30410,512,512,512,2106.32
23696,512,512,512,1759.33
14210,512,512,512,1026.46
7168,512,512,512,499.73
1373,2048,512,512,81.5139
1671,512,2048,512,81.8867
5531,512,512,512,382.272
2353,512,512,512,166.953
2904,512,512,512,230.02
743,512,512,512,50.6951
0,2048,512,512,0
0,512,2048,512,0
9554,512,512,512,622.664
19357,512,512,512,1358.39
5442,512,512,512,391.335
13274,512,512,512,974.239
0,2048,512,512,0
0,512,2048,512,0
1670,512,512,512,112.981
1644,512,512,512,122.06
1203,512,512,512,87.4909
301,512,512,512,21.5964
159,2048,512,512,9.28467
274,512,2048,512,13.7862
87,512,512,512,5.81211
193,512,512,512,14.566
15,512,512,512,1.06904
19,512,512,512,1.30472
0,2048,512,512,0
0,512,2048,512,0
0,512,512,512,0
0,512,512,512,0
0,512,512,512,0
0,512,512,512,0
0,2048,512,512,0
0,512,2048,512,0
0,512,512,512,0
0,512,512,512,0
0,512,512,512,0
0,512,512,512,0
0,2048,512,512,0
0,512,2048,512,0
0,512,512,512,0
0,512,512,512,0
0,512,512,512,0
0,512,512,512,0
850094,33288,512,512,7562.69
