128761,32,512,512,3651.54
132877,32,512,512,8499.88
142349,32,512,512,9593.87
122501,32,512,512,8474.28
657561,128,512,512,32682.5
587093,32,2048,512,13541.4
158760,32,512,512,11190.6
161312,32,512,512,11370.3
154701,32,512,512,10830.1
163812,32,512,512,11437.4
138452,32,512,512,9748
140197,32,512,512,9757.08
139415,32,512,512,9640.8
130440,32,512,512,9042.25
615379,128,512,512,29962.7
552458,32,2048,512,12695.2
122396,32,512,512,8498.25
163814,32,512,512,11552
119017,32,512,512,8382.04
156550,32,512,512,10982.8
130692,32,512,512,9193.75
144385,32,512,512,10112.8
131820,32,512,512,9271.27
133155,32,512,512,9359.81
629035,128,512,512,31182.8
550086,32,2048,512,12755.6
129969,32,512,512,9116.24
164324,32,512,512,11463.9
131426,32,512,512,9261.47
157607,32,512,512,11102.8
132401,32,512,512,9244.47
158040,32,512,512,10870.7
136023,32,512,512,9478.96
146596,32,512,512,10112
640824,128,512,512,31893.2
560424,32,2048,512,12945.9
133334,32,512,512,9309.01
165516,32,512,512,11536.5
134172,32,512,512,9413.31
161231,32,512,512,11303.6
128782,32,512,512,9037.14
171580,32,512,512,12002.5
135490,32,512,512,9457.67
157572,32,512,512,11064.5
655737,128,512,512,32331.2
588044,32,2048,512,13563.9
125661,32,512,512,8876.72
154825,32,512,512,10842.3
127452,32,512,512,8934.99
153730,32,512,512,10823.2
129316,32,512,512,9062.09
176891,32,512,512,12226.5
141501,32,512,512,9952.6
161782,32,512,512,11382.8
673253,128,512,512,33526.4
611291,32,2048,512,14155.9
102691,32,512,512,7137.98
136832,32,512,512,9554.89
105460,32,512,512,7222.36
134494,32,512,512,9325.7
546132,128,512,512,26782.2
478771,32,2048,512,11046.9
126309,32,512,512,8772.98
127433,32,512,512,8818.9
124950,32,512,512,8692.56
136926,32,512,512,9484.67
512834,128,512,512,25342.3
430911,32,2048,512,9991.33
89535,32,512,512,6194.72
142150,32,512,512,9814.87
83912,32,512,512,5818.13
126151,32,512,512,8778.59
526135,128,512,512,25832.1
434134,32,2048,512,10011.9
100634,32,512,512,6920.74
132334,32,512,512,9307.01
96583,32,512,512,6749.63
120956,32,512,512,8508.29
527460,128,512,512,26112.7
428269,32,2048,512,9924.9
103808,32,512,512,7280.3
127274,32,512,512,8965.53
102659,32,512,512,7169.4
119034,32,512,512,8368.13
529427,128,512,512,26442.4
424951,32,2048,512,9908.43
117377,32,512,512,8253.09
122898,32,512,512,8625.18
114955,32,512,512,8075.88
118573,32,512,512,8286.75
504860,128,512,512,25012.4
400093,32,2048,512,9285.11
115234,32,512,512,8061.32
120376,32,512,512,8479.24
114692,32,512,512,8040.28
119087,32,512,512,8387.15
7941902,2080,512,512,37928.1
82388,32,512,512,5799.42
95040,32,512,512,6637.45
95047,32,512,512,6646.06
81972,32,512,512,5738.71
559163,128,512,512,27789.7
479025,32,2048,512,11070.8
123005,32,512,512,8538.87
134139,32,512,512,9396.16
117970,32,512,512,8212.5
136606,32,512,512,9617.82
108827,32,512,512,7610.95
113602,32,512,512,7962.82
110167,32,512,512,7709.89
103331,32,512,512,7189.18
500782,128,512,512,24967.3
433174,32,2048,512,10005.5
83660,32,512,512,5829.08
139159,32,512,512,9744.82
79680,32,512,512,5582.64
128804,32,512,512,9068.31
93269,32,512,512,6536.45
116477,32,512,512,8124.83
96336,32,512,512,6709.95
100708,32,512,512,6960.68
513866,128,512,512,25590.5
431100,32,2048,512,9924.46
94610,32,512,512,6624.63
138919,32,512,512,9798.13
97046,32,512,512,6766.18
129913,32,512,512,9148.4
91737,32,512,512,6390.18
128003,32,512,512,8993.71
97528,32,512,512,6829.39
111611,32,512,512,7832.01
530735,128,512,512,26185.3
446252,32,2048,512,10324.2
96734,32,512,512,6745.31
139126,32,512,512,9796.75
97673,32,512,512,6828.94
132027,32,512,512,9291.75
99926,32,512,512,6994.87
146522,32,512,512,10318.7
105672,32,512,512,7349.18
131348,32,512,512,9178.96
560299,128,512,512,27727.7
483219,32,2048,512,11133.6
99871,32,512,512,6949.97
139835,32,512,512,9787.66
100632,32,512,512,7026.76
135476,32,512,512,9521.5
100073,32,512,512,7001.63
158983,32,512,512,11106.3
110849,32,512,512,7731.57
140232,32,512,512,9897.71
584554,128,512,512,29122.1
515851,32,2048,512,11912.1
72786,32,512,512,5069.22
111169,32,512,512,7816.25
75465,32,512,512,5290.57
108697,32,512,512,7644.46
418763,128,512,512,21033.4
331624,32,2048,512,7737.32
104724,32,512,512,7337.47
104369,32,512,512,7300.77
100685,32,512,512,7082.39
114837,32,512,512,8062.81
384080,128,512,512,19263
294467,32,2048,512,6913.58
52376,32,512,512,3720.3
108226,32,512,512,7595.48
49216,32,512,512,3578.62
88225,32,512,512,6184.45
390912,128,512,512,19441.4
292071,32,2048,512,6891.51
68275,32,512,512,4853.71
97898,32,512,512,6824.69
65237,32,512,512,4624.18
82951,32,512,512,5772.01
395711,128,512,512,19793.9
291221,32,2048,512,6824.26
71474,32,512,512,5027.52
99155,32,512,512,6965.73
69597,32,512,512,4898.18
91595,32,512,512,6387.1
386282,128,512,512,19169.1
286061,32,2048,512,6772.98
74946,32,512,512,5252.57
93347,32,512,512,6542.49
73526,32,512,512,5157.46
87577,32,512,512,6142.12
372892,128,512,512,18679.6
268393,32,2048,512,6380.34
83966,32,512,512,5885.9
91238,32,512,512,6377.22
82765,32,512,512,5779.55
85516,32,512,512,5947.78
6970877,2080,512,512,33341
48820,32,512,512,3480.23
61079,32,512,512,4482.56
59699,32,512,512,4236.41
49720,32,512,512,3527.65
457008,128,512,512,22781
380232,32,2048,512,8849.28
100329,32,512,512,7083.98
112503,32,512,512,7887.51
94479,32,512,512,6597.7
114846,32,512,512,8044.38
82527,32,512,512,5799.89
86541,32,512,512,6070.13
84021,32,512,512,5827.84
74658,32,512,512,5211.28
371268,128,512,512,18539.1
296938,32,2048,512,6916.13
59207,32,512,512,4221.35
110975,32,512,512,7719.16
55989,32,512,512,3963.04
99131,32,512,512,6958.09
59373,32,512,512,4211.04
88269,32,512,512,6181.71
64712,32,512,512,4527.3
69763,32,512,512,4886.65
383955,128,512,512,19138.5
302682,32,2048,512,7044.74
75307,32,512,512,5273.02
120987,32,512,512,8499.08
74395,32,512,512,5205.29
110489,32,512,512,7699.75
69106,32,512,512,4860.42
107546,32,512,512,7520.7
74384,32,512,512,5185.02
86780,32,512,512,6113.83
406737,128,512,512,20254.6
316678,32,2048,512,7346.23
75207,32,512,512,5268.79
115311,32,512,512,8025.83
77122,32,512,512,5408.51
106452,32,512,512,7404.71
75019,32,512,512,5256.77
125521,32,512,512,8805.21
83525,32,512,512,5858.07
105434,32,512,512,7373.33
445126,128,512,512,21947.6
360576,32,2048,512,8363.05
66207,32,512,512,4660.82
107436,32,512,512,7467.97
69103,32,512,512,4832.8
100659,32,512,512,7053.12
80509,32,512,512,5654.1
140067,32,512,512,9784.64
94610,32,512,512,6563.16
117697,32,512,512,8325.72
469702,128,512,512,23252.6
393501,32,2048,512,9124.39
53044,32,512,512,3761.49
91720,32,512,512,6383.99
54347,32,512,512,3888.18
87767,32,512,512,6160.58
319674,128,512,512,16055.4
246891,32,2048,512,6036.82
64552,32,512,512,4540.42
73664,32,512,512,5095.87
61364,32,512,512,4325.41
83434,32,512,512,5831.49
237924,128,512,512,12465.3
152630,32,2048,512,3850.28
32419,32,512,512,2566.38
75766,32,512,512,5395.96
30510,32,512,512,2343.32
57281,32,512,512,4038.14
239685,128,512,512,12348.7
155797,32,2048,512,4010.18
43886,32,512,512,3132.34
73089,32,512,512,5239.59
39292,32,512,512,2884.15
62094,32,512,512,4399.15
241817,128,512,512,12447.1
154531,32,2048,512,4070.18
49628,32,512,512,3543.04
57036,32,512,512,4211.24
48540,32,512,512,3473.58
49310,32,512,512,3521.12
219154,128,512,512,11294
147362,32,2048,512,3852.82
33528,32,512,512,2540.12
53373,32,512,512,3954.56
34631,32,512,512,2602.98
44365,32,512,512,3109.11
195846,128,512,512,10180.6
120625,32,2048,512,3358.62
54241,32,512,512,3904.25
71756,32,512,512,5055.24
51254,32,512,512,3685.19
64594,32,512,512,4534.31
5924545,2080,512,512,28582.6
45935,32,512,512,3345.52
46296,32,512,512,3577.83
52919,32,512,512,3808.75
38370,32,512,512,2786.75
331367,128,512,512,16682.3
265406,32,2048,512,6209.87
65174,32,512,512,4629.97
85635,32,512,512,6044.2
59884,32,512,512,4263.73
89665,32,512,512,6283.46
45262,32,512,512,3187.47
57303,32,512,512,4122.89
48014,32,512,512,3378.52
44781,32,512,512,3155.54
250381,128,512,512,12857.6
189258,32,2048,512,4634.7
40322,32,512,512,2937.45
85967,32,512,512,6039.13
36932,32,512,512,2697.74
74639,32,512,512,5262.52
44052,32,512,512,3165.94
61540,32,512,512,4322.77
47508,32,512,512,3360.43
46746,32,512,512,3458.59
265383,128,512,512,13446.9
195030,32,2048,512,4736.03
42118,32,512,512,3048.23
91334,32,512,512,6395.94
42774,32,512,512,3158.94
79227,32,512,512,5551.15
38467,32,512,512,2890.97
71031,32,512,512,4967.1
44005,32,512,512,3230.62
53746,32,512,512,3844.58
283233,128,512,512,14233.7
202509,32,2048,512,4905.37
46461,32,512,512,3430.84
78908,32,512,512,5523.96
48194,32,512,512,3578.21
72580,32,512,512,5068.88
43854,32,512,512,3232.06
96524,32,512,512,6716.91
51673,32,512,512,3703.83
76538,32,512,512,5397.01
320489,128,512,512,16033.2
247453,32,2048,512,5863.03
40847,32,512,512,3003.66
81975,32,512,512,5775.69
42541,32,512,512,3115.7
75412,32,512,512,5285.81
49860,32,512,512,3583.51
110313,32,512,512,7748.57
61547,32,512,512,4368.14
88378,32,512,512,6183.93
345592,128,512,512,17312.3
274829,32,2048,512,6477.23
25374,32,512,512,1914.66
60536,32,512,512,4353.35
25890,32,512,512,2021.72
57422,32,512,512,4030.85
209395,128,512,512,10856.7
151186,32,2048,512,3924.3
32695,32,512,512,2398.92
42140,32,512,512,3062.78
30524,32,512,512,2290.89
49135,32,512,512,3533.07
126254,128,512,512,7170.97
76575,32,2048,512,2638.41
17164,32,512,512,1489.57
52044,32,512,512,4012.74
14299,32,512,512,1321.11
37690,32,512,512,2724.5
146819,128,512,512,7980.51
84761,32,2048,512,2723.11
23183,32,512,512,1838.55
49133,32,512,512,3721.14
21266,32,512,512,1794.74
36818,32,512,512,2665.56
144374,128,512,512,7789.13
87498,32,2048,512,2774.38
20567,32,512,512,1708.09
39685,32,512,512,3148.51
19186,32,512,512,1575.29
32050,32,512,512,2346.91
133310,128,512,512,7255.7
81004,32,2048,512,2508.52
25603,32,512,512,1953.54
40168,32,512,512,3030.05
23381,32,512,512,1855.59
32959,32,512,512,2399.42
117647,128,512,512,6431.65
69633,32,2048,512,2194.96
23953,32,512,512,1903.2
31670,32,512,512,2564.96
22904,32,512,512,1874.74
28133,32,512,512,2172.22
4045117,2080,512,512,20452.8
34335,32,512,512,2522.08
29747,32,512,512,2645.79
42332,32,512,512,3063.72
23730,32,512,512,1816.39
165318,128,512,512,8877.77
114116,32,2048,512,3215.13
34464,32,512,512,2512.93
60724,32,512,512,4321.71
30956,32,512,512,2305.74
62144,32,512,512,4449.69
27947,32,512,512,2068.04
32084,32,512,512,2681.42
31500,32,512,512,2283.75
26063,32,512,512,1942.51
144805,128,512,512,7651.89
93516,32,2048,512,2875.12
19984,32,512,512,1667.46
51570,32,512,512,3723.64
18956,32,512,512,1590.6
45617,32,512,512,3359.6
17384,32,512,512,1653.75
30722,32,512,512,2495.25
20613,32,512,512,1696.59
23618,32,512,512,1950.04
150601,128,512,512,8100.91
91018,32,2048,512,2784.68
22986,32,512,512,1936.89
50560,32,512,512,3748.57
23332,32,512,512,1881.33
48332,32,512,512,3560.94
18710,32,512,512,1575.62
48771,32,512,512,3586.85
22976,32,512,512,1880.82
37207,32,512,512,2812.06
158689,128,512,512,8575.75
91220,32,2048,512,2796.68
25803,32,512,512,1996.75
51980,32,512,512,3811.38
27000,32,512,512,2108.71
50793,32,512,512,3638.88
22110,32,512,512,1891.31
70194,32,512,512,4969.16
27829,32,512,512,2266.96
55987,32,512,512,4196.83
166966,128,512,512,8932.99
100492,32,2048,512,2965.92
16560,32,512,512,1414.86
39864,32,512,512,3000.68
17972,32,512,512,1443.06
38720,32,512,512,2856.97
24537,32,512,512,1996.5
65081,32,512,512,4600.38
35051,32,512,512,2619.66
54980,32,512,512,4128.7
189128,128,512,512,9994.7
109440,32,2048,512,3103.85
6244,32,512,512,783.684
26927,32,512,512,2222.62
7420,32,512,512,815.216
26093,32,512,512,2093.51
53227,128,512,512,3543.45
34630,32,2048,512,1850.82
13396,32,512,512,1164.05
27558,32,512,512,2184.87
12282,32,512,512,1135.74
32402,32,512,512,2524.5
59715,128,512,512,3737
31978,32,2048,512,1826.53
8006,32,512,512,888.537
25723,32,512,512,2059.59
7531,32,512,512,839.137
18901,32,512,512,1537.06
73174,128,512,512,4276.76
37471,32,2048,512,1918.61
7276,32,512,512,701.66
25171,32,512,512,2175.01
6459,32,512,512,649.615
19734,32,512,512,1556.69
77994,128,512,512,4676.07
38793,32,2048,512,1901.68
11015,32,512,512,1100.26
24419,32,512,512,1977
10472,32,512,512,1077.33
20582,32,512,512,1736.56
70998,128,512,512,4341.55
35760,32,2048,512,1820.69
8285,32,512,512,971.883
20839,32,512,512,1770.8
7826,32,512,512,899.055
17985,32,512,512,1481.28
61917,128,512,512,3960.47
28848,32,2048,512,1489.14
11904,32,512,512,1126.44
21574,32,512,512,1815.57
11724,32,512,512,1125.04
20289,32,512,512,1658.11
1938914,2080,512,512,12268.8
13591,32,512,512,1050.18
11834,32,512,512,1355.99
18364,32,512,512,1374.49
8842,32,512,512,701.19
107573,128,512,512,6274.42
80849,32,2048,512,2573.73
16771,32,512,512,1429.98
28842,32,512,512,2371.33
13807,32,512,512,1220.88
31600,32,512,512,2341.55
13156,32,512,512,1027.09
15612,32,512,512,1643.91
15414,32,512,512,1163.62
10938,32,512,512,883.433
48981,128,512,512,3141.63
34082,32,2048,512,1723.73
7091,32,512,512,676.239
27698,32,512,512,2300.74
6302,32,512,512,714.107
21599,32,512,512,1789.71
6119,32,512,512,817.093
11183,32,512,512,1271.38
7324,32,512,512,800.136
7750,32,512,512,882.436
55048,128,512,512,3443.46
35955,32,2048,512,1750.97
8454,32,512,512,874.561
27387,32,512,512,2337.4
8560,32,512,512,912.975
22070,32,512,512,1891.12
7508,32,512,512,883.781
18737,32,512,512,1770.62
9838,32,512,512,1016.16
12906,32,512,512,1308.97
63204,128,512,512,3883.5
40951,32,2048,512,1879.1
10143,32,512,512,1083.87
31538,32,512,512,2472.54
10640,32,512,512,1098.92
26736,32,512,512,2220.08
10085,32,512,512,1153.31
31635,32,512,512,2513.33
12905,32,512,512,1295.11
23675,32,512,512,2047.01
75648,128,512,512,4510.41
51508,32,2048,512,1926.1
8793,32,512,512,809.342
23635,32,512,512,1994.88
8673,32,512,512,830.349
20949,32,512,512,1655.97
11498,32,512,512,1194.4
50919,32,512,512,3732.47
15955,32,512,512,1483.5
35619,32,512,512,2785.87
90763,128,512,512,5374.96
66881,32,2048,512,1959.42
2012,32,512,512,344.687
9731,32,512,512,880.808
2143,32,512,512,321.305
8160,32,512,512,844.911
53936,128,512,512,3460.97
37885,32,2048,512,1733.45
4860,32,512,512,467.617
8693,32,512,512,1014.09
4594,32,512,512,444.899
10765,32,512,512,905.193
19771,128,512,512,1447.63
11460,32,2048,512,1035.11
3116,32,512,512,453.031
17085,32,512,512,1835.25
2706,32,512,512,433.112
11679,32,512,512,1010.92
21492,128,512,512,1519.84
12675,32,2048,512,1150.18
3128,32,512,512,384.452
8602,32,512,512,1119.51
2649,32,512,512,355.615
5842,32,512,512,611.988
21069,128,512,512,1601.9
12926,32,2048,512,1151.92
3130,32,512,512,431.65
8456,32,512,512,1112.45
2888,32,512,512,423.771
5920,32,512,512,532.194
16569,128,512,512,1240.28
10555,32,2048,512,854.765
3975,32,512,512,450.744
9829,32,512,512,1228.29
3688,32,512,512,444.689
6880,32,512,512,648.769
14652,128,512,512,1074.34
9374,32,2048,512,634.249
2878,32,512,512,393.59
5607,32,512,512,699.645
2627,32,512,512,388.861
4187,32,512,512,455.991
1251031,2080,512,512,9382.55
7994,32,512,512,625.892
6230,32,512,512,975.678
10825,32,512,512,801.203
4266,32,512,512,375.787
37336,128,512,512,2626.52
28863,32,2048,512,1626.2
5646,32,512,512,617.238
17872,32,512,512,1779.3
4679,32,512,512,585.63
21603,32,512,512,1675.06
5126,32,512,512,450.811
5757,32,512,512,899.093
6474,32,512,512,530.33
3865,32,512,512,381.552
18332,128,512,512,1630.01
14699,32,2048,512,1280.85
3668,32,512,512,473.749
11791,32,512,512,1283.11
3797,32,512,512,449.216
10070,32,512,512,980.585
3401,32,512,512,445.212
5162,32,512,512,787.754
4111,32,512,512,503.356
3691,32,512,512,496.081
13036,128,512,512,1135.88
9863,32,2048,512,1041.81
4359,32,512,512,580.475
13924,32,512,512,1438.71
4174,32,512,512,560.057
11995,32,512,512,1226.52
3302,32,512,512,518.266
7543,32,512,512,964.039
4222,32,512,512,591.343
6012,32,512,512,786.911
12635,128,512,512,1090.31
9668,32,2048,512,1028.07
4405,32,512,512,563.367
10699,32,512,512,1163.13
4559,32,512,512,613.284
9516,32,512,512,1089.06
4352,32,512,512,607.027
15753,32,512,512,1537.72
5559,32,512,512,726.133
12052,32,512,512,1262.82
14538,128,512,512,1345.41
11200,32,2048,512,848.566
2258,32,512,512,348.205
8183,32,512,512,1045.83
2408,32,512,512,379.045
6857,32,512,512,761.016
4500,32,512,512,639.659
23566,32,512,512,2026.15
5989,32,512,512,821.818
17053,32,512,512,1583.38
17556,128,512,512,1532.27
14256,32,2048,512,749.255
742,32,512,512,140.705
2728,32,512,512,403.122
806,32,512,512,152.823
2370,32,512,512,363.097
21989,128,512,512,1844.43
16969,32,2048,512,1297.48
1040,32,512,512,173.786
6990,32,512,512,935.039
971,32,512,512,182.455
10210,32,512,512,976.011
4276,128,512,512,389.369
3145,32,2048,512,438.767
1083,32,512,512,210.253
7508,32,512,512,999.318
989,32,512,512,193.447
5246,32,512,512,530.938
3167,128,512,512,340.343
2309,32,2048,512,349.981
1566,32,512,512,272.867
4323,32,512,512,640.86
1368,32,512,512,237.101
3317,32,512,512,391.56
2099,128,512,512,227.696
1606,32,2048,512,273.464
1259,32,512,512,221.059
3983,32,512,512,615.581
1243,32,512,512,203.52
2880,32,512,512,378.216
1483,128,512,512,171.013
1166,32,2048,512,189.449
827,32,512,512,158.079
1872,32,512,512,309.646
712,32,512,512,143.16
1394,32,512,512,210.475
1887,128,512,512,211.118
1200,32,2048,512,157.461
419,32,512,512,80.8052
812,32,512,512,140.333
391,32,512,512,74.6762
645,32,512,512,123.423
584680,2080,512,512,6286.65
131072,32,512,512,9252.42
131072,32,512,512,9211.57
131072,32,512,512,9229.21
131072,32,512,512,9176.51
524288,128,512,512,26099
524288,32,2048,512,12134.3
131072,32,512,512,9266.11
131072,32,512,512,9243.65
131072,32,512,512,9189.78
131072,32,512,512,9167.68
131072,32,512,512,9225.15
131072,32,512,512,9238.15
131072,32,512,512,9260.38
131072,32,512,512,9122.81
524288,128,512,512,26010.4
524288,32,2048,512,12072.7
131072,32,512,512,9217.24
131072,32,512,512,9249.97
131072,32,512,512,9233.07
131072,32,512,512,9247.11
131071,32,512,512,9260.72
131072,32,512,512,9203.69
131072,32,512,512,9209.96
131072,32,512,512,9224.95
524288,128,512,512,26029.7
524288,32,2048,512,12076.2
131072,32,512,512,9217.04
131072,32,512,512,9193.8
131072,32,512,512,9203.49
131072,32,512,512,9232.05
131072,32,512,512,9265.91
131072,32,512,512,9209.15
131072,32,512,512,9216.23
131072,32,512,512,9156.47
524288,128,512,512,25975.3
524287,32,2048,512,12128.8
131072,32,512,512,9245.48
131072,32,512,512,9165.08
131072,32,512,512,9271.44
131072,32,512,512,9160.27
131072,32,512,512,9230.43
131072,32,512,512,9233.88
131072,32,512,512,9205.71
131072,32,512,512,9202.28
524288,128,512,512,26220.5
524288,32,2048,512,12167.7
131072,32,512,512,9152.88
131072,32,512,512,9228.8
131072,32,512,512,9174.3
131072,32,512,512,9163.87
131072,32,512,512,9209.75
131072,32,512,512,9223.93
131072,32,512,512,9255.48
131072,32,512,512,9198.04
524288,128,512,512,25984.6
524288,32,2048,512,12088.2
131072,32,512,512,9193.2
131072,32,512,512,9194.41
131072,32,512,512,9218.66
131072,32,512,512,9218.66
524288,128,512,512,26413.3
524288,32,2048,512,12196.8
131072,32,512,512,9162.07
131072,32,512,512,9276.36
131072,32,512,512,9150.68
131072,32,512,512,9262.84
524288,128,512,512,26086
524288,32,2048,512,12114.3
131072,32,512,512,9188.97
131072,32,512,512,9191.19
131072,32,512,512,9231.65
131072,32,512,512,9213.19
524288,128,512,512,25989
524288,32,2048,512,12328.6
131072,32,512,512,9213.6
131072,32,512,512,9211.17
131072,32,512,512,9170.49
131072,32,512,512,9206.52
524288,128,512,512,25997.9
524288,32,2048,512,12309.7
131072,32,512,512,9197.43
131072,32,512,512,9177.31
131072,32,512,512,9236.93
131072,32,512,512,9228.19
524288,128,512,512,25993.9
524288,32,2048,512,12123
131072,32,512,512,9259.16
131072,32,512,512,9219.67
131072,32,512,512,9181.13
131072,32,512,512,9182.53
524288,128,512,512,25989.4
524288,32,2048,512,12197
131072,32,512,512,9179.52
131072,32,512,512,9236.73
131072,32,512,512,9206.52
131072,32,512,512,9186.15
8521728,2080,512,512,40996.7
104857,32,512,512,7363.56
104857,32,512,512,7364.85
104857,32,512,512,7297.42
104857,32,512,512,7331.22
419430,128,512,512,20816.3
419430,32,2048,512,9694.78
104857,32,512,512,7364.2
104857,32,512,512,7362.42
104857,32,512,512,7389.18
104857,32,512,512,7413.34
104857,32,512,512,7303.13
104857,32,512,512,7292.34
104857,32,512,512,7338.59
104857,32,512,512,7385.11
419430,128,512,512,20784.8
419430,32,2048,512,9716.47
104857,32,512,512,7326.74
104857,32,512,512,7340.36
104857,32,512,512,7338.59
104857,32,512,512,7331.86
104857,32,512,512,7333.14
104856,32,512,512,7295.92
104857,32,512,512,7372.29
104857,32,512,512,7370.51
419430,128,512,512,20788.6
419430,32,2048,512,9721.54
104857,32,512,512,7351.13
104857,32,512,512,7361.94
104857,32,512,512,7348.72
104857,32,512,512,7364.85
104857,32,512,512,7344.54
104857,32,512,512,7358.87
104857,32,512,512,7325.62
104857,32,512,512,7369.86
419429,128,512,512,20839.2
419429,32,2048,512,9723.91
104857,32,512,512,7342.13
104857,32,512,512,7342.77
104857,32,512,512,7323.22
104857,32,512,512,7362.59
104857,32,512,512,7282.84
104857,32,512,512,7363.88
104857,32,512,512,7302.02
104857,32,512,512,7338.27
419430,128,512,512,20806.7
419430,32,2048,512,9741.58
104857,32,512,512,7345.5
104857,32,512,512,7354.52
104857,32,512,512,7395.04
104857,32,512,512,7323.54
104857,32,512,512,7268.33
104857,32,512,512,7269.43
104857,32,512,512,7351.94
104857,32,512,512,7401.73
419430,128,512,512,20673
419430,32,2048,512,9686.81
104857,32,512,512,7328.82
104857,32,512,512,7341.97
104857,32,512,512,7329.46
104857,32,512,512,7296.46
419430,128,512,512,21222.5
419430,32,2048,512,9712.18
104857,32,512,512,7381.54
104857,32,512,512,7519.67
104857,32,512,512,7336.83
104857,32,512,512,7382.84
419430,128,512,512,21098.4
419430,32,2048,512,9897.17
104857,32,512,512,7370.67
104857,32,512,512,7293.77
104857,32,512,512,7321.78
104857,32,512,512,7355
419430,128,512,512,20850.9
419430,32,2048,512,9875.33
104857,32,512,512,7376.51
104857,32,512,512,7329.62
104857,32,512,512,7339.88
104857,32,512,512,7381.21
419430,128,512,512,20805.1
419430,32,2048,512,9853.72
104857,32,512,512,7274.95
104857,32,512,512,7368.57
104857,32,512,512,7320.82
104857,32,512,512,7368.57
419429,128,512,512,20796
419430,32,2048,512,9831.56
104857,32,512,512,7334.74
104857,32,512,512,7349.85
104857,32,512,512,7299.64
104857,32,512,512,7309.82
419430,128,512,512,20924.1
419430,32,2048,512,9698.08
104857,32,512,512,7329.62
104857,32,512,512,7316.67
104857,32,512,512,7337.31
104857,32,512,512,7322.26
6817381,2080,512,512,33327.8
78643,32,512,512,5460.85
78642,32,512,512,5525.77
78643,32,512,512,5504.56
78643,32,512,512,5519.41
314572,128,512,512,15847.7
314572,32,2048,512,7377.77
78643,32,512,512,5514.21
78643,32,512,512,5496.03
78643,32,512,512,5512.04
78643,32,512,512,5582.96
78643,32,512,512,5513.73
78643,32,512,512,5489.68
78643,32,512,512,5554.62
78643,32,512,512,5499.87
314572,128,512,512,15679.6
314571,32,2048,512,7320.65
78643,32,512,512,5489.44
78643,32,512,512,5456.11
78643,32,512,512,5502.76
78643,32,512,512,5493.63
78643,32,512,512,5465.95
78643,32,512,512,5548.38
78643,32,512,512,5523.65
78643,32,512,512,5564.45
314572,128,512,512,15828
314572,32,2048,512,7364.86
78643,32,512,512,5483.34
78643,32,512,512,5439.95
78643,32,512,512,5483.93
78643,32,512,512,5472.01
78643,32,512,512,5518.57
78643,32,512,512,5518.93
78643,32,512,512,5503.12
78643,32,512,512,5552.17
314572,128,512,512,15724.4
314572,32,2048,512,7298.44
78643,32,512,512,5501.68
78643,32,512,512,5513.97
78643,32,512,512,5484.05
78643,32,512,512,5539.58
78643,32,512,512,5479.87
78643,32,512,512,5503.24
78643,32,512,512,5517.24
78643,32,512,512,5569.87
314572,128,512,512,15732
314572,32,2048,512,7319.13
78643,32,512,512,5487.4
78643,32,512,512,5533.98
78643,32,512,512,5489.91
78643,32,512,512,5481.19
78643,32,512,512,5504.44
78643,32,512,512,5452.21
78643,32,512,512,5475.1
78643,32,512,512,5670.14
314572,128,512,512,15818.3
314572,32,2048,512,7333.1
78643,32,512,512,5510.11
78643,32,512,512,5518.93
78643,32,512,512,5539.83
78643,32,512,512,5499.99
314572,128,512,512,16151.8
314572,32,2048,512,7417.34
78643,32,512,512,5631.94
78643,32,512,512,5593.14
78643,32,512,512,5507.7
78643,32,512,512,5634.59
314572,128,512,512,16151.3
314572,32,2048,512,7418.93
78643,32,512,512,5537.75
78643,32,512,512,5530.21
78643,32,512,512,5474.99
78643,32,512,512,5544.22
314572,128,512,512,15927.4
314572,32,2048,512,7478.34
78643,32,512,512,5493.15
78643,32,512,512,5498.43
78643,32,512,512,5477.73
78643,32,512,512,5516.63
314572,128,512,512,15900.8
314571,32,2048,512,7468.78
78643,32,512,512,5430.33
78643,32,512,512,5510.95
78643,32,512,512,5486.68
78643,32,512,512,5500.35
314572,128,512,512,15832.2
314572,32,2048,512,7421.01
78643,32,512,512,5476.06
78643,32,512,512,5518.69
78643,32,512,512,5482.38
78643,32,512,512,5548.13
314572,128,512,512,15906.3
314572,32,2048,512,7389.95
78643,32,512,512,5549.84
78643,32,512,512,5525.96
78643,32,512,512,5547.89
78643,32,512,512,5546.18
5113037,2080,512,512,26120.8
52428,32,512,512,3759.97
52428,32,512,512,3719.78
52428,32,512,512,3762.58
52428,32,512,512,3729.62
209715,128,512,512,10869.9
209715,32,2048,512,4961.54
52428,32,512,512,3721.52
52428,32,512,512,3783.88
52428,32,512,512,3709.83
52428,32,512,512,3762.33
52428,32,512,512,3724.9
52428,32,512,512,3736.02
52428,32,512,512,3726.06
52428,32,512,512,3755.17
209715,128,512,512,10747.4
209715,32,2048,512,4963.89
52428,32,512,512,3690.49
52428,32,512,512,3771.89
52428,32,512,512,3715.01
52428,32,512,512,3708.52
52428,32,512,512,3768.07
52428,32,512,512,3720.28
52428,32,512,512,3714.27
52428,32,512,512,3776.47
209715,128,512,512,10689.7
209715,32,2048,512,5004.2
52428,32,512,512,3730.54
52428,32,512,512,3855.62
52428,32,512,512,3744.19
52428,32,512,512,3701.4
52428,32,512,512,3794.32
52428,32,512,512,3765.96
52428,32,512,512,3758.7
52428,32,512,512,3776.64
209715,128,512,512,10700.9
209715,32,2048,512,5060.19
52428,32,512,512,3720.44
52428,32,512,512,3744.69
52428,32,512,512,3760.47
52428,32,512,512,3803.7
52428,32,512,512,3759.21
52428,32,512,512,3737.52
52428,32,512,512,3742.1
52428,32,512,512,3800.42
209715,128,512,512,10851.6
209715,32,2048,512,5010.73
52428,32,512,512,3750.55
52428,32,512,512,3865.39
52428,32,512,512,3776.72
52428,32,512,512,3703.2
52428,32,512,512,3767.9
52428,32,512,512,3711.23
52428,32,512,512,3776.21
52428,32,512,512,3868.42
209715,128,512,512,10675.1
209715,32,2048,512,5007.48
52428,32,512,512,3768.16
52428,32,512,512,3811.22
52428,32,512,512,3735.44
52428,32,512,512,3786.1
209715,128,512,512,10996
209715,32,2048,512,5127.5
52428,32,512,512,3769.17
52428,32,512,512,3722.51
52428,32,512,512,3918.48
52428,32,512,512,3707.54
209715,128,512,512,10939.6
209715,32,2048,512,5019.35
52428,32,512,512,3808.97
52428,32,512,512,3761.48
52428,32,512,512,3825.64
52428,32,512,512,3788.67
209715,128,512,512,10885.3
209715,32,2048,512,5129.78
52428,32,512,512,3726.56
52428,32,512,512,3755.09
52428,32,512,512,3701.24
52428,32,512,512,3810
209715,128,512,512,10895.5
209715,32,2048,512,5110.05
52428,32,512,512,3763
52428,32,512,512,3760.89
52428,32,512,512,3725.24
52428,32,512,512,3716.08
209715,128,512,512,10810.4
209715,32,2048,512,5126.64
52428,32,512,512,3750.13
52428,32,512,512,3783.28
52428,32,512,512,3717.97
52428,32,512,512,3847.4
209715,128,512,512,10913.9
209715,32,2048,512,5005.99
52428,32,512,512,3729.38
52428,32,512,512,3671.11
52428,32,512,512,3702.71
52428,32,512,512,3753.49
3408691,2080,512,512,17370.4
26214,32,512,512,2137.09
26214,32,512,512,1980.61
26214,32,512,512,2016.61
26214,32,512,512,2140.14
104857,128,512,512,6199.85
104857,32,2048,512,2810.75
26214,32,512,512,2104.54
26214,32,512,512,1983.23
26214,32,512,512,2141.29
26214,32,512,512,2101.48
26214,32,512,512,2086.64
26214,32,512,512,2068.22
26214,32,512,512,2149.74
26214,32,512,512,2098.22
104857,128,512,512,6182.15
104857,32,2048,512,3028.91
26214,32,512,512,2014.43
26214,32,512,512,2154.32
26214,32,512,512,1978.28
26214,32,512,512,2109.57
26214,32,512,512,2150.89
26214,32,512,512,2125.87
26214,32,512,512,2152.55
26214,32,512,512,2148.03
104857,128,512,512,6203.29
104857,32,2048,512,2998.67
26214,32,512,512,2114.99
26214,32,512,512,2217.53
26214,32,512,512,2078.26
26214,32,512,512,2024
26214,32,512,512,2176.06
26214,32,512,512,2123.45
26214,32,512,512,2117.18
26214,32,512,512,2162.43
104857,128,512,512,6172.25
104857,32,2048,512,2905.23
26214,32,512,512,2150.84
26214,32,512,512,2146.49
26214,32,512,512,2138.01
26214,32,512,512,1952.99
26214,32,512,512,2157.64
26214,32,512,512,2142.98
26214,32,512,512,2163.93
26214,32,512,512,2168.75
104857,128,512,512,6184.43
104857,32,2048,512,3015.32
26214,32,512,512,2136.11
26214,32,512,512,2078
26214,32,512,512,2168.07
26214,32,512,512,2084.3
26214,32,512,512,2196.74
26214,32,512,512,2151.83
26214,32,512,512,2168.18
26214,32,512,512,2205.52
104857,128,512,512,6271.7
104857,32,2048,512,2795.74
26214,32,512,512,2176.17
26214,32,512,512,2071.08
26214,32,512,512,2201.36
26214,32,512,512,2231.51
104857,128,512,512,6423.09
104857,32,2048,512,2854.85
26214,32,512,512,2073.18
26214,32,512,512,2145.5
26214,32,512,512,2355.65
26214,32,512,512,2060.8
104857,128,512,512,6280.62
104857,32,2048,512,2859.16
26214,32,512,512,2092.41
26214,32,512,512,2126.74
26214,32,512,512,2150.18
26214,32,512,512,2184.62
104857,128,512,512,5948.91
104857,32,2048,512,2948.99
26214,32,512,512,2133.39
26214,32,512,512,2112.12
26214,32,512,512,2160.7
26214,32,512,512,2196.86
104857,128,512,512,5881.55
104857,32,2048,512,2947.23
26214,32,512,512,2120.61
26214,32,512,512,2084.46
26214,32,512,512,2098.49
26214,32,512,512,2157.7
104857,128,512,512,5896.43
104857,32,2048,512,2870.73
26214,32,512,512,2176.74
26214,32,512,512,2080.79
26214,32,512,512,2153.1
26214,32,512,512,2147.65
104857,128,512,512,6026.48
104857,32,2048,512,2679.11
26214,32,512,512,2186.44
26214,32,512,512,1985.06
26214,32,512,512,2198.93
26214,32,512,512,2200.09
1704346,2080,512,512,10792.4
13107,32,512,512,1280.41
13107,32,512,512,1096.45
13107,32,512,512,1245.58
13107,32,512,512,1233.6
52428,128,512,512,3519.1
52428,32,2048,512,1877.65
13107,32,512,512,1227.35
13107,32,512,512,1067.32
13107,32,512,512,1248.77
13107,32,512,512,1240.9
13107,32,512,512,1301.22
13107,32,512,512,1195.28
13107,32,512,512,1244.47
13107,32,512,512,1220.96
52428,128,512,512,3586.2
52428,32,2048,512,1908.36
13107,32,512,512,1257.15
13107,32,512,512,1226.6
13107,32,512,512,1253.7
13107,32,512,512,1244.32
13107,32,512,512,1370.4
13107,32,512,512,1213.33
13107,32,512,512,1353.33
13107,32,512,512,1278.69
52428,128,512,512,3550.98
52428,32,2048,512,1876.49
13107,32,512,512,1211.33
13107,32,512,512,1314.64
13107,32,512,512,1188.51
13107,32,512,512,1147.91
13107,32,512,512,1324.4
13107,32,512,512,1224.42
13107,32,512,512,1317.58
13107,32,512,512,1352.5
52428,128,512,512,3388.87
52427,32,2048,512,1740.01
13107,32,512,512,1334.81
13107,32,512,512,1277.95
13107,32,512,512,1328.09
13107,32,512,512,1318.94
13107,32,512,512,1394.22
13107,32,512,512,1255.57
13107,32,512,512,1364.02
13107,32,512,512,1402.57
52428,128,512,512,3499.65
52428,32,2048,512,1951.24
13107,32,512,512,1387.86
13107,32,512,512,1134.47
13107,32,512,512,1367.14
13107,32,512,512,1381.77
13107,32,512,512,1371.34
13107,32,512,512,1257.45
13107,32,512,512,1415.3
13107,32,512,512,1423.08
52428,128,512,512,3832.28
52428,32,2048,512,1477.3
13107,32,512,512,1335.15
13107,32,512,512,1039.59
13107,32,512,512,1362.38
13107,32,512,512,1362.07
52428,128,512,512,3904.98
52428,32,2048,512,1929.19
13107,32,512,512,1178.62
13107,32,512,512,1169.48
13107,32,512,512,1311.03
13107,32,512,512,1039.49
52428,128,512,512,3570.25
52427,32,2048,512,1874.53
13107,32,512,512,1315.01
13107,32,512,512,1134.1
13107,32,512,512,1320.52
13107,32,512,512,1376.42
52427,128,512,512,3390.73
52428,32,2048,512,1947.37
13107,32,512,512,1328.76
13107,32,512,512,1106.57
13107,32,512,512,1371.79
13107,32,512,512,1348.85
52428,128,512,512,3311.48
52428,32,2048,512,1843.89
13107,32,512,512,1220.25
13107,32,512,512,1161.94
13107,32,512,512,1158.02
13107,32,512,512,1328.38
52428,128,512,512,3427.3
52428,32,2048,512,1762.34
13107,32,512,512,1283.47
13107,32,512,512,1085.92
13107,32,512,512,1245.25
13107,32,512,512,1357.45
52428,128,512,512,3617.44
52428,32,2048,512,1571.66
13107,32,512,512,1256.55
13107,32,512,512,1042.62
13107,32,512,512,1200.62
13107,32,512,512,1356.39
852171,2080,512,512,7962.4
5242,32,512,512,727.424
5242,32,512,512,477.617
5242,32,512,512,661.269
5242,32,512,512,723.378
20971,128,512,512,1817.74
20971,32,2048,512,1214.28
5242,32,512,512,692.042
5242,32,512,512,529.562
5242,32,512,512,705.696
5242,32,512,512,709.217
5242,32,512,512,654.662
5242,32,512,512,574.111
5242,32,512,512,645.715
5242,32,512,512,654.1
20971,128,512,512,1851.79
20971,32,2048,512,1281.26
5242,32,512,512,607.416
5242,32,512,512,647.76
5242,32,512,512,624.582
5242,32,512,512,710.238
5242,32,512,512,780.714
5242,32,512,512,650.7
5242,32,512,512,745.066
5242,32,512,512,706.678
20971,128,512,512,1784.91
20971,32,2048,512,1165.99
5242,32,512,512,713.956
5242,32,512,512,705.014
5242,32,512,512,714.991
5242,32,512,512,663.676
5242,32,512,512,782.68
5242,32,512,512,677.37
5242,32,512,512,751.575
5242,32,512,512,729.862
20971,128,512,512,1784.39
20971,32,2048,512,1045.9
5242,32,512,512,732.763
5242,32,512,512,679.979
5242,32,512,512,744.537
5242,32,512,512,717.898
5242,32,512,512,794.318
5242,32,512,512,666.788
5242,32,512,512,764.419
5242,32,512,512,782.097
20971,128,512,512,1850.31
20971,32,2048,512,1107.6
5242,32,512,512,767.041
5242,32,512,512,559.146
5242,32,512,512,768.904
5242,32,512,512,760.71
5242,32,512,512,791.209
5242,32,512,512,610.778
5242,32,512,512,764.175
5242,32,512,512,780.641
20971,128,512,512,2130.59
20971,32,2048,512,936.61
5242,32,512,512,746.857
5242,32,512,512,457.243
5242,32,512,512,758.817
5242,32,512,512,741.968
20971,128,512,512,2220.33
20971,32,2048,512,1330.01
5242,32,512,512,656.507
5242,32,512,512,634.505
5242,32,512,512,771.628
5242,32,512,512,463.112
20971,128,512,512,1740.92
20971,32,2048,512,1308
5242,32,512,512,733.404
5242,32,512,512,573.64
5242,32,512,512,706.291
5242,32,512,512,748.323
20971,128,512,512,1698.75
20971,32,2048,512,1331.02
5242,32,512,512,732.955
5242,32,512,512,613.75
5242,32,512,512,715.601
5242,32,512,512,729.354
20971,128,512,512,1587.1
20971,32,2048,512,1210.88
5242,32,512,512,704.511
5242,32,512,512,535.735
5242,32,512,512,728.815
5242,32,512,512,741.771
20970,128,512,512,1525.16
20971,32,2048,512,1134.43
5242,32,512,512,717.468
5242,32,512,512,553.482
5242,32,512,512,672.941
5242,32,512,512,754.313
20971,128,512,512,1650.69
20971,32,2048,512,907.664
5242,32,512,512,741.116
5242,32,512,512,464.086
5242,32,512,512,682.413
5242,32,512,512,750.902
340867,2080,512,512,5875.91
131072,32,512,512,9206.11
131072,32,512,512,9173.49
131072,32,512,512,9162.07
131072,32,512,512,9176.71
524288,128,512,512,26039.4
524288,32,2048,512,12106.7
131072,32,512,512,9215.22
131072,32,512,512,9188.77
131072,32,512,512,9200.66
131072,32,512,512,9182.13
131072,32,512,512,9175.9
131072,32,512,512,9191.59
131072,32,512,512,9176.51
131072,32,512,512,9148.08
524288,128,512,512,25933.6
524288,32,2048,512,12104.4
131072,32,512,512,9223.12
131072,32,512,512,9129.17
131072,32,512,512,9186.15
131072,32,512,512,9204.3
131072,32,512,512,9205.71
131072,32,512,512,9151.88
131072,32,512,512,9226.77
131072,32,512,512,9201.67
524288,128,512,512,25892
524288,32,2048,512,12105.8
131072,32,512,512,9226.16
131072,32,512,512,9179.32
131072,32,512,512,9254.87
131072,32,512,512,9216.23
131072,32,512,512,9214.61
131072,32,512,512,9192.39
131072,32,512,512,9203.09
131072,32,512,512,9223.53
524288,128,512,512,26044.3
524288,32,2048,512,12147.3
131072,32,512,512,9201.87
131072,32,512,512,9178.92
131072,32,512,512,9261.41
131072,32,512,512,9214.81
131072,32,512,512,9180.32
131072,32,512,512,9172.09
131072,32,512,512,9199.05
131072,32,512,512,9182.93
524288,128,512,512,25961.3
524288,32,2048,512,12137.7
131072,32,512,512,9211.57
131072,32,512,512,9202.08
131072,32,512,512,9234.9
131072,32,512,512,9211.78
131072,32,512,512,9147.29
131072,32,512,512,9227.79
131072,32,512,512,9188.57
131072,32,512,512,9253.23
524288,128,512,512,26024.5
524288,32,2048,512,12112.7
131072,32,512,512,9208.94
131072,32,512,512,9182.33
131072,32,512,512,9201.67
131072,32,512,512,9236.52
524288,128,512,512,25995.5
524288,32,2048,512,12157.3
131072,32,512,512,9244.06
131072,32,512,512,9206.32
131072,32,512,512,9174.3
131072,32,512,512,9124.8
524288,128,512,512,26036.2
524288,32,2048,512,12136.8
131072,32,512,512,9167.28
131072,32,512,512,9203.29
131072,32,512,512,9229.61
131072,32,512,512,9176.71
524288,128,512,512,26128.2
524288,32,2048,512,12087.3
131072,32,512,512,9198.44
131072,32,512,512,9175.5
131072,32,512,512,9205.91
131072,32,512,512,9202.08
524288,128,512,512,26113.2
524288,32,2048,512,12092.3
131072,32,512,512,9194.81
131072,32,512,512,9212.79
131072,32,512,512,9158.47
131072,32,512,512,9191.19
524288,128,512,512,26120.1
524288,32,2048,512,12060.1
131072,32,512,512,9207.13
131072,32,512,512,9207.53
131072,32,512,512,9164.47
131072,32,512,512,9220.69
524288,128,512,512,25888.4
524288,32,2048,512,12135.8
131072,32,512,512,9238.96
131072,32,512,512,9194.21
131072,32,512,512,9131.55
131072,32,512,512,9170.69
8521728,2080,512,512,40564.3
104857,32,512,512,7331.06
104857,32,512,512,7337.79
104857,32,512,512,7392.76
104857,32,512,512,7355.65
419430,128,512,512,20716.7
419430,32,2048,512,9658.3
104857,32,512,512,7327.7
104857,32,512,512,7379.43
104857,32,512,512,7329.94
104857,32,512,512,7327.22
104857,32,512,512,7348.24
104857,32,512,512,7370.19
104857,32,512,512,7361.94
104857,32,512,512,7281.42
419430,128,512,512,20811.8
419431,32,2048,512,9667.71
104857,32,512,512,7348.56
104857,32,512,512,7352.1
104857,32,512,512,7369.7
104857,32,512,512,7352.75
104857,32,512,512,7372.78
104857,32,512,512,7397.65
104857,32,512,512,7393.08
104857,32,512,512,7362.42
419430,128,512,512,20713.9
419430,32,2048,512,9671.94
104857,32,512,512,7372.62
104857,32,512,512,7342.13
104857,32,512,512,7290.44
104857,32,512,512,7348.88
104857,32,512,512,7294.88
104857,32,512,512,7300.75
104857,32,512,512,7289.81
104857,32,512,512,7320.5
419430,128,512,512,20770.3
419430,32,2048,512,9668.66
104857,32,512,512,7386.9
104857,32,512,512,7327.22
104857,32,512,512,7333.62
104857,32,512,512,7330.42
104857,32,512,512,7321.94
104857,32,512,512,7276.53
104857,32,512,512,7331.38
104857,32,512,512,7329.46
419430,128,512,512,20731.8
419430,32,2048,512,9665.88
104857,32,512,512,7288.38
104857,32,512,512,7286.48
104857,32,512,512,7335.71
104857,32,512,512,7359.68
104857,32,512,512,7331.22
104857,32,512,512,7335.87
104857,32,512,512,7303.77
104857,32,512,512,7341.8
419430,128,512,512,20901.3
419430,32,2048,512,9654.62
104857,32,512,512,7299
104857,32,512,512,7315.08
104857,32,512,512,7324.82
104857,32,512,512,7315.71
419430,128,512,512,19276.9
419430,32,2048,512,9331.35
104857,32,512,512,6538.87
104857,32,512,512,6453.61
104857,32,512,512,6745.93
104857,32,512,512,5728.62
419430,128,512,512,20419.8
419430,32,2048,512,9621.47
104857,32,512,512,7274.48
104857,32,512,512,7343.57
104857,32,512,512,7316.99
104857,32,512,512,7313.32
419430,128,512,512,20107.5
419430,32,2048,512,9649.2
104857,32,512,512,7197.55
104857,32,512,512,7278.42
104857,32,512,512,7248.39
104857,32,512,512,7277.32
419430,128,512,512,20419.8
419430,32,2048,512,9592.86
104857,32,512,512,7270.38
104857,32,512,512,7362.26
104857,32,512,512,7206.98
104857,32,512,512,7264.24
419430,128,512,512,20859
419430,32,2048,512,9507.04
104857,32,512,512,7075.82
104857,32,512,512,7244.32
104857,32,512,512,7271.17
104857,32,512,512,7294.72
419430,128,512,512,20725.4
419430,32,2048,512,9503.81
104857,32,512,512,7121.93
104857,32,512,512,6991.63
104857,32,512,512,7070.01
104857,32,512,512,7232.45
6817382,2080,512,512,32404.2
78643,32,512,512,5471.65
78643,32,512,512,5479.52
78643,32,512,512,5477.01
78643,32,512,512,5501.68
314572,128,512,512,15709
314572,32,2048,512,7171.1
78643,32,512,512,5130.22
78643,32,512,512,5223.82
78643,32,512,512,5394.01
78643,32,512,512,4479.96
78643,32,512,512,4953.79
78643,32,512,512,4441.07
78643,32,512,512,4452.93
78643,32,512,512,5458.95
314572,128,512,512,15723.2
314572,32,2048,512,7039.12
78643,32,512,512,5146.06
78643,32,512,512,5498.67
78643,32,512,512,5250.52
78643,32,512,512,5526.57
78643,32,512,512,5402.81
78643,32,512,512,5464.52
78643,32,512,512,5408.39
78643,32,512,512,5519.41
314572,128,512,512,14797.5
314572,32,2048,512,7228.26
78643,32,512,512,5477.01
78643,32,512,512,5461.8
78643,32,512,512,5434.78
78643,32,512,512,5519.54
78643,32,512,512,5515.79
78643,32,512,512,5508.54
78643,32,512,512,5479.04
78643,32,512,512,5323.72
314572,128,512,512,15332.6
314572,32,2048,512,7249.55
78643,32,512,512,5478.2
78643,32,512,512,5463.93
78643,32,512,512,5502.04
78643,32,512,512,5516.15
78643,32,512,512,5320.12
78643,32,512,512,5393.2
78643,32,512,512,5325.3
78643,32,512,512,5394.71
314572,128,512,512,15620
314572,32,2048,512,7282.23
78643,32,512,512,5504.2
78643,32,512,512,5509.51
78643,32,512,512,5502.4
78643,32,512,512,5189.46
78643,32,512,512,5308.23
78643,32,512,512,5324.51
78643,32,512,512,5316.64
78643,32,512,512,5393.78
314572,128,512,512,15629.9
314572,32,2048,512,7283.39
78643,32,512,512,5483.1
78643,32,512,512,5527.29
78643,32,512,512,5500.59
78643,32,512,512,5553.64
314572,128,512,512,15226.6
314572,32,2048,512,7213.5
78643,32,512,512,5278.5
78643,32,512,512,5344.41
78643,32,512,512,5324.96
78643,32,512,512,5472.36
314572,128,512,512,15638.9
314572,32,2048,512,7309.62
78643,32,512,512,5097.07
78643,32,512,512,5246.69
78643,32,512,512,5171.97
78643,32,512,512,5301.18
314572,128,512,512,15643.5
314572,32,2048,512,7282.6
78643,32,512,512,5499.99
78643,32,512,512,5504.44
78643,32,512,512,5326.2
78643,32,512,512,5256.23
314572,128,512,512,15435.8
314572,32,2048,512,7250.18
78643,32,512,512,5535.56
78643,32,512,512,5521.23
78643,32,512,512,5450.67
78643,32,512,512,5229.58
314572,128,512,512,14918.3
314572,32,2048,512,7279.07
78643,32,512,512,5437.84
78643,32,512,512,5501.92
78643,32,512,512,5517.36
78643,32,512,512,5521.23
314572,128,512,512,14860.4
314572,32,2048,512,7218.62
78643,32,512,512,5414.55
78643,32,512,512,5524.5
78643,32,512,512,5498.43
78643,32,512,512,5503.96
5113038,2080,512,512,24399.9
52428,32,512,512,3764.86
52428,32,512,512,3749.04
52428,32,512,512,3731.86
52428,32,512,512,3760.22
209715,128,512,512,10494.1
209715,32,2048,512,4988.13
52428,32,512,512,3690
52428,32,512,512,3741.6
52428,32,512,512,3736.27
52428,32,512,512,3751.89
52428,32,512,512,3760.05
52428,32,512,512,3150.13
52428,32,512,512,3014.13
52428,32,512,512,3424.01
209715,128,512,512,10388.8
209715,32,2048,512,4985.38
52428,32,512,512,3748.79
52428,32,512,512,3775.79
52428,32,512,512,3807.15
52428,32,512,512,3747.87
52428,32,512,512,3554.37
52428,32,512,512,3610.28
52428,32,512,512,3650.74
52428,32,512,512,3624.55
209715,128,512,512,10812.3
209715,32,2048,512,5012.76
52428,32,512,512,3740.1
52428,32,512,512,3733.36
52428,32,512,512,3524.87
52428,32,512,512,3548.95
52428,32,512,512,3643.84
52428,32,512,512,3620.8
52428,32,512,512,3702.05
52428,32,512,512,3711.23
209715,128,512,512,10744.1
209715,32,2048,512,4990.87
52428,32,512,512,3788.41
52428,32,512,512,3616.89
52428,32,512,512,3619.63
52428,32,512,512,3570.1
52428,32,512,512,3621.5
52428,32,512,512,3646.93
52428,32,512,512,3636.49
52428,32,512,512,3694.07
209715,128,512,512,10743.9
209715,32,2048,512,4998.19
52428,32,512,512,3769.77
52428,32,512,512,3753.66
52428,32,512,512,3751.81
52428,32,512,512,3292.44
52428,32,512,512,3511.15
52428,32,512,512,3406.01
52428,32,512,512,3443.62
52428,32,512,512,3569.49
209715,128,512,512,10521.1
209715,32,2048,512,5005.17
52428,32,512,512,3744.44
52428,32,512,512,3715.99
52428,32,512,512,3693.82
52428,32,512,512,3752.9
209716,128,512,512,10432.7
209715,32,2048,512,4972.16
52428,32,512,512,3759.88
52428,32,512,512,3741.02
52428,32,512,512,3746.2
52428,32,512,512,3710.82
209715,128,512,512,10838
209715,32,2048,512,4901.13
52428,32,512,512,3645.34
52428,32,512,512,3684.17
52428,32,512,512,3715.25
52428,32,512,512,3259.94
209715,128,512,512,10794
209715,32,2048,512,4879.89
52428,32,512,512,3585.28
52428,32,512,512,3636.42
52428,32,512,512,3672.96
52428,32,512,512,3670.55
209715,128,512,512,10730
209715,32,2048,512,4883.62
52428,32,512,512,3571.31
52428,32,512,512,3559.72
52428,32,512,512,3569.87
52428,32,512,512,3661.09
209715,128,512,512,10812
209715,32,2048,512,4980.72
52428,32,512,512,3766.13
52429,32,512,512,3745.85
52428,32,512,512,3750.38
52428,32,512,512,3709.09
209715,128,512,512,10668.3
209715,32,2048,512,4977.1
52428,32,512,512,3712.79
52428,32,512,512,3729.21
52428,32,512,512,3737.18
52428,32,512,512,3731.28
3408692,2080,512,512,16795
26214,32,512,512,2103.7
26214,32,512,512,2063.79
26214,32,512,512,2093.41
26214,32,512,512,2146.71
104857,128,512,512,6296.18
104857,32,2048,512,2939.85
26214,32,512,512,2180.19
26214,32,512,512,2152.11
26214,32,512,512,2198.99
26214,32,512,512,2057.56
26214,32,512,512,2127.17
26214,32,512,512,2041.99
26214,32,512,512,2116.7
26214,32,512,512,2145.67
104857,128,512,512,6300.32
104857,32,2048,512,2939.74
26214,32,512,512,2208.14
26214,32,512,512,2148.2
26214,32,512,512,2072.25
26214,32,512,512,2066.03
26214,32,512,512,2143.86
26214,32,512,512,2146.88
26214,32,512,512,2165.33
26214,32,512,512,2119.75
104857,128,512,512,6314.07
104857,32,2048,512,3000.57
26214,32,512,512,2188.43
26214,32,512,512,2182.68
26214,32,512,512,2159.59
26214,32,512,512,2018.6
26214,32,512,512,2171.72
26214,32,512,512,2183.99
26214,32,512,512,2130.9
26214,32,512,512,2120.18
104857,128,512,512,6088.15
104857,32,2048,512,2989.13
26214,32,512,512,2139.48
26214,32,512,512,2168.74
26214,32,512,512,2157.81
26214,32,512,512,2205.7
26214,32,512,512,2236.03
26214,32,512,512,2140.79
26214,32,512,512,2180.58
26214,32,512,512,2213.85
104857,128,512,512,5927.26
104857,32,2048,512,2900.91
26214,32,512,512,2073.33
26214,32,512,512,2112.86
26214,32,512,512,2148.52
26214,32,512,512,2168.8
26214,32,512,512,2147.65
26214,32,512,512,2131.28
26214,32,512,512,2182.06
26214,32,512,512,2189.12
104857,128,512,512,6305.17
104857,32,2048,512,2900.61
26214,32,512,512,2040.99
26214,32,512,512,2083.53
26214,32,512,512,2164.32
26214,32,512,512,2170.32
104857,128,512,512,6254.28
104857,32,2048,512,2991.32
26214,32,512,512,2147.81
26214,32,512,512,2062.98
26214,32,512,512,2143.14
26214,32,512,512,2087.42
104857,128,512,512,6258.95
104857,32,2048,512,2979.55
26214,32,512,512,2197.32
26214,32,512,512,2185.98
26214,32,512,512,2180.53
26214,32,512,512,2168.74
104857,128,512,512,5930.4
104857,32,2048,512,3013.89
26214,32,512,512,2194.1
26214,32,512,512,2155.65
26214,32,512,512,2164.88
26214,32,512,512,2176.51
104857,128,512,512,6316.8
104857,32,2048,512,2933.45
26214,32,512,512,2109.78
26214,32,512,512,2149.96
26214,32,512,512,2161.37
26214,32,512,512,2169.92
104857,128,512,512,6324.3
104857,32,2048,512,2971.58
26214,32,512,512,2177.36
26214,32,512,512,2163.21
26214,32,512,512,2052.18
26214,32,512,512,2104.75
104857,128,512,512,6136.02
104857,32,2048,512,2971.14
26214,32,512,512,2171.44
26214,32,512,512,2156.7
26214,32,512,512,2155.32
26214,32,512,512,2183.82
1704346,2080,512,512,10423.3
13107,32,512,512,1309.47
13107,32,512,512,1387.17
13107,32,512,512,1369.14
13107,32,512,512,1358.15
52428,128,512,512,3987.11
52428,32,2048,512,2022.61
13107,32,512,512,1366.47
13107,32,512,512,1292.44
13107,32,512,512,1315.01
13107,32,512,512,1275.93
13107,32,512,512,1286.02
13107,32,512,512,1314.15
13107,32,512,512,1341.43
13107,32,512,512,1368.92
52428,128,512,512,4016.8
52428,32,2048,512,2087.42
13107,32,512,512,1407.7
13107,32,512,512,1366.2
13107,32,512,512,1389.97
13107,32,512,512,1358.46
13107,32,512,512,1254.48
13107,32,512,512,1276.51
13107,32,512,512,1250.74
13107,32,512,512,1276.71
52428,128,512,512,3902.07
52428,32,2048,512,2082.65
13107,32,512,512,1366.78
13107,32,512,512,1392.28
13107,32,512,512,1349.28
13107,32,512,512,1375.34
13107,32,512,512,1345.64
13107,32,512,512,1389.69
13107,32,512,512,1256.1
13107,32,512,512,1275.39
52428,128,512,512,3876.29
52428,32,2048,512,2095
13107,32,512,512,1356.3
13107,32,512,512,1366.78
13107,32,512,512,1381.59
13107,32,512,512,1371.43
13107,32,512,512,1355.34
13107,32,512,512,1373.99
13107,32,512,512,1384.47
13107,32,512,512,1383.92
52428,128,512,512,4058.09
52428,32,2048,512,2044
13107,32,512,512,1313.9
13107,32,512,512,1318.36
13107,32,512,512,1336.51
13107,32,512,512,1373.58
13107,32,512,512,1337.06
13107,32,512,512,1328.3
13107,32,512,512,1386.43
13107,32,512,512,1348.5
52428,128,512,512,3964.78
52428,32,2048,512,2070.31
13107,32,512,512,1344.78
13107,32,512,512,1370.26
13107,32,512,512,1388.45
13107,32,512,512,1222.21
52428,128,512,512,3741.94
52428,32,2048,512,1990.25
13107,32,512,512,1293.2
13107,32,512,512,1323.6
13107,32,512,512,1368.52
13107,32,512,512,1270.67
52428,128,512,512,3875.04
52428,32,2048,512,2093.17
13107,32,512,512,1360.18
13107,32,512,512,1395.8
13107,32,512,512,1381.41
13107,32,512,512,1415.16
52428,128,512,512,3784.14
52428,32,2048,512,2053.41
13107,32,512,512,1318.78
13107,32,512,512,1335.79
13107,32,512,512,1318.49
13107,32,512,512,1371.16
52428,128,512,512,4000.8
52428,32,2048,512,2063.23
13107,32,512,512,1357.36
13107,32,512,512,1356.48
13107,32,512,512,1357.27
13107,32,512,512,1347.2
52428,128,512,512,3894.83
52428,32,2048,512,2046.6
13107,32,512,512,1342.37
13107,32,512,512,1347.11
13107,32,512,512,1391.26
13107,32,512,512,1379.23
52428,128,512,512,3982
52428,32,2048,512,2067.91
13107,32,512,512,1366.16
13107,32,512,512,1290.14
13107,32,512,512,1256.66
13107,32,512,512,1286.66
852173,2080,512,512,7454.01
5242,32,512,512,710.991
5242,32,512,512,737.175
5242,32,512,512,740.592
5242,32,512,512,729.037
20971,128,512,512,2243.26
20971,32,2048,512,1396.84
5242,32,512,512,751.946
5242,32,512,512,734.335
5242,32,512,512,644.128
5242,32,512,512,671.997
5242,32,512,512,705.489
5242,32,512,512,779.661
5242,32,512,512,709.848
5242,32,512,512,728.246
20971,128,512,512,2152.11
20971,32,2048,512,1405.89
5242,32,512,512,744.504
5242,32,512,512,746.558
5242,32,512,512,722.661
5242,32,512,512,744.074
5242,32,512,512,725.003
5242,32,512,512,761.158
5242,32,512,512,734.335
5242,32,512,512,762.716
20971,128,512,512,2279.84
20971,32,2048,512,1426.66
5242,32,512,512,743.184
5242,32,512,512,760.917
5242,32,512,512,659.06
5242,32,512,512,722.163
5242,32,512,512,713.744
5242,32,512,512,654.279
5242,32,512,512,713.137
5242,32,512,512,678.906
20971,128,512,512,2198.86
20971,32,2048,512,1381.35
5242,32,512,512,746.392
5242,32,512,512,745.297
5242,32,512,512,748.056
5242,32,512,512,752.79
5242,32,512,512,751.441
5242,32,512,512,762.196
5242,32,512,512,768.939
5242,32,512,512,776.342
20971,128,512,512,2309.42
20971,32,2048,512,1385.54
5242,32,512,512,747.489
5242,32,512,512,759.986
5242,32,512,512,728.594
5242,32,512,512,742.395
5242,32,512,512,728.499
5242,32,512,512,745.662
5242,32,512,512,758.405
5242,32,512,512,734.11
20971,128,512,512,2283.26
20971,32,2048,512,1444.28
5242,32,512,512,752.553
5242,32,512,512,763.688
5242,32,512,512,658.646
5242,32,512,512,633.211
20971,128,512,512,2076.27
20971,32,2048,512,1401.01
5242,32,512,512,747.589
5242,32,512,512,736.98
5242,32,512,512,750.365
5242,32,512,512,723.44
20971,128,512,512,2270.82
20971,32,2048,512,1399.55
5242,32,512,512,785.172
5242,32,512,512,745.496
5242,32,512,512,753.398
5242,32,512,512,535.581
20971,128,512,512,1886.3
20971,32,2048,512,1315.67
5242,32,512,512,624.955
5242,32,512,512,704.127
5242,32,512,512,720.922
5242,32,512,512,732.283
20971,128,512,512,2238.92
20971,32,2048,512,1406.92
5242,32,512,512,744.735
5242,32,512,512,746.657
5242,32,512,512,748.858
5242,32,512,512,774.192
20971,128,512,512,2117.68
20971,32,2048,512,1358.94
5242,32,512,512,720.55
5242,32,512,512,739.841
5242,32,512,512,743.909
5242,32,512,512,755.604
20971,128,512,512,2273.35
20971,32,2048,512,1414.09
5242,32,512,512,745.596
5242,32,512,512,762.681
5242,32,512,512,752.486
5242,32,512,512,764.001
340868,2080,512,512,5500.59
144656,32,512,512,10158.7
145219,32,512,512,10169
143086,32,512,512,9943.87
134140,32,512,512,9292.9
617373,128,512,512,30521.9
511909,32,2048,512,11607.6
152784,32,512,512,10023.8
177501,32,512,512,11947.4
138819,32,512,512,9208.56
175788,32,512,512,12106.1
148318,32,512,512,10024
146820,32,512,512,10059.8
139898,32,512,512,9434.24
135158,32,512,512,9326.07
605239,128,512,512,29700.9
498916,32,2048,512,11554.7
135302,32,512,512,9471.82
167130,32,512,512,11215.6
127129,32,512,512,8580.56
160282,32,512,512,10826
137228,32,512,512,9400.99
141001,32,512,512,9820.72
127709,32,512,512,9037.35
127997,32,512,512,8909.37
614701,128,512,512,30454.8
495116,32,2048,512,11297.2
141404,32,512,512,9605.44
162547,32,512,512,11044.9
133241,32,512,512,9277.82
157924,32,512,512,11040
140148,32,512,512,9716.69
155781,32,512,512,10808.5
131610,32,512,512,9215.38
141524,32,512,512,9895.27
622718,128,512,512,30427.5
500156,32,2048,512,11448.4
145809,32,512,512,10113.6
161899,32,512,512,11266.7
134961,32,512,512,9444.23
157923,32,512,512,10977.8
144846,32,512,512,10206.9
169827,32,512,512,11813.5
137419,32,512,512,9558.96
157723,32,512,512,10885.4
638805,128,512,512,31599.1
520728,32,2048,512,11868.6
138115,32,512,512,9411.79
151839,32,512,512,10450
128572,32,512,512,8948.62
149774,32,512,512,10537.3
147527,32,512,512,10263.6
166724,32,512,512,11532.8
145068,32,512,512,10179.5
157919,32,512,512,11013.4
662743,128,512,512,32868.5
529525,32,2048,512,12025.9
123866,32,512,512,8238.34
147677,32,512,512,10131.3
110753,32,512,512,7641.1
145625,32,512,512,10257.8
485342,128,512,512,21451.3
372276,32,2048,512,8610.83
137762,32,512,512,9576.37
152588,32,512,512,10636.8
124825,32,512,512,8600.28
152847,32,512,512,10741.9
472169,128,512,512,23701.4
364688,32,2048,512,8690.28
105892,32,512,512,6867.19
152424,32,512,512,10307.8
96613,32,512,512,6573.15
141359,32,512,512,9582.24
498329,128,512,512,24530.5
374306,32,2048,512,8995.03
111037,32,512,512,7772.98
141993,32,512,512,9979.31
105115,32,512,512,7348.61
131116,32,512,512,8787.39
521358,128,512,512,25615.2
382228,32,2048,512,8904.55
112897,32,512,512,7941.41
135583,32,512,512,9526.51
105657,32,512,512,7322.36
124591,32,512,512,8741.12
524195,128,512,512,25642.4
379576,32,2048,512,8880.85
123414,32,512,512,8616.8
142424,32,512,512,9960.81
114404,32,512,512,7998.36
133618,32,512,512,9391.12
518126,128,512,512,24364.1
360766,32,2048,512,8390.08
127963,32,512,512,8995.05
137811,32,512,512,9544.53
119801,32,512,512,8297.91
131226,32,512,512,9167.03
8449349,2080,512,512,40130.1
110054,32,512,512,7010.37
100849,32,512,512,6889.48
69340,32,512,512,4463.02
69926,32,512,512,4785.97
520881,128,512,512,25067.6
420270,32,2048,512,9700.81
176573,32,512,512,12278
164906,32,512,512,11543
119346,32,512,512,8381.96
163179,32,512,512,11422.1
131179,32,512,512,9261.2
106332,32,512,512,7108.2
80702,32,512,512,5332.59
75910,32,512,512,5144.04
434108,128,512,512,21163.4
364167,32,2048,512,8426.68
115824,32,512,512,8183.46
118372,32,512,512,8312.28
73184,32,512,512,5158.46
95756,32,512,512,6686.29
132447,32,512,512,9245.46
106685,32,512,512,7428.35
85843,32,512,512,6006.42
78662,32,512,512,5509.27
451905,128,512,512,22243.9
377715,32,2048,512,8341.93
131164,32,512,512,8444.32
130939,32,512,512,8534.92
81929,32,512,512,5373.82
114764,32,512,512,7878.26
133557,32,512,512,9299.01
114906,32,512,512,8032.23
86931,32,512,512,5999.77
87415,32,512,512,6071.54
480220,128,512,512,23735.4
389027,32,2048,512,8866.52
144587,32,512,512,9984
131025,32,512,512,9074.15
92656,32,512,512,6435.56
115987,32,512,512,8109.39
144703,32,512,512,10090.9
128707,32,512,512,8976.36
97146,32,512,512,6803.69
100981,32,512,512,7083.9
519534,128,512,512,25805.7
435213,32,2048,512,9883.83
151362,32,512,512,10397.1
131393,32,512,512,9022.7
95590,32,512,512,6623.1
119793,32,512,512,8329.81
145197,32,512,512,10206.1
145080,32,512,512,9994.32
101998,32,512,512,7104.47
112628,32,512,512,7814.61
562881,128,512,512,27914.2
463789,32,2048,512,10471.7
130724,32,512,512,8624.73
106538,32,512,512,7075.12
68242,32,512,512,4601.52
94758,32,512,512,6373.9
464225,128,512,512,22565.7
348379,32,2048,512,8539.74
157973,32,512,512,11048.5
128921,32,512,512,9043.12
96673,32,512,512,6782.44
122165,32,512,512,8574.87
225571,128,512,512,11241.7
205326,32,2048,512,5961.57
65235,32,512,512,4588.77
83880,32,512,512,6159.16
37002,32,512,512,2735.07
58084,32,512,512,4105.15
281342,128,512,512,14529.3
253598,32,2048,512,6468.4
84469,32,512,512,5748.64
98998,32,512,512,6769.24
45258,32,512,512,3287.38
74105,32,512,512,5159.06
291371,128,512,512,14879.4
256402,32,2048,512,6654.07
109587,32,512,512,7317.08
99608,32,512,512,6432.42
60842,32,512,512,4155.88
76770,32,512,512,5273.69
301623,128,512,512,15229.2
236448,32,2048,512,6006.27
116101,32,512,512,8090.49
93737,32,512,512,6571.12
69341,32,512,512,4418.3
72872,32,512,512,4624.78
266304,128,512,512,13404
179846,32,2048,512,4918.23
118976,32,512,512,8282.9
87654,32,512,512,6174.86
69802,32,512,512,4935.51
68146,32,512,512,4785.12
8099792,2080,512,512,38491
69048,32,512,512,4866.29
70699,32,512,512,5100.25
55824,32,512,512,3972.09
51977,32,512,512,3379.86
440834,128,512,512,21062.3
349724,32,2048,512,8091.59
142988,32,512,512,10021.7
140146,32,512,512,9755.65
102718,32,512,512,7165.07
144324,32,512,512,10188.8
90907,32,512,512,6381.12
79001,32,512,512,5233.59
71333,32,512,512,4732.56
59864,32,512,512,3960.32
350127,128,512,512,17468.9
278118,32,2048,512,6514.59
77453,32,512,512,5383.82
97490,32,512,512,6823.75
58782,32,512,512,4181.36
79224,32,512,512,5242.39
72798,32,512,512,4673.19
80140,32,512,512,5430.81
60387,32,512,512,4107.52
59524,32,512,512,4177.95
377531,128,512,512,18688.8
301616,32,2048,512,7034.26
85602,32,512,512,5947.04
106244,32,512,512,6986
64319,32,512,512,4394.69
92139,32,512,512,6155.81
80374,32,512,512,5456.83
91729,32,512,512,6299.53
68532,32,512,512,4797.17
70060,32,512,512,4925.78
413100,128,512,512,20634
326865,32,2048,512,7573.65
100219,32,512,512,6562.59
112406,32,512,512,7582.67
76218,32,512,512,5279.74
99957,32,512,512,6991.68
89251,32,512,512,6237.38
113306,32,512,512,7967.9
75834,32,512,512,5296.71
88878,32,512,512,6220.68
454699,128,512,512,22425.5
370593,32,2048,512,8560.45
99341,32,512,512,6484
113026,32,512,512,7941.06
75788,32,512,512,5163.11
103039,32,512,512,7005.14
95971,32,512,512,6301.06
126777,32,512,512,8667.59
84980,32,512,512,5605.89
99415,32,512,512,6570.18
483495,128,512,512,23193
392291,32,2048,512,9083.96
78700,32,512,512,5496.29
89338,32,512,512,6279.8
60344,32,512,512,4280.48
81600,32,512,512,5371.84
377485,128,512,512,16219.3
263284,32,2048,512,6362.11
125652,32,512,512,8778.61
98723,32,512,512,6900.39
91651,32,512,512,6401.05
101724,32,512,512,7083.85
139876,128,512,512,7240.07
104165,32,2048,512,3820.12
40729,32,512,512,3027.76
59136,32,512,512,4398.26
32292,32,512,512,2425.41
38547,32,512,512,2798.46
194581,128,512,512,10700.4
150283,32,2048,512,4392.43
42786,32,512,512,3000.16
66156,32,512,512,4713.02
33491,32,512,512,2463.2
47033,32,512,512,3356.95
247017,128,512,512,12899.3
179358,32,2048,512,4477.9
55210,32,512,512,3899.53
68722,32,512,512,4876.28
40973,32,512,512,2990.94
52095,32,512,512,3691.74
248270,128,512,512,12752.2
172574,32,2048,512,4483.38
71451,32,512,512,4948.56
73260,32,512,512,5131.04
54975,32,512,512,3844.49
59423,32,512,512,4180.58
222621,128,512,512,11444.1
136351,32,2048,512,3864.48
74612,32,512,512,5170.51
68003,32,512,512,4466.17
58713,32,512,512,4118.13
55485,32,512,512,3760.82
5628498,2080,512,512,26801
55839,32,512,512,3542.73
47152,32,512,512,3888.33
40749,32,512,512,2881.13
31688,32,512,512,2305.26
246942,128,512,512,12640.2
187181,32,2048,512,4724.93
108105,32,512,512,7525.59
107497,32,512,512,7180.53
65349,32,512,512,4414.91
112066,32,512,512,7629.54
53552,32,512,512,3709.39
46022,32,512,512,3702.31
38979,32,512,512,2756.04
28332,32,512,512,2081.56
181465,128,512,512,9553.3
138731,32,2048,512,4105.49
44787,32,512,512,3181.11
56702,32,512,512,4277.58
30654,32,512,512,2334.49
40235,32,512,512,2882.87
49209,32,512,512,2562.76
55295,32,512,512,3144.44
37240,32,512,512,2486.29
33400,32,512,512,2209.04
209478,128,512,512,10669.1
170877,32,2048,512,4527.7
59402,32,512,512,4211.51
78627,32,512,512,5180.39
40400,32,512,512,2811.54
58892,32,512,512,4033.87
51857,32,512,512,3585
60576,32,512,512,4237.66
42887,32,512,512,3173.95
40323,32,512,512,2942.68
249613,128,512,512,12606.1
196462,32,2048,512,4752.27
65126,32,512,512,4367.58
73887,32,512,512,4943
44367,32,512,512,3244.54
60688,32,512,512,4073.45
60021,32,512,512,4170.12
83964,32,512,512,5620.43
47934,32,512,512,3336.72
56646,32,512,512,4021.55
302452,128,512,512,15116.9
246814,32,2048,512,5782
65341,32,512,512,4597.53
81599,32,512,512,5751.85
45839,32,512,512,3273.05
66444,32,512,512,4211.73
63673,32,512,512,4351.85
94580,32,512,512,6345.26
54191,32,512,512,3784.37
65642,32,512,512,4558.38
343356,128,512,512,16898.5
257197,32,2048,512,6063.15
41783,32,512,512,3005.57
52641,32,512,512,3781.6
29547,32,512,512,2317.92
42360,32,512,512,3066.86
216719,128,512,512,10615.8
149618,32,2048,512,4316.77
81604,32,512,512,5685.58
64242,32,512,512,4736.96
43030,32,512,512,3069.05
61783,32,512,512,4296.55
48481,128,512,512,2803.13
38360,32,2048,512,2606.92
18164,32,512,512,1403.44
29508,32,512,512,3045.69
13422,32,512,512,1060.06
18682,32,512,512,1306.78
101911,128,512,512,5752.09
82333,32,2048,512,3357.84
19741,32,512,512,1503.47
38241,32,512,512,3452.42
15129,32,512,512,1236.16
25640,32,512,512,1866
114133,128,512,512,6371.25
85304,32,2048,512,3073.85
36347,32,512,512,2475.27
44755,32,512,512,3233.01
25265,32,512,512,2016.26
30012,32,512,512,2206.31
115983,128,512,512,6378.27
83975,32,2048,512,3358.29
48912,32,512,512,3576.67
44247,32,512,512,3409.44
33185,32,512,512,2594.1
27808,32,512,512,1873.26
83494,128,512,512,4416.5
48292,32,2048,512,2366.2
42541,32,512,512,3023.73
43863,32,512,512,3237.72
30263,32,512,512,2265.83
31688,32,512,512,2290.48
4570384,2080,512,512,22180.1
34247,32,512,512,2532.19
19404,32,512,512,2562.75
16396,32,512,512,1226.27
11969,32,512,512,890.551
104673,128,512,512,5856.65
81975,32,2048,512,3066.78
97078,32,512,512,6197.75
69893,32,512,512,4896.61
25760,32,512,512,1792.39
69617,32,512,512,4791.47
48869,32,512,512,3417.12
21820,32,512,512,2455.3
15338,32,512,512,1218.81
10662,32,512,512,818.286
41663,128,512,512,2563.04
36012,32,2048,512,2584.23
42364,32,512,512,3060.98
32657,32,512,512,2752.53
13187,32,512,512,1042.76
17178,32,512,512,1365.57
50871,32,512,512,3505.1
27364,32,512,512,2434.86
15168,32,512,512,1383.63
13381,32,512,512,1156.09
52212,128,512,512,3095.07
48390,32,2048,512,2842.08
55223,32,512,512,3934.75
42626,32,512,512,3154.56
15872,32,512,512,1413.36
24727,32,512,512,1935.29
54011,32,512,512,3480.58
38147,32,512,512,2532.16
17464,32,512,512,1392.04
16461,32,512,512,1439.76
72869,128,512,512,4081.51
71587,32,2048,512,3353.61
66349,32,512,512,4621.91
49036,32,512,512,3493.92
18628,32,512,512,1562.67
30148,32,512,512,2281.13
63533,32,512,512,4528.77
47347,32,512,512,3344.75
19514,32,512,512,1544.63
23243,32,512,512,1987.32
100398,128,512,512,5471.84
85572,32,2048,512,3135.26
58607,32,512,512,4111.15
37223,32,512,512,2905.07
14595,32,512,512,1365.57
23119,32,512,512,1891.75
70285,32,512,512,4926.56
56422,32,512,512,3894.87
21842,32,512,512,1901.99
27155,32,512,512,2219.28
130289,128,512,512,6980.74
90678,32,2048,512,2968.52
48564,32,512,512,3529.28
26377,32,512,512,2307.01
9201,32,512,512,944.751
16237,32,512,512,1346.56
58872,128,512,512,3477.25
55804,32,2048,512,2846.23
69433,32,512,512,4977.95
57004,32,512,512,4608.25
12532,32,512,512,1034.93
53312,32,512,512,3792.17
19051,128,512,512,1205.4
20119,32,2048,512,1961.51
10834,32,512,512,753.768
21594,32,512,512,2449.17
3649,32,512,512,333.918
14972,32,512,512,1110.3
19537,128,512,512,1214.44
20744,32,2048,512,2061.13
32975,32,512,512,2339.43
19159,32,512,512,2533.21
8520,32,512,512,789.14
9463,32,512,512,743.363
21054,128,512,512,1493.79
21606,32,2048,512,2137.55
19284,32,512,512,1552.54
16852,32,512,512,2111.7
5429,32,512,512,544.977
8863,32,512,512,725.083
20900,128,512,512,1293.07
18007,32,2048,512,1669.92
29744,32,512,512,2075.15
15941,32,512,512,1795.66
7369,32,512,512,697.595
9554,32,512,512,803.153
16100,128,512,512,1176.23
9871,32,2048,512,1189.14
32053,32,512,512,2402.33
18132,32,512,512,1834.41
7471,32,512,512,789.824
12811,32,512,512,1043.51
2802367,2080,512,512,14932
17538,32,512,512,1298.69
9689,32,512,512,1462.15
9630,32,512,512,743.971
5732,32,512,512,492.969
49727,128,512,512,3150.39
41575,32,2048,512,2200.17
60339,32,512,512,4299.95
33846,32,512,512,3082.69
10762,32,512,512,814.205
34845,32,512,512,2580.22
27165,32,512,512,1991.34
12022,32,512,512,1368.32
7018,32,512,512,648.22
4981,32,512,512,434.773
18329,128,512,512,1199.39
18724,32,2048,512,1723.28
20384,32,512,512,1527.64
20795,32,512,512,1931.39
5704,32,512,512,509.912
9461,32,512,512,873.566
21954,32,512,512,1720.66
12498,32,512,512,1534.56
5460,32,512,512,639.414
4860,32,512,512,495.176
19355,128,512,512,1392.6
20125,32,2048,512,1832.46
29397,32,512,512,2234.08
26491,32,512,512,2224.33
6978,32,512,512,810.306
12252,32,512,512,1140.95
23425,32,512,512,1853.15
20550,32,512,512,1980.72
6200,32,512,512,658.305
7340,32,512,512,740.876
25190,128,512,512,1740.32
29575,32,2048,512,2217.07
33448,32,512,512,2329.55
35320,32,512,512,2598.55
8490,32,512,512,794.107
16466,32,512,512,1349.33
25495,32,512,512,1858.45
36244,32,512,512,2680.15
7017,32,512,512,819.593
11888,32,512,512,1260.78
33082,128,512,512,2120.17
44738,32,2048,512,2783.67
25079,32,512,512,1936.51
31458,32,512,512,2507.74
6391,32,512,512,729.176
14370,32,512,512,1108.53
44130,32,512,512,3105.22
37424,32,512,512,2704.78
10100,32,512,512,1052.87
15476,32,512,512,1584.64
42127,128,512,512,2761.07
29857,32,2048,512,1682.29
18768,32,512,512,1537.06
14559,32,512,512,1324.45
3701,32,512,512,495.863
9011,32,512,512,868.059
26707,128,512,512,1874.26
26895,32,2048,512,1763.93
46041,32,512,512,3196.95
39819,32,512,512,2649.03
5371,32,512,512,453.165
35052,32,512,512,2395.08
3789,128,512,512,307.144
3298,32,2048,512,553.85
10357,32,512,512,805.836
5954,32,512,512,977.619
2109,32,512,512,246.297
2920,32,512,512,284.159
3678,128,512,512,297.558
3035,32,2048,512,531.844
3920,32,512,512,341.78
6539,32,512,512,853.969
1294,32,512,512,142.271
3906,32,512,512,336.643
6591,128,512,512,534.55
6228,32,2048,512,833.352
10973,32,512,512,897.771
10235,32,512,512,1347.82
2888,32,512,512,326.524
6614,32,512,512,569.298
5856,128,512,512,498.277
5056,32,2048,512,764.396
21060,32,512,512,1667.46
9576,32,512,512,1253.25
4067,32,512,512,519.392
4228,32,512,512,381.072
4933,128,512,512,426.143
2797,32,2048,512,359.497
16062,32,512,512,1204.67
8583,32,512,512,880.195
3442,32,512,512,369.289
6578,32,512,512,536.227
1362291,2080,512,512,9498.14
0,32,512,512,0
929,32,512,512,188.354
0,32,512,512,0
246,32,512,512,34.2783
14047,128,512,512,1115.89
20596,32,2048,512,1855.91
22905,32,512,512,1774.51
27236,32,512,512,2610.84
5473,32,512,512,422.616
25435,32,512,512,1879.94
0,32,512,512,0
77,32,512,512,14.9642
0,32,512,512,0
19,32,512,512,4.03933
1932,128,512,512,192.018
1833,32,2048,512,300.2
8299,32,512,512,747.132
20258,32,512,512,1933.65
4656,32,512,512,421.286
6968,32,512,512,697.257
39,32,512,512,6.9916
6,32,512,512,1.32286
8,32,512,512,1.6362
20,32,512,512,4.16423
1005,128,512,512,113.559
960,32,2048,512,199.08
15889,32,512,512,1264.17
26465,32,512,512,2438.61
4629,32,512,512,502.793
9380,32,512,512,883.421
2992,32,512,512,242.359
1844,32,512,512,372.737
640,32,512,512,96.0556
401,32,512,512,46.5197
1423,128,512,512,131.912
1698,32,2048,512,317.643
13471,32,512,512,1087.25
25799,32,512,512,2345.43
5084,32,512,512,522.44
10880,32,512,512,941.151
10658,32,512,512,818.725
7785,32,512,512,630.253
5360,32,512,512,489.33
2762,32,512,512,251.255
1185,128,512,512,120.772
1198,32,2048,512,240.261
4459,32,512,512,394.558
4413,32,512,512,663.765
1897,32,512,512,201.507
1883,32,512,512,235.173
30410,32,512,512,2246.82
23696,32,512,512,2232.25
14210,32,512,512,1219.22
7168,32,512,512,720.673
1373,128,512,512,118.647
1671,32,2048,512,321.443
5531,32,512,512,471.087
2353,32,512,512,447.897
2904,32,512,512,289.811
743,32,512,512,107.482
0,128,512,512,0
0,32,2048,512,0
9554,32,512,512,774.172
19357,32,512,512,1836.31
5442,32,512,512,477.251
13274,32,512,512,1057.95
0,128,512,512,0
0,32,2048,512,0
1670,32,512,512,186.54
1644,32,512,512,292.967
1203,32,512,512,132.653
301,32,512,512,45.9674
159,128,512,512,23.4103
274,32,2048,512,61.1906
87,32,512,512,16.3967
193,32,512,512,42.3884
15,32,512,512,3.2032
19,32,512,512,4.08932
0,128,512,512,0
0,32,2048,512,0
0,32,512,512,0
0,32,512,512,0
0,32,512,512,0
0,32,512,512,0
0,128,512,512,0
0,32,2048,512,0
0,32,512,512,0
0,32,512,512,0
0,32,512,512,0
0,32,512,512,0
0,128,512,512,0
0,32,2048,512,0
0,32,512,512,0
0,32,512,512,0
0,32,512,512,0
0,32,512,512,0
850094,2080,512,512,8678.66
