128761,64,512,512,4072.77
132877,64,512,512,9286.62
142349,64,512,512,9920.44
122501,64,512,512,8673.02
657561,256,512,512,24766.3
587093,64,2048,512,14415.7
158760,64,512,512,11239.4
161312,64,512,512,11553
154701,64,512,512,10966.4
163812,64,512,512,11686.5
138452,64,512,512,9676.46
140197,64,512,512,9995.56
139415,64,512,512,9944.23
130440,64,512,512,9228.16
615379,256,512,512,23257.2
552458,64,2048,512,13509.2
122396,64,512,512,8885.78
163814,64,512,512,11830.4
119017,64,512,512,8620.72
156550,64,512,512,11287.2
130692,64,512,512,9469.15
144385,64,512,512,10338.6
131820,64,512,512,9503.33
133155,64,512,512,9597.63
629035,256,512,512,23736.1
550086,64,2048,512,13585.7
129969,64,512,512,9352.82
164324,64,512,512,11890.3
131426,64,512,512,9463.41
157607,64,512,512,11415.9
132401,64,512,512,9399.73
158040,64,512,512,11443.6
136023,64,512,512,9781.21
146596,64,512,512,10443.6
640824,256,512,512,24227.8
560424,64,2048,512,13839.7
133334,64,512,512,9621.15
165516,64,512,512,12106
134172,64,512,512,9738.05
161231,64,512,512,11690.3
128782,64,512,512,9295.62
171580,64,512,512,12541.3
135490,64,512,512,9710.59
157572,64,512,512,11366.8
655737,256,512,512,24843.8
588044,64,2048,512,14522.2
125661,64,512,512,9038.94
154825,64,512,512,11104.5
127452,64,512,512,9118.58
153730,64,512,512,11200
129316,64,512,512,9275.79
176891,64,512,512,12813.3
141501,64,512,512,10121
161782,64,512,512,11565.7
673253,256,512,512,25475.2
611291,64,2048,512,14563.4
102691,64,512,512,6992.92
136832,64,512,512,9842.71
105460,64,512,512,7690.62
134494,64,512,512,9785.61
546132,256,512,512,20785.7
478771,64,2048,512,12122.4
126309,64,512,512,9255.95
127433,64,512,512,9378.48
124950,64,512,512,9081.09
136926,64,512,512,9952.15
512834,256,512,512,19574.5
430911,64,2048,512,10876.8
89535,64,512,512,6687.33
142150,64,512,512,10329.7
83912,64,512,512,6275.41
126151,64,512,512,9116.81
526135,256,512,512,20154.3
434134,64,2048,512,10958.3
100634,64,512,512,7413.36
132334,64,512,512,9626.48
96583,64,512,512,7225.05
120956,64,512,512,8898.53
527460,256,512,512,20210.4
428269,64,2048,512,10765.9
103808,64,512,512,7645.95
127274,64,512,512,9316.43
102659,64,512,512,7611.6
119034,64,512,512,8695.96
529427,256,512,512,20358.9
424951,64,2048,512,10701.4
117377,64,512,512,8619.58
122898,64,512,512,9014.87
114955,64,512,512,8464.44
118573,64,512,512,8721.81
504860,256,512,512,19388.1
400093,64,2048,512,10250.2
115234,64,512,512,8436.46
120376,64,512,512,8852.81
114692,64,512,512,8395.24
119087,64,512,512,7717.11
7941902,4161,512,512,24311.5
82388,64,512,512,6163.02
95040,64,512,512,7115.61
95047,64,512,512,7009.05
81972,64,512,512,6097.13
559163,256,512,512,21143.6
479025,64,2048,512,11839.9
123005,64,512,512,8865.03
134139,64,512,512,9686.44
117970,64,512,512,8607.62
136606,64,512,512,9914.48
108827,64,512,512,7920.28
113602,64,512,512,8290.42
110167,64,512,512,8017.43
103331,64,512,512,7549.3
500782,256,512,512,19082
433174,64,2048,512,10886.3
83660,64,512,512,6216.32
139159,64,512,512,10018
79680,64,512,512,5884.92
128804,64,512,512,9316.33
93269,64,512,512,6760.62
116477,64,512,512,8486.49
96336,64,512,512,7088.75
100708,64,512,512,7361.53
513866,256,512,512,19606.9
431100,64,2048,512,10794.4
94610,64,512,512,6951.67
138919,64,512,512,9883.3
97046,64,512,512,7117.42
129913,64,512,512,9445
91737,64,512,512,6775.89
128003,64,512,512,9209.06
97528,64,512,512,7143.44
111611,64,512,512,8234.13
530735,256,512,512,18973.5
446252,64,2048,512,11001.5
96734,64,512,512,6804.62
139126,64,512,512,9986.17
97673,64,512,512,7160.45
132027,64,512,512,9509.68
99926,64,512,512,7295.04
146522,64,512,512,10562.3
105672,64,512,512,7682.97
131348,64,512,512,9568.46
560299,256,512,512,21324.9
483219,64,2048,512,11987.7
99871,64,512,512,7235.89
139835,64,512,512,10126.8
100632,64,512,512,7381.44
135476,64,512,512,9844.3
100073,64,512,512,7327.16
158983,64,512,512,11617.1
110849,64,512,512,8167.37
140232,64,512,512,10153.9
584554,256,512,512,22156.6
515851,64,2048,512,12761
72786,64,512,512,5526.26
111169,64,512,512,8138.66
75465,64,512,512,5689.3
108697,64,512,512,8025.81
418763,256,512,512,15995.9
331624,64,2048,512,8615.98
104724,64,512,512,7675.61
104369,64,512,512,7605.51
100685,64,512,512,7373.49
114837,64,512,512,8369.09
384080,256,512,512,15002.2
294467,64,2048,512,7825.45
52376,64,512,512,4229.42
108226,64,512,512,8079.96
49216,64,512,512,4025.65
88225,64,512,512,6543.06
390912,256,512,512,15166.7
292071,64,2048,512,7800.25
68275,64,512,512,5221.18
97898,64,512,512,7290.52
65237,64,512,512,4888.5
82951,64,512,512,6140.26
395711,256,512,512,15202.1
291221,64,2048,512,7770.81
71474,64,512,512,5355.74
99155,64,512,512,7344.31
69597,64,512,512,5181.12
91595,64,512,512,6741.75
386282,256,512,512,14959.5
286061,64,2048,512,7714.3
74946,64,512,512,5606.98
93347,64,512,512,6914.76
73526,64,512,512,5629.33
87577,64,512,512,6393.36
372892,256,512,512,14482.5
268393,64,2048,512,7381.1
83966,64,512,512,6214.96
91238,64,512,512,6813.74
82765,64,512,512,6132.02
85516,64,512,512,6293.15
6970877,4161,512,512,21648.6
48820,64,512,512,3756.56
61079,64,512,512,4802.64
59699,64,512,512,4502.19
49720,64,512,512,3729.15
457008,256,512,512,17497.1
380232,64,2048,512,9662.82
100329,64,512,512,7344.23
112503,64,512,512,8174.05
94479,64,512,512,6966.84
114846,64,512,512,8336.71
82527,64,512,512,6126.73
86541,64,512,512,6493.72
84021,64,512,512,6186.97
74658,64,512,512,5553.62
371268,256,512,512,14434.3
296938,64,2048,512,7795.69
59207,64,512,512,4642.55
110975,64,512,512,8139.36
55989,64,512,512,4327.65
99131,64,512,512,7291.23
59373,64,512,512,4572.21
88269,64,512,512,6610.21
64712,64,512,512,4917.8
69763,64,512,512,5367.68
383955,256,512,512,14703.9
302682,64,2048,512,7977.64
75307,64,512,512,5698.6
120987,64,512,512,8678.35
74395,64,512,512,5688.92
110489,64,512,512,8070.78
69106,64,512,512,5268.11
107546,64,512,512,7849.72
74384,64,512,512,5603.32
86780,64,512,512,6468.13
406737,256,512,512,15657.5
316678,64,2048,512,8232.15
75207,64,512,512,5706.28
115311,64,512,512,8433.41
77122,64,512,512,5723.48
106452,64,512,512,7734.23
75019,64,512,512,5631
125521,64,512,512,9080.51
83525,64,512,512,6176.32
105434,64,512,512,7702.07
445126,256,512,512,16977.4
360576,64,2048,512,9108.33
66207,64,512,512,5107.46
107436,64,512,512,7560.59
69103,64,512,512,5285.63
100659,64,512,512,7316.34
80509,64,512,512,5942.86
140067,64,512,512,9847.41
94610,64,512,512,6440.99
117697,64,512,512,8537.66
469702,256,512,512,17432.5
393501,64,2048,512,9856.08
53044,64,512,512,3939.86
91720,64,512,512,6773.85
54347,64,512,512,4373.68
87767,64,512,512,6410.59
319674,256,512,512,12669.8
246891,64,2048,512,7129.91
64552,64,512,512,4914.51
73664,64,512,512,5583.39
61364,64,512,512,4755.64
83434,64,512,512,6280.62
237924,256,512,512,9988.03
152630,64,2048,512,4871.3
32419,64,512,512,2907.7
75766,64,512,512,5906.82
30510,64,512,512,2767.5
57281,64,512,512,4302.19
239685,256,512,512,9944.67
155797,64,2048,512,5157.29
43886,64,512,512,3509.39
73089,64,512,512,5809.8
39292,64,512,512,3086.65
62094,64,512,512,4687.45
241817,256,512,512,9856.01
154531,64,2048,512,4912.91
49628,64,512,512,3956.79
57036,64,512,512,4640.26
48540,64,512,512,3898.21
49310,64,512,512,3896.1
219154,256,512,512,9352.7
147362,64,2048,512,4947.32
33528,64,512,512,2779.67
53373,64,512,512,4488.19
34631,64,512,512,2998.76
44365,64,512,512,3492.62
195846,256,512,512,8378.22
120625,64,2048,512,3848.95
54241,64,512,512,4371.63
71756,64,512,512,5519.43
51254,64,512,512,4034.26
64594,64,512,512,4873.76
5924545,4161,512,512,19104.8
45935,64,512,512,3491.25
46296,64,512,512,3753.61
52919,64,512,512,4015.67
38370,64,512,512,2928.38
331367,256,512,512,13030.6
265406,64,2048,512,7242.74
65174,64,512,512,4857.05
85635,64,512,512,6490.58
59884,64,512,512,4676.16
89665,64,512,512,6639.86
45262,64,512,512,3463.96
57303,64,512,512,4765.2
48014,64,512,512,3749.91
44781,64,512,512,3499.71
250381,256,512,512,10226.4
189258,64,2048,512,5746.79
40322,64,512,512,3334.12
85967,64,512,512,6420.54
36932,64,512,512,3146.92
74639,64,512,512,5569.17
44052,64,512,512,3533.35
61540,64,512,512,4885.1
47508,64,512,512,3878.01
46746,64,512,512,3903.53
265383,256,512,512,10777.4
195030,64,2048,512,5998.61
42118,64,512,512,3554.54
91334,64,512,512,6828.24
42774,64,512,512,3526.94
79227,64,512,512,5995.8
38467,64,512,512,3362.32
71031,64,512,512,5428.43
44005,64,512,512,3652.25
53746,64,512,512,4394.72
283233,256,512,512,11387
202509,64,2048,512,6023.3
46461,64,512,512,3782.99
78908,64,512,512,5889.35
48194,64,512,512,3989.57
72580,64,512,512,5423.5
43854,64,512,512,3771.78
96524,64,512,512,7067.31
51673,64,512,512,4227.59
76538,64,512,512,5842.6
320489,256,512,512,12743.1
247453,64,2048,512,6617.77
40847,64,512,512,3483.01
81975,64,512,512,6159.49
42541,64,512,512,3573
75412,64,512,512,5759.81
49860,64,512,512,4034.8
110313,64,512,512,8092.1
61547,64,512,512,4897.68
88378,64,512,512,6649.03
345592,256,512,512,13446.4
274829,64,2048,512,7435.03
25374,64,512,512,2215.1
60536,64,512,512,4797.9
25890,64,512,512,2317.49
57422,64,512,512,4483.47
209395,256,512,512,8938.13
151186,64,2048,512,4867.35
32695,64,512,512,2828.36
42140,64,512,512,3581.53
30524,64,512,512,2673.22
49135,64,512,512,3870.04
126254,256,512,512,5873.56
76575,64,2048,512,3352.76
17164,64,512,512,1823.41
52044,64,512,512,4438.72
14299,64,512,512,1577.66
37690,64,512,512,3077.76
146819,256,512,512,6600.83
84761,64,2048,512,3338.94
23183,64,512,512,2270.48
49133,64,512,512,4347.09
21266,64,512,512,2128
36818,64,512,512,2927.66
144374,256,512,512,6563.01
87498,64,2048,512,3668.15
20567,64,512,512,2000.01
39685,64,512,512,3675.07
19186,64,512,512,1953.95
32050,64,512,512,2639.56
133310,256,512,512,6214.19
81004,64,2048,512,3403.58
25603,64,512,512,2333.44
40168,64,512,512,3643.87
23381,64,512,512,2135.62
32959,64,512,512,2705.37
117647,256,512,512,5508.78
69633,64,2048,512,2563.28
23953,64,512,512,2279.74
31670,64,512,512,2935.72
22904,64,512,512,2181.66
28133,64,512,512,2400.56
4045117,4161,512,512,14825.5
34335,64,512,512,2757.42
29747,64,512,512,2927.4
42332,64,512,512,3306.62
23730,64,512,512,2075.09
165318,256,512,512,7608.81
114116,64,2048,512,4269.76
34464,64,512,512,2987.45
60724,64,512,512,4585.97
30956,64,512,512,2573.7
62144,64,512,512,4645.41
27947,64,512,512,2186.72
32084,64,512,512,3147.13
31500,64,512,512,2457.46
26063,64,512,512,2170.79
144805,256,512,512,6636.91
93516,64,2048,512,4008.84
19984,64,512,512,1997.46
51570,64,512,512,4162.86
18956,64,512,512,1857.35
45617,64,512,512,3729.17
17384,64,512,512,1989.58
30722,64,512,512,3006.89
20613,64,512,512,2143.14
23618,64,512,512,2410.08
150601,256,512,512,6593.38
91018,64,2048,512,3992.51
22986,64,512,512,2215.12
50560,64,512,512,4275.12
23332,64,512,512,2223.62
48332,64,512,512,3949.2
18710,64,512,512,1906.45
48771,64,512,512,4114.18
22976,64,512,512,2173.76
37207,64,512,512,3369.15
158689,256,512,512,7067.57
91220,64,2048,512,3928.25
25803,64,512,512,2341.67
51980,64,512,512,4252.93
27000,64,512,512,2318.34
50793,64,512,512,4093.22
22110,64,512,512,2262.4
70194,64,512,512,5420.78
27829,64,512,512,2632.36
55987,64,512,512,4730.26
166966,256,512,512,7755.82
100492,64,2048,512,4014.87
16560,64,512,512,1667.94
39864,64,512,512,3502.41
17972,64,512,512,1721.61
38720,64,512,512,3358.29
24537,64,512,512,2360.96
65081,64,512,512,5022.53
35051,64,512,512,3129.55
54980,64,512,512,4617.38
189128,256,512,512,8474.66
109440,64,2048,512,4207.51
6244,64,512,512,856.296
26927,64,512,512,2564.17
7420,64,512,512,941.4
26093,64,512,512,2496.71
53227,256,512,512,3441.15
34630,64,2048,512,2639.67
13396,64,512,512,1537.89
27558,64,512,512,2637.76
12282,64,512,512,1376.18
32402,64,512,512,2843.06
59715,256,512,512,3332.37
31978,64,2048,512,2542.6
8006,64,512,512,1099.21
25723,64,512,512,2307.64
7531,64,512,512,1030.89
18901,64,512,512,1889.98
73174,256,512,512,3926.23
37471,64,2048,512,2465.05
7276,64,512,512,888.57
25171,64,512,512,2571.67
6459,64,512,512,805.236
19734,64,512,512,1928.8
77994,256,512,512,4351.96
38793,64,2048,512,2594.31
11015,64,512,512,1393.2
24419,64,512,512,2366.54
10472,64,512,512,1324.84
20582,64,512,512,2037.57
70998,256,512,512,3833.71
35760,64,2048,512,2460.75
8285,64,512,512,1148.25
20839,64,512,512,1955.68
7826,64,512,512,1097.81
17985,64,512,512,1820.23
61917,256,512,512,3500.3
28848,64,2048,512,1805.5
11904,64,512,512,1383.73
21574,64,512,512,2040.64
11724,64,512,512,1313.29
20289,64,512,512,1959.05
1938914,4161,512,512,10537.5
13591,64,512,512,1149.01
11834,64,512,512,1443.34
18364,64,512,512,1518.9
8842,64,512,512,797.519
107573,256,512,512,5505.09
80849,64,2048,512,3348
16771,64,512,512,1672.03
28842,64,512,512,2621.48
13807,64,512,512,1457.59
31600,64,512,512,2549.42
13156,64,512,512,1190.79
15612,64,512,512,1896.89
15414,64,512,512,1332.38
10938,64,512,512,1086.2
48981,256,512,512,3031.41
34082,64,2048,512,2240.26
7091,64,512,512,863.505
27698,64,512,512,2702.65
6302,64,512,512,860.158
21599,64,512,512,2178.62
6119,64,512,512,933.264
11183,64,512,512,1460.99
7324,64,512,512,974.706
7750,64,512,512,1090.97
55048,256,512,512,3273.99
35955,64,2048,512,2438.04
8454,64,512,512,1020.71
27387,64,512,512,2741.95
8560,64,512,512,1149.77
22070,64,512,512,2269.77
7508,64,512,512,1053.15
18737,64,512,512,2099.53
9838,64,512,512,1302.29
12906,64,512,512,1509.09
63204,256,512,512,3498.15
40951,64,2048,512,2542.5
10143,64,512,512,1238.6
31538,64,512,512,3002.1
10640,64,512,512,1298.65
26736,64,512,512,2637.74
10085,64,512,512,1329.76
31635,64,512,512,2982.41
12905,64,512,512,1590.82
23675,64,512,512,2522.81
75648,256,512,512,3850.44
51508,64,2048,512,2509.07
8793,64,512,512,1069.02
23635,64,512,512,2189.63
8673,64,512,512,1032.5
20949,64,512,512,1995.5
11498,64,512,512,1396.39
50919,64,512,512,4239.39
15955,64,512,512,1758.25
35619,64,512,512,3324.99
90763,256,512,512,4712.97
66881,64,2048,512,2392.24
2012,64,512,512,368.266
9731,64,512,512,997.284
2143,64,512,512,369.364
8160,64,512,512,1064.41
53936,256,512,512,3148.11
37885,64,2048,512,2473.62
4860,64,512,512,600.765
8693,64,512,512,1223.4
4594,64,512,512,588.927
10765,64,512,512,1154.58
19771,256,512,512,1747.33
11460,64,2048,512,1142.14
3116,64,512,512,539.451
17085,64,512,512,2146.1
2706,64,512,512,491.888
11679,64,512,512,1268.38
21492,256,512,512,1810.28
12675,64,2048,512,1428.02
3128,64,512,512,434.784
8602,64,512,512,1249.95
2649,64,512,512,428.858
5842,64,512,512,758.855
21069,256,512,512,1723.61
12926,64,2048,512,1235.94
3130,64,512,512,500.375
8456,64,512,512,1231.7
2888,64,512,512,467.693
5920,64,512,512,649.256
16569,256,512,512,1310.55
10555,64,2048,512,997.018
3975,64,512,512,551.724
9829,64,512,512,1356.89
3688,64,512,512,552.536
6880,64,512,512,783.041
14652,256,512,512,1334.5
9374,64,2048,512,738.565
2878,64,512,512,474.062
5607,64,512,512,755.947
2627,64,512,512,456.597
4187,64,512,512,578.54
1251031,4161,512,512,8850.63
7994,64,512,512,736.435
6230,64,512,512,1064.28
10825,64,512,512,913.792
4266,64,512,512,467.891
37336,256,512,512,2558.41
28863,64,2048,512,2254.1
5646,64,512,512,809.028
17872,64,512,512,2127.06
4679,64,512,512,707.266
21603,64,512,512,2033.52
5126,64,512,512,559.301
5757,64,512,512,958.852
6474,64,512,512,662.005
3865,64,512,512,491.301
18332,256,512,512,1759.1
14699,64,2048,512,1656.52
3668,64,512,512,564.227
11791,64,512,512,1550.11
3797,64,512,512,526.813
10070,64,512,512,1248.56
3401,64,512,512,554.559
5162,64,512,512,849.101
4111,64,512,512,613.926
3691,64,512,512,591.004
13036,256,512,512,1315.89
9863,64,2048,512,1254.49
4359,64,512,512,656.168
13924,64,512,512,1729.55
4174,64,512,512,662.836
11995,64,512,512,1457.03
3302,64,512,512,578.189
7543,64,512,512,1137.33
4222,64,512,512,704.107
6012,64,512,512,920.278
12635,256,512,512,1324.21
9668,64,2048,512,1201.32
4405,64,512,512,679.522
10699,64,512,512,1419.97
4559,64,512,512,708.367
9516,64,512,512,1243.62
4352,64,512,512,722.962
15753,64,512,512,1916.13
5559,64,512,512,836.806
12052,64,512,512,1492.16
14538,256,512,512,1551.29
11200,64,2048,512,1098.34
2258,64,512,512,397.886
8183,64,512,512,1216.07
2408,64,512,512,415.822
6857,64,512,512,931.975
4500,64,512,512,717.132
23566,64,512,512,2427.53
5989,64,512,512,882.602
17053,64,512,512,1988.83
17556,256,512,512,1521.77
14256,64,2048,512,923.297
742,64,512,512,142.95
2728,64,512,512,434.828
806,64,512,512,158.466
2370,64,512,512,400.423
21989,256,512,512,2012.95
16969,64,2048,512,1707.52
1040,64,512,512,195.696
6990,64,512,512,1050.04
971,64,512,512,195.865
10210,64,512,512,1227.12
4276,256,512,512,514.348
3145,64,2048,512,509.029
1083,64,512,512,188.614
7508,64,512,512,1154.41
989,64,512,512,198.37
5246,64,512,512,693.829
3167,256,512,512,412.874
2309,64,2048,512,368.06
1566,64,512,512,298.233
4323,64,512,512,685.002
1368,64,512,512,259.03
3317,64,512,512,447.45
2099,256,512,512,289.655
1606,64,2048,512,296.276
1259,64,512,512,230.507
3983,64,512,512,636.835
1243,64,512,512,229.336
2880,64,512,512,430.313
1483,256,512,512,203.7
1166,64,2048,512,186.84
827,64,512,512,170.802
1872,64,512,512,333.764
712,64,512,512,147.431
1394,64,512,512,237.555
1887,256,512,512,254.645
1200,64,2048,512,169.492
419,64,512,512,88.2511
812,64,512,512,144.203
391,64,512,512,75.1833
645,64,512,512,121.993
584680,4161,512,512,6825.74
131072,64,512,512,9530.35
131072,64,512,512,9464.97
131072,64,512,512,9434.1
131072,64,512,512,9490.24
524288,256,512,512,19930.7
524288,64,2048,512,12937.7
131072,64,512,512,9442.17
131072,64,512,512,9431.13
131072,64,512,512,9452.81
131072,64,512,512,9640.09
131072,64,512,512,9462.41
131072,64,512,512,9468.6
131072,64,512,512,9520.83
131072,64,512,512,9417.36
524288,256,512,512,20052.9
524288,64,2048,512,12977.3
131072,64,512,512,9505.51
131072,64,512,512,9403.01
131072,64,512,512,9471.38
131072,64,512,512,9464.11
131071,64,512,512,9437.21
131072,64,512,512,9443.66
131072,64,512,512,9544.23
131072,64,512,512,9508.96
524288,256,512,512,20045
524288,64,2048,512,12987.7
131072,64,512,512,9441.32
131072,64,512,512,9561.42
131072,64,512,512,9581.73
131072,64,512,512,9497.12
131072,64,512,512,9378.83
131072,64,512,512,9505.94
131072,64,512,512,9566.43
131072,64,512,512,9477.8
524288,256,512,512,20007.7
524287,64,2048,512,13018.2
131072,64,512,512,9468.81
131072,64,512,512,9403.64
131072,64,512,512,9433.67
131072,64,512,512,9496.25
131072,64,512,512,9462.83
131072,64,512,512,9446.42
131072,64,512,512,9563.16
131072,64,512,512,9601.03
524288,256,512,512,19963.1
524288,64,2048,512,13000.9
131072,64,512,512,9426.04
131072,64,512,512,9424.98
131072,64,512,512,9509.39
131072,64,512,512,9526.67
131072,64,512,512,9516.72
131072,64,512,512,9427.31
131072,64,512,512,9476.52
131072,64,512,512,9625.93
524288,256,512,512,19964.8
524288,64,2048,512,12971.1
131072,64,512,512,9515
131072,64,512,512,9472.66
131072,64,512,512,9516.94
131072,64,512,512,9479.51
524288,256,512,512,19846.3
524288,64,2048,512,12960.4
131072,64,512,512,9608.73
131072,64,512,512,9751.93
131072,64,512,512,9532.51
131072,64,512,512,9596.42
524288,256,512,512,20080.7
524288,64,2048,512,13044.1
131072,64,512,512,9403.43
131072,64,512,512,9398.79
131072,64,512,512,9544.45
131072,64,512,512,9466.89
524288,256,512,512,19979.1
524288,64,2048,512,13245
131072,64,512,512,9543.14
131072,64,512,512,9515.65
131072,64,512,512,9520.61
131072,64,512,512,9416.73
524288,256,512,512,19982.2
524288,64,2048,512,13123.3
131072,64,512,512,9451.53
131072,64,512,512,9474.38
131072,64,512,512,9416.94
131072,64,512,512,9595.54
524288,256,512,512,19934.2
524288,64,2048,512,13013.2
131072,64,512,512,9480.58
131072,64,512,512,9430.49
131072,64,512,512,9383.24
131072,64,512,512,9448.55
524288,256,512,512,19962.9
524288,64,2048,512,13049.8
131072,64,512,512,9515.65
131072,64,512,512,9539.67
131072,64,512,512,9453.87
131072,64,512,512,9478.44
8521728,4161,512,512,26331.9
104857,64,512,512,7591.29
104857,64,512,512,7639.34
104857,64,512,512,7577.23
104857,64,512,512,7722.5
419430,256,512,512,16051.7
419430,64,2048,512,10472
104857,64,512,512,7712.91
104857,64,512,512,7626.14
104857,64,512,512,7638.64
104857,64,512,512,7733.18
104857,64,512,512,7636.21
104857,64,512,512,7618.87
104857,64,512,512,7619.73
104857,64,512,512,7657.29
419430,256,512,512,16089
419430,64,2048,512,10569.9
104857,64,512,512,7622.33
104857,64,512,512,7673.4
104857,64,512,512,7698.05
104857,64,512,512,7694.52
104857,64,512,512,7661.49
104856,64,512,512,7585.9
104857,64,512,512,7657.47
104857,64,512,512,7671.82
419430,256,512,512,16078
419430,64,2048,512,10474.8
104857,64,512,512,7642.82
104857,64,512,512,7610.92
104857,64,512,512,7599.2
104857,64,512,512,7606.95
104857,64,512,512,7643.17
104857,64,512,512,7620.25
104857,64,512,512,7608.5
104857,64,512,512,7738.89
419429,256,512,512,15990.4
419429,64,2048,512,10458.4
104857,64,512,512,7626.31
104857,64,512,512,7750.68
104857,64,512,512,7557.78
104857,64,512,512,7606.43
104857,64,512,512,7638.29
104857,64,512,512,7617.14
104857,64,512,512,7594.04
104857,64,512,512,7689.05
419430,256,512,512,16065.7
419430,64,2048,512,10468.6
104857,64,512,512,7607.12
104857,64,512,512,7695.22
104857,64,512,512,7591.46
104857,64,512,512,7612.82
104857,64,512,512,7654.67
104857,64,512,512,7666.39
104857,64,512,512,7630.48
104857,64,512,512,7694.34
419430,256,512,512,16089.4
419430,64,2048,512,10561.8
104857,64,512,512,7619.56
104857,64,512,512,7629.96
104857,64,512,512,7607.47
104857,64,512,512,7673.23
419430,256,512,512,16091.7
419430,64,2048,512,10604.2
104857,64,512,512,7747.28
104857,64,512,512,7806.58
104857,64,512,512,7653.98
104857,64,512,512,7605.57
419430,256,512,512,16064
419430,64,2048,512,10583.5
104857,64,512,512,7689.58
104857,64,512,512,7735.85
104857,64,512,512,7582.37
104857,64,512,512,7670.25
419430,256,512,512,16046.5
419430,64,2048,512,10769.5
104857,64,512,512,7636.9
104857,64,512,512,7642.47
104857,64,512,512,7637.95
104857,64,512,512,7698.05
419430,256,512,512,16060.5
419430,64,2048,512,10717.3
104857,64,512,512,7626.31
104857,64,512,512,7642.12
104857,64,512,512,7582.88
104857,64,512,512,7604.19
419429,256,512,512,15999.8
419430,64,2048,512,10688.2
104857,64,512,512,7669.9
104857,64,512,512,7642.64
104857,64,512,512,7602.81
104857,64,512,512,7688
419430,256,512,512,16091.9
419430,64,2048,512,10580.3
104857,64,512,512,7627.35
104857,64,512,512,7667.62
104857,64,512,512,7634.82
104857,64,512,512,7677.27
6817381,4161,512,512,22104.2
78643,64,512,512,5804.05
78642,64,512,512,5824.26
78643,64,512,512,5795.76
78643,64,512,512,5901.92
314572,256,512,512,12524.6
314572,64,2048,512,8177.66
78643,64,512,512,5851.42
78643,64,512,512,5876.56
78643,64,512,512,5846.25
78643,64,512,512,6088.25
78643,64,512,512,5795.23
78643,64,512,512,5863.55
78643,64,512,512,5880.54
78643,64,512,512,5876.97
314572,256,512,512,12443.1
314571,64,2048,512,8098.63
78643,64,512,512,5872.03
78643,64,512,512,5834.05
78643,64,512,512,5823.12
78643,64,512,512,5905.52
78643,64,512,512,5882.6
78643,64,512,512,5885.49
78643,64,512,512,5889.07
78643,64,512,512,5831.22
314572,256,512,512,12374.1
314572,64,2048,512,8187.64
78643,64,512,512,5879.03
78643,64,512,512,5899.29
78643,64,512,512,5814.51
78643,64,512,512,5819.08
78643,64,512,512,5945
78643,64,512,512,5940.23
78643,64,512,512,5937.56
78643,64,512,512,6035.68
314572,256,512,512,12514.7
314572,64,2048,512,8140.9
78643,64,512,512,5903.3
78643,64,512,512,5945
78643,64,512,512,5828.92
78643,64,512,512,5891.69
78643,64,512,512,5996.13
78643,64,512,512,5945.28
78643,64,512,512,5894.87
78643,64,512,512,6034.52
314572,256,512,512,12577.5
314572,64,2048,512,8066.72
78643,64,512,512,5972.94
78643,64,512,512,5876.97
78643,64,512,512,5999.71
78643,64,512,512,5798.7
78643,64,512,512,5930.71
78643,64,512,512,5867.79
78643,64,512,512,5883.29
78643,64,512,512,6044.09
314572,256,512,512,12549.2
314572,64,2048,512,8251.81
78643,64,512,512,6040.32
78643,64,512,512,5870.39
78643,64,512,512,5984.16
78643,64,512,512,6030.19
314572,256,512,512,12368.5
314572,64,2048,512,8067.3
78643,64,512,512,5894.59
78643,64,512,512,5984.01
78643,64,512,512,5872.99
78643,64,512,512,6092.97
314572,256,512,512,12511.9
314572,64,2048,512,8273.58
78643,64,512,512,5837.3
78643,64,512,512,5818.27
78643,64,512,512,5893.62
78643,64,512,512,5831.08
314572,256,512,512,12452.8
314572,64,2048,512,8450.91
78643,64,512,512,5844.49
78643,64,512,512,5812.23
78643,64,512,512,5895.97
78643,64,512,512,5896.94
314572,256,512,512,12295.8
314571,64,2048,512,8242.25
78643,64,512,512,5781.78
78643,64,512,512,5758.49
78643,64,512,512,5845.44
78643,64,512,512,5889.76
314572,256,512,512,12374.5
314572,64,2048,512,8006.6
78643,64,512,512,5822.45
78643,64,512,512,5862.32
78643,64,512,512,5831.08
78643,64,512,512,5911.21
314572,256,512,512,12329.2
314572,64,2048,512,8037.74
78643,64,512,512,5913.01
78643,64,512,512,5771.7
78643,64,512,512,5861.23
78643,64,512,512,5900.81
5113037,4161,512,512,18072.4
52428,64,512,512,4164.47
52428,64,512,512,4059.86
52428,64,512,512,4206.76
52428,64,512,512,4257.47
209715,256,512,512,9314.45
209715,64,2048,512,5805.96
52428,64,512,512,4147.38
52428,64,512,512,4027.12
52428,64,512,512,4143.08
52428,64,512,512,4203.28
52428,64,512,512,4240.04
52428,64,512,512,4202.23
52428,64,512,512,4241.97
52428,64,512,512,4277.99
209715,256,512,512,9088.66
209715,64,2048,512,6025.26
52428,64,512,512,4247.12
52428,64,512,512,4257.58
52428,64,512,512,4166.43
52428,64,512,512,4167.99
52428,64,512,512,4254.34
52428,64,512,512,4187.23
52428,64,512,512,4240.89
52428,64,512,512,4191.94
209715,256,512,512,9059.83
209715,64,2048,512,6088.84
52428,64,512,512,4233.4
52428,64,512,512,4368.09
52428,64,512,512,4251.21
52428,64,512,512,4230.95
52428,64,512,512,4340.86
52428,64,512,512,4220.73
52428,64,512,512,4287.72
52428,64,512,512,4258.55
209715,256,512,512,9133.81
209715,64,2048,512,6045.83
52428,64,512,512,4257.04
52428,64,512,512,4247.34
52428,64,512,512,4250.78
52428,64,512,512,4331.66
52428,64,512,512,4279.73
52428,64,512,512,4129.51
52428,64,512,512,4252.07
52428,64,512,512,4332.45
209715,256,512,512,9220.78
209715,64,2048,512,5987.42
52428,64,512,512,4273.3
52428,64,512,512,4087.46
52428,64,512,512,4225.3
52428,64,512,512,4170.26
52428,64,512,512,4378.47
52428,64,512,512,4211.09
52428,64,512,512,4250.13
52428,64,512,512,4296.39
209715,256,512,512,9268.66
209715,64,2048,512,5541.23
52428,64,512,512,4340.18
52428,64,512,512,4117.65
52428,64,512,512,4229.24
52428,64,512,512,4062.52
209715,256,512,512,9220.52
209715,64,2048,512,6216.13
52428,64,512,512,4237.57
52428,64,512,512,4192.78
52428,64,512,512,4423.96
52428,64,512,512,4114.22
209715,256,512,512,9157.24
209715,64,2048,512,5960.56
52428,64,512,512,4268.41
52428,64,512,512,4154.46
52428,64,512,512,4340.29
52428,64,512,512,4311.85
209715,256,512,512,9056.65
209715,64,2048,512,6079.08
52428,64,512,512,4282.68
52428,64,512,512,4112.61
52428,64,512,512,4219.24
52428,64,512,512,4345.35
209715,256,512,512,9069.75
209715,64,2048,512,5981.07
52428,64,512,512,4245.51
52428,64,512,512,4084.67
52428,64,512,512,4183.37
52428,64,512,512,4256.93
209715,256,512,512,8977.53
209715,64,2048,512,5953.42
52428,64,512,512,4300.13
52428,64,512,512,4205.6
52428,64,512,512,4221.47
52428,64,512,512,4303.33
209715,256,512,512,8962.07
209715,64,2048,512,5828.6
52428,64,512,512,4229.24
52428,64,512,512,4083.78
52428,64,512,512,4144.1
52428,64,512,512,4250.99
3408691,4161,512,512,12928.9
26214,64,512,512,2434.48
26214,64,512,512,2191.58
26214,64,512,512,2401.51
26214,64,512,512,2538.42
104857,256,512,512,5642.49
104857,64,2048,512,3666.17
26214,64,512,512,2579.56
26214,64,512,512,2222.65
26214,64,512,512,2572.6
26214,64,512,512,2572.76
26214,64,512,512,2547.29
26214,64,512,512,2479.16
26214,64,512,512,2489.09
26214,64,512,512,2502.38
104857,256,512,512,5279.22
104857,64,2048,512,3900.93
26214,64,512,512,2461.84
26214,64,512,512,2511.29
26214,64,512,512,2431.02
26214,64,512,512,2411.52
26214,64,512,512,2581.39
26214,64,512,512,2433.13
26214,64,512,512,2587.44
26214,64,512,512,2508.07
104857,256,512,512,5425.53
104857,64,2048,512,3769.97
26214,64,512,512,2517.55
26214,64,512,512,2673.62
26214,64,512,512,2511.37
26214,64,512,512,2366.89
26214,64,512,512,2601.56
26214,64,512,512,2547.13
26214,64,512,512,2582.1
26214,64,512,512,2669.11
104857,256,512,512,5355.39
104857,64,2048,512,3887.69
26214,64,512,512,2560.74
26214,64,512,512,2599.71
26214,64,512,512,2645.79
26214,64,512,512,2234.13
26214,64,512,512,2672.6
26214,64,512,512,2570.31
26214,64,512,512,2683.54
26214,64,512,512,2636.56
104857,256,512,512,5402.91
104857,64,2048,512,3756.34
26214,64,512,512,2688.36
26214,64,512,512,2356.51
26214,64,512,512,2471.71
26214,64,512,512,2403.02
26214,64,512,512,2706.13
26214,64,512,512,2432.78
26214,64,512,512,2686.2
26214,64,512,512,2640.13
104857,256,512,512,5602.83
104857,64,2048,512,3152.85
26214,64,512,512,2698.91
26214,64,512,512,2334.8
26214,64,512,512,2694.4
26214,64,512,512,2638.72
104857,256,512,512,6020.64
104857,64,2048,512,3669.18
26214,64,512,512,2481.65
26214,64,512,512,2368.76
26214,64,512,512,2710.68
26214,64,512,512,2344.72
104857,256,512,512,5654.47
104857,64,2048,512,3578.78
26214,64,512,512,2600.35
26214,64,512,512,2412.77
26214,64,512,512,2610.06
26214,64,512,512,2631.68
104857,256,512,512,5293.05
104857,64,2048,512,3899.66
26214,64,512,512,2589.44
26214,64,512,512,2376.34
26214,64,512,512,2588.88
26214,64,512,512,2606.65
104857,256,512,512,5087.06
104857,64,2048,512,3625.33
26214,64,512,512,2609.66
26214,64,512,512,2383.23
26214,64,512,512,2522.85
26214,64,512,512,2577.9
104857,256,512,512,5157.11
104857,64,2048,512,3640.51
26214,64,512,512,2562.15
26214,64,512,512,2328.39
26214,64,512,512,2530.54
26214,64,512,512,2610.71
104857,256,512,512,5223.18
104857,64,2048,512,3137.58
26214,64,512,512,2596.57
26214,64,512,512,2189.52
26214,64,512,512,2577.9
26214,64,512,512,2664.62
1704346,4161,512,512,9383.01
13107,64,512,512,1543.53
13107,64,512,512,1238.41
13107,64,512,512,1566.59
13107,64,512,512,1617.34
52428,256,512,512,3199.88
52428,64,2048,512,2410.14
13107,64,512,512,1540.19
13107,64,512,512,1160.97
13107,64,512,512,1523.24
13107,64,512,512,1517.51
13107,64,512,512,1609.33
13107,64,512,512,1347.72
13107,64,512,512,1574.24
13107,64,512,512,1545.24
52428,256,512,512,3327.9
52428,64,2048,512,2526.46
13107,64,512,512,1591.8
13107,64,512,512,1443.7
13107,64,512,512,1538.44
13107,64,512,512,1532.59
13107,64,512,512,1619.84
13107,64,512,512,1444.5
13107,64,512,512,1653.68
13107,64,512,512,1591.38
52428,256,512,512,3319.47
52428,64,2048,512,2593.4
13107,64,512,512,1478.35
13107,64,512,512,1533.32
13107,64,512,512,1455.83
13107,64,512,512,1395.43
13107,64,512,512,1680.38
13107,64,512,512,1450.29
13107,64,512,512,1661.88
13107,64,512,512,1660.49
52428,256,512,512,3114.63
52427,64,2048,512,2507.98
13107,64,512,512,1681.4
13107,64,512,512,1533.65
13107,64,512,512,1622.22
13107,64,512,512,1590.65
13107,64,512,512,1696.49
13107,64,512,512,1517.84
13107,64,512,512,1670.01
13107,64,512,512,1682.81
52428,256,512,512,3289.21
52428,64,2048,512,2585.72
13107,64,512,512,1694.23
13107,64,512,512,1241.34
13107,64,512,512,1673.48
13107,64,512,512,1641.84
13107,64,512,512,1689.05
13107,64,512,512,1464.11
13107,64,512,512,1654.47
13107,64,512,512,1684.91
52428,256,512,512,3612.92
52428,64,2048,512,1773.29
13107,64,512,512,1647.32
13107,64,512,512,1188.1
13107,64,512,512,1677.03
13107,64,512,512,1686.26
52428,256,512,512,3428.07
52428,64,2048,512,2715.11
13107,64,512,512,1388.77
13107,64,512,512,1311.81
13107,64,512,512,1544.9
13107,64,512,512,1248.25
52428,256,512,512,3217.37
52427,64,2048,512,2522.92
13107,64,512,512,1644.48
13107,64,512,512,1346.42
13107,64,512,512,1644.67
13107,64,512,512,1650.24
52427,256,512,512,3025.16
52428,64,2048,512,2423.5
13107,64,512,512,1644.99
13107,64,512,512,1319.94
13107,64,512,512,1625.93
13107,64,512,512,1666.76
52428,256,512,512,3153.15
52428,64,2048,512,2439.86
13107,64,512,512,1508.23
13107,64,512,512,1389.46
13107,64,512,512,1448.39
13107,64,512,512,1592.47
52428,256,512,512,3219.34
52428,64,2048,512,2426.94
13107,64,512,512,1637.16
13107,64,512,512,1290.81
13107,64,512,512,1606.68
13107,64,512,512,1596.95
52428,256,512,512,3388.6
52428,64,2048,512,1978.7
13107,64,512,512,1540.87
13107,64,512,512,1225.06
13107,64,512,512,1451.95
13107,64,512,512,1637.99
852171,4161,512,512,7613.77
5242,64,512,512,807.588
5242,64,512,512,518.272
5242,64,512,512,777.457
5242,64,512,512,836.004
20971,256,512,512,1736.28
20971,64,2048,512,1548.82
5242,64,512,512,795.335
5242,64,512,512,637.373
5242,64,512,512,809.264
5242,64,512,512,796.355
5242,64,512,512,794.13
5242,64,512,512,729.703
5242,64,512,512,758.508
5242,64,512,512,789.83
20971,256,512,512,1914.34
20971,64,2048,512,1745.18
5242,64,512,512,753.533
5242,64,512,512,752.688
5242,64,512,512,753.398
5242,64,512,512,801.223
5242,64,512,512,863.77
5242,64,512,512,755.128
5242,64,512,512,834.465
5242,64,512,512,846.167
20971,256,512,512,1751.28
20971,64,2048,512,1491.6
5242,64,512,512,802.834
5242,64,512,512,838.93
5242,64,512,512,814.806
5242,64,512,512,763.236
5242,64,512,512,855.576
5242,64,512,512,762.092
5242,64,512,512,838.805
5242,64,512,512,832.519
20971,256,512,512,1720.96
20971,64,2048,512,1515.01
5242,64,512,512,814.015
5242,64,512,512,765.326
5242,64,512,512,839.728
5242,64,512,512,840.949
5242,64,512,512,868.916
5242,64,512,512,751.845
5242,64,512,512,849.037
5242,64,512,512,851.277
20971,256,512,512,1790.29
20971,64,2048,512,1392.01
5242,64,512,512,851.148
5242,64,512,512,636.914
5242,64,512,512,875.583
5242,64,512,512,846.551
5242,64,512,512,890.267
5242,64,512,512,725.694
5242,64,512,512,846.381
5242,64,512,512,864.839
20971,256,512,512,2158.41
20971,64,2048,512,1284.15
5242,64,512,512,850.069
5242,64,512,512,514.394
5242,64,512,512,850.759
5242,64,512,512,844.081
20971,256,512,512,2234.67
20971,64,2048,512,1731.67
5242,64,512,512,771.557
5242,64,512,512,694.564
5242,64,512,512,826.652
5242,64,512,512,572.114
20971,256,512,512,1767.42
20971,64,2048,512,1718.28
5242,64,512,512,813.739
5242,64,512,512,636.793
5242,64,512,512,818.743
5242,64,512,512,866.402
20971,256,512,512,1731.84
20971,64,2048,512,1815.67
5242,64,512,512,830.376
5242,64,512,512,713.835
5242,64,512,512,803.065
5242,64,512,512,839.56
20971,256,512,512,1588.9
20971,64,2048,512,1681.59
5242,64,512,512,839.728
5242,64,512,512,647.435
5242,64,512,512,803.334
5242,64,512,512,835.338
20970,256,512,512,1633.93
20971,64,2048,512,1529.96
5242,64,512,512,817.188
5242,64,512,512,695.802
5242,64,512,512,773.513
5242,64,512,512,855.401
20971,256,512,512,1750
20971,64,2048,512,1148.47
5242,64,512,512,800.23
5242,64,512,512,547.878
5242,64,512,512,773.942
5242,64,512,512,837.423
340867,4161,512,512,5921.62
131072,64,512,512,9506.59
131072,64,512,512,9439.83
131072,64,512,512,9489.81
131072,64,512,512,9421.81
524288,256,512,512,19920.5
524288,64,2048,512,12959
131072,64,512,512,9464.54
131072,64,512,512,9522.34
131072,64,512,512,9509.82
131072,64,512,512,9399.85
131072,64,512,512,9477.37
131072,64,512,512,9417.15
131072,64,512,512,9514.57
131072,64,512,512,9382.82
524288,256,512,512,19842.7
524288,64,2048,512,12941.8
131072,64,512,512,9460.7
131072,64,512,512,9566.43
131072,64,512,512,9477.59
131072,64,512,512,9452.6
131072,64,512,512,9433.46
131072,64,512,512,9466.68
131072,64,512,512,9460.49
131072,64,512,512,9552.05
524288,256,512,512,19766.8
524288,64,2048,512,12926.4
131072,64,512,512,9526.45
131072,64,512,512,9517.59
131072,64,512,512,9541.41
131072,64,512,512,9403.85
131072,64,512,512,9487.02
131072,64,512,512,9554.44
131072,64,512,512,9530.57
131072,64,512,512,9586.55
524288,256,512,512,19877.1
524288,64,2048,512,12961.8
131072,64,512,512,9547.7
131072,64,512,512,9536.63
131072,64,512,512,9432.61
131072,64,512,512,9476.73
131072,64,512,512,9559.67
131072,64,512,512,9452.38
131072,64,512,512,9513.27
131072,64,512,512,9446
524288,256,512,512,19909.8
524288,64,2048,512,12953.4
131072,64,512,512,9498.41
131072,64,512,512,9447.49
131072,64,512,512,9401.96
131072,64,512,512,9467.1
131072,64,512,512,9562.51
131072,64,512,512,9500.13
131072,64,512,512,9552.49
131072,64,512,512,9476.73
524288,256,512,512,19873.3
524288,64,2048,512,12953.1
131072,64,512,512,9398.8
131072,64,512,512,9453.88
131072,64,512,512,9458.99
131072,64,512,512,9436.65
524288,256,512,512,19818.1
524288,64,2048,512,12914.2
131072,64,512,512,9544.01
131072,64,512,512,9436.65
131072,64,512,512,9535.33
131072,64,512,512,9448.55
524288,256,512,512,19949.4
524288,64,2048,512,12983.7
131072,64,512,512,9498.41
131072,64,512,512,9462.19
131072,64,512,512,9534.68
131072,64,512,512,9492.17
524288,256,512,512,19922.8
524288,64,2048,512,12942.9
131072,64,512,512,9495.18
131072,64,512,512,9475.87
131072,64,512,512,9480.58
131072,64,512,512,9441.74
524288,256,512,512,19934.2
524288,64,2048,512,12999
131072,64,512,512,9542.71
131072,64,512,512,9437.07
131072,64,512,512,9455.58
131072,64,512,512,9424.77
524288,256,512,512,19858.5
524288,64,2048,512,12948
131072,64,512,512,9375.89
131072,64,512,512,9401.74
131072,64,512,512,9508.53
131072,64,512,512,9523.64
524288,256,512,512,19897.6
524288,64,2048,512,12964.2
131072,64,512,512,9441.53
131072,64,512,512,9475.66
131072,64,512,512,9418.63
131072,64,512,512,9419.48
8521728,4161,512,512,25624.4
104857,64,512,512,7682.01
104857,64,512,512,7587.51
104857,64,512,512,7610.92
104857,64,512,512,7634.3
419430,256,512,512,15980.6
419430,64,2048,512,10512.1
104857,64,512,512,7633.25
104857,64,512,512,7602.12
104857,64,512,512,7618.52
104857,64,512,512,7576.21
104857,64,512,512,7596.96
104857,64,512,512,7628.57
104857,64,512,512,7686.76
104857,64,512,512,7632.91
419430,256,512,512,16171
419431,64,2048,512,10522.1
104857,64,512,512,7596.96
104857,64,512,512,7654.85
104857,64,512,512,7698.58
104857,64,512,512,7660.61
104857,64,512,512,7635.86
104857,64,512,512,7661.31
104857,64,512,512,7645.6
104857,64,512,512,7622.16
419430,256,512,512,16146.1
419430,64,2048,512,10548.8
104857,64,512,512,7613.68
104857,64,512,512,7569.37
104857,64,512,512,7656.59
104857,64,512,512,7527.09
104857,64,512,512,7558.46
104857,64,512,512,7612.13
104857,64,512,512,7664.29
104857,64,512,512,7611.78
419430,256,512,512,16088.6
419430,64,2048,512,10542.6
104857,64,512,512,7605.4
104857,64,512,512,7605.22
104857,64,512,512,7625.1
104857,64,512,512,7607.3
104857,64,512,512,7579.12
104857,64,512,512,7617.31
104857,64,512,512,7667.09
104857,64,512,512,7711.32
419430,256,512,512,16091.7
419430,64,2048,512,10557.9
104857,64,512,512,7565.44
104857,64,512,512,7603.85
104857,64,512,512,7630.13
104857,64,512,512,7590.95
104857,64,512,512,7577.57
104857,64,512,512,7562.03
104857,64,512,512,7698.76
104857,64,512,512,7649.96
419430,256,512,512,16043.2
419430,64,2048,512,10524.3
104857,64,512,512,7686.41
104857,64,512,512,7698.23
104857,64,512,512,7719.48
104857,64,512,512,7689.23
419430,256,512,512,16141.2
419430,64,2048,512,10561.4
104857,64,512,512,7678.85
104857,64,512,512,7623.54
104857,64,512,512,7619.73
104857,64,512,512,7646.65
419430,256,512,512,16030.8
419430,64,2048,512,10540.3
104857,64,512,512,7672.53
104857,64,512,512,7644.38
104857,64,512,512,7675.33
104857,64,512,512,7631.17
419430,256,512,512,16060.5
419430,64,2048,512,10505.5
104857,64,512,512,7662.36
104857,64,512,512,7661.84
104857,64,512,512,7703.35
104857,64,512,512,7592.15
419430,256,512,512,16046.5
419430,64,2048,512,10519.7
104857,64,512,512,7616.97
104857,64,512,512,7656.07
104857,64,512,512,7654.85
104857,64,512,512,7632.56
419430,256,512,512,16014.5
419430,64,2048,512,10535.1
104857,64,512,512,7639.51
104857,64,512,512,7611.09
104857,64,512,512,7585.11
104857,64,512,512,7623.02
419430,256,512,512,16034.4
419430,64,2048,512,10515.2
104857,64,512,512,7681.31
104857,64,512,512,7701.94
104857,64,512,512,7613.85
104857,64,512,512,7677.27
6817382,4161,512,512,20504.3
78643,64,512,512,6081.77
78643,64,512,512,6009.31
78643,64,512,512,6062.73
78643,64,512,512,5937.84
314572,256,512,512,12579.4
314572,64,2048,512,8249.64
78643,64,512,512,6020.66
78643,64,512,512,5973.93
78643,64,512,512,6027.73
78643,64,512,512,6028.89
78643,64,512,512,6010.45
78643,64,512,512,5957.95
78643,64,512,512,5915.1
78643,64,512,512,5990.85
314572,256,512,512,12654.9
314572,64,2048,512,8249.37
78643,64,512,512,6053.25
78643,64,512,512,6022.83
78643,64,512,512,6049.76
78643,64,512,512,5977.9
78643,64,512,512,5991.99
78643,64,512,512,5984.73
78643,64,512,512,5912.46
78643,64,512,512,5953.44
314572,256,512,512,12623.1
314572,64,2048,512,8225.44
78643,64,512,512,6030.47
78643,64,512,512,5981.46
78643,64,512,512,5868.2
78643,64,512,512,5973.79
78643,64,512,512,5938.41
78643,64,512,512,5971.94
78643,64,512,512,5962.89
78643,64,512,512,6032.93
314572,256,512,512,12594.7
314572,64,2048,512,8244.24
78643,64,512,512,6002.14
78643,64,512,512,5977.9
78643,64,512,512,6016.49
78643,64,512,512,6013.33
78643,64,512,512,6007.44
78643,64,512,512,5966
78643,64,512,512,5988.29
78643,64,512,512,5935.04
314572,256,512,512,12700.9
314572,64,2048,512,8196.98
78643,64,512,512,6041.33
78643,64,512,512,5982.02
78643,64,512,512,6021.1
78643,64,512,512,5994.28
78643,64,512,512,5987
78643,64,512,512,6011.6
78643,64,512,512,5864.23
78643,64,512,512,5954.99
314572,256,512,512,12636.4
314572,64,2048,512,8152.89
78643,64,512,512,6004.86
78643,64,512,512,6003.43
78643,64,512,512,6006.15
78643,64,512,512,5972.51
314572,256,512,512,12717.5
314572,64,2048,512,8249.03
78643,64,512,512,6049.76
78643,64,512,512,6036.12
78643,64,512,512,6047.29
78643,64,512,512,5980.74
314572,256,512,512,12670.3
314572,64,2048,512,8254.11
78643,64,512,512,5991
78643,64,512,512,5970.39
78643,64,512,512,5998.14
78643,64,512,512,5990.71
314572,256,512,512,12661.6
314572,64,2048,512,8226.25
78643,64,512,512,5975.77
78643,64,512,512,5996.13
78643,64,512,512,5961.9
78643,64,512,512,5980.46
314572,256,512,512,12683.6
314572,64,2048,512,8227.73
78643,64,512,512,5966.85
78643,64,512,512,5935.32
78643,64,512,512,6034.67
78643,64,512,512,5901.09
314572,256,512,512,12664.3
314572,64,2048,512,8242.21
78643,64,512,512,5964.73
78643,64,512,512,6006.87
78643,64,512,512,5875.46
78643,64,512,512,6008.16
314572,256,512,512,12721.2
314572,64,2048,512,8228.87
78643,64,512,512,5993.56
78643,64,512,512,5946.83
78643,64,512,512,6006.29
78643,64,512,512,6012.32
5113038,4161,512,512,16339.4
52428,64,512,512,4230.63
52428,64,512,512,4249.7
52428,64,512,512,4353.47
52428,64,512,512,4245.51
209715,256,512,512,9480.11
209715,64,2048,512,6126.02
52428,64,512,512,4273.08
52428,64,512,512,4256.82
52428,64,512,512,4276.24
52428,64,512,512,4285.74
52428,64,512,512,4236.4
52428,64,512,512,4218.5
52428,64,512,512,4345.35
52428,64,512,512,4248.3
209715,256,512,512,9367.24
209715,64,2048,512,6153.15
52428,64,512,512,4245.83
52428,64,512,512,4377.9
52428,64,512,512,4228.6
52428,64,512,512,4355.39
52428,64,512,512,4317.62
52428,64,512,512,4320.29
52428,64,512,512,4197.5
52428,64,512,512,4215.64
209715,256,512,512,9467.54
209715,64,2048,512,6141.33
52428,64,512,512,4237.25
52428,64,512,512,4268.3
52428,64,512,512,4314.07
52428,64,512,512,4285.53
52428,64,512,512,4219.99
52428,64,512,512,4258.87
52428,64,512,512,4325.41
52428,64,512,512,4337.6
209715,256,512,512,9450.21
209715,64,2048,512,6064.19
52428,64,512,512,4230.95
52428,64,512,512,4216.7
52428,64,512,512,4274.06
52428,64,512,512,4297.6
52428,64,512,512,4344.45
52428,64,512,512,4309.52
52428,64,512,512,4275.59
52428,64,512,512,4305.65
209715,256,512,512,9460.74
209715,64,2048,512,6138.46
52428,64,512,512,4259.3
52428,64,512,512,4357.77
52428,64,512,512,4322.51
52428,64,512,512,4257.79
52428,64,512,512,4291.66
52428,64,512,512,4294.19
52428,64,512,512,4277.44
52428,64,512,512,4257.36
209715,256,512,512,9498.63
209715,64,2048,512,6148.81
52428,64,512,512,4233.72
52428,64,512,512,4290.68
52428,64,512,512,4228.28
52428,64,512,512,4271.78
209716,256,512,512,9413.01
209715,64,2048,512,6134.82
52428,64,512,512,4323.29
52428,64,512,512,4339.85
52428,64,512,512,4387.17
52428,64,512,512,4344.45
209715,256,512,512,9417.72
209715,64,2048,512,6103.96
52428,64,512,512,4245.4
52428,64,512,512,4236.29
52428,64,512,512,4342.2
52428,64,512,512,4302.67
209715,256,512,512,9420.23
209715,64,2048,512,6144.93
52428,64,512,512,4291.11
52428,64,512,512,4272.1
52428,64,512,512,4217.55
52428,64,512,512,4217.65
209715,256,512,512,9404.65
209715,64,2048,512,6146.73
52428,64,512,512,4331.33
52428,64,512,512,4277.33
52428,64,512,512,4266.78
52428,64,512,512,4274.17
209715,256,512,512,9458.87
209715,64,2048,512,6181.61
52428,64,512,512,4235.75
52429,64,512,512,4233.8
52428,64,512,512,4307.31
52428,64,512,512,4241.32
209715,256,512,512,9420.23
209715,64,2048,512,6220.92
52428,64,512,512,4262.98
52428,64,512,512,4364.8
52428,64,512,512,4255.41
52428,64,512,512,4318.62
3408692,4161,512,512,12469.2
26214,64,512,512,2640.71
26214,64,512,512,2536.66
26214,64,512,512,2616.49
26214,64,512,512,2651.98
104857,256,512,512,5859.57
104857,64,2048,512,4166.11
26214,64,512,512,2695.96
26214,64,512,512,2646.96
26214,64,512,512,2665.38
26214,64,512,512,2682.51
26214,64,512,512,2628.87
26214,64,512,512,2690.51
26214,64,512,512,2676.43
26214,64,512,512,2678.48
104857,256,512,512,5842.43
104857,64,2048,512,4166.01
26214,64,512,512,2591.76
26214,64,512,512,2649.55
26214,64,512,512,2697.78
26214,64,512,512,2676.77
26214,64,512,512,2673.02
26214,64,512,512,2646.12
26214,64,512,512,2624.52
26214,64,512,512,2634.07
104857,256,512,512,5878.25
104857,64,2048,512,4164.46
26214,64,512,512,2580.99
26214,64,512,512,2670.89
26214,64,512,512,2641.79
26214,64,512,512,2658.37
26214,64,512,512,2629.78
26214,64,512,512,2617.39
26214,64,512,512,2572.84
26214,64,512,512,2682.17
104857,256,512,512,5915.56
104857,64,2048,512,4206.11
26214,64,512,512,2657.1
26214,64,512,512,2657.61
26214,64,512,512,2637.89
26214,64,512,512,2669.45
26214,64,512,512,2613.07
26214,64,512,512,2665.29
26214,64,512,512,2684.31
26214,64,512,512,2719.29
104857,256,512,512,5827.41
104857,64,2048,512,4166.52
26214,64,512,512,2672.17
26214,64,512,512,2688.79
26214,64,512,512,2679.6
26214,64,512,512,2674.04
26214,64,512,512,2674.98
26214,64,512,512,2637.47
26214,64,512,512,2653.66
26214,64,512,512,2659.71
104857,256,512,512,5898.71
104857,64,2048,512,4221.25
26214,64,512,512,2639.88
26214,64,512,512,2687.15
26214,64,512,512,2640.38
26214,64,512,512,2646.04
104857,256,512,512,5915.35
104857,64,2048,512,4167.82
26214,64,512,512,2633.91
26214,64,512,512,2568.27
26214,64,512,512,2641.79
26214,64,512,512,2652.15
104857,256,512,512,5869.71
104857,64,2048,512,4205.59
26214,64,512,512,2620.01
26214,64,512,512,2638.22
26214,64,512,512,2677.54
26214,64,512,512,2668.85
104857,256,512,512,5829.13
104857,64,2048,512,4136.17
26214,64,512,512,2651.9
26214,64,512,512,2639.21
26214,64,512,512,2577.42
26214,64,512,512,2666.65
104857,256,512,512,5951.55
104857,64,2048,512,4183.04
26214,64,512,512,2667.24
26214,64,512,512,2671.83
26214,64,512,512,2663.43
26214,64,512,512,2566.62
104857,256,512,512,5907.02
104857,64,2048,512,4174.56
26214,64,512,512,2612.01
26214,64,512,512,2657.69
26214,64,512,512,2651.98
26214,64,512,512,2683.8
104857,256,512,512,5886.19
104857,64,2048,512,4180.85
26214,64,512,512,2601.56
26214,64,512,512,2697.26
26214,64,512,512,2623.94
26214,64,512,512,2696.74
1704346,4161,512,512,9184.18
13107,64,512,512,1677.63
13107,64,512,512,1683.49
13107,64,512,512,1652.97
13107,64,512,512,1691.7
52428,256,512,512,3775.28
52428,64,2048,512,3090.08
13107,64,512,512,1675.08
13107,64,512,512,1698.97
13107,64,512,512,1683.35
13107,64,512,512,1685.99
13107,64,512,512,1666.17
13107,64,512,512,1662.07
13107,64,512,512,1685.31
13107,64,512,512,1659.05
52428,256,512,512,3833.86
52428,64,2048,512,3089.28
13107,64,512,512,1670.95
13107,64,512,512,1687.89
13107,64,512,512,1725.17
13107,64,512,512,1656.82
13107,64,512,512,1663.46
13107,64,512,512,1685.99
13107,64,512,512,1637.54
13107,64,512,512,1645.7
52428,256,512,512,3789.09
52428,64,2048,512,3046.98
13107,64,512,512,1669.88
13107,64,512,512,1674.01
13107,64,512,512,1661.74
13107,64,512,512,1687.14
13107,64,512,512,1711.03
13107,64,512,512,1673.01
13107,64,512,512,1667.42
13107,64,512,512,1710.33
52428,256,512,512,3772.14
52428,64,2048,512,3095.32
13107,64,512,512,1692.73
13107,64,512,512,1683.89
13107,64,512,512,1698.83
13107,64,512,512,1647.77
13107,64,512,512,1669.62
13107,64,512,512,1646.22
13107,64,512,512,1670.48
13107,64,512,512,1693.75
52428,256,512,512,3727.22
52428,64,2048,512,3087.86
13107,64,512,512,1650.5
13107,64,512,512,1644.41
13107,64,512,512,1666.03
13107,64,512,512,1669.75
13107,64,512,512,1704.42
13107,64,512,512,1644.35
13107,64,512,512,1651.02
13107,64,512,512,1670.01
52428,256,512,512,3747.87
52428,64,2048,512,3059.81
13107,64,512,512,1693.34
13107,64,512,512,1676.35
13107,64,512,512,1664.84
13107,64,512,512,1672.81
52428,256,512,512,3725.98
52428,64,2048,512,3111.28
13107,64,512,512,1706.15
13107,64,512,512,1635.82
13107,64,512,512,1656.82
13107,64,512,512,1646.74
52428,256,512,512,3797.33
52428,64,2048,512,3080.32
13107,64,512,512,1668.09
13107,64,512,512,1674.35
13107,64,512,512,1644.35
13107,64,512,512,1683.96
52428,256,512,512,3668.86
52428,64,2048,512,3082.36
13107,64,512,512,1685.11
13107,64,512,512,1695.74
13107,64,512,512,1682.47
13107,64,512,512,1689.86
52428,256,512,512,3686.84
52428,64,2048,512,3086.44
13107,64,512,512,1687.35
13107,64,512,512,1663.52
13107,64,512,512,1702.83
13107,64,512,512,1682.74
52428,256,512,512,3784.05
52428,64,2048,512,3119.32
13107,64,512,512,1687.48
13107,64,512,512,1680.99
13107,64,512,512,1631.24
13107,64,512,512,1641.32
52428,256,512,512,3736.27
52428,64,2048,512,3048.25
13107,64,512,512,1686.33
13107,64,512,512,1696.22
13107,64,512,512,1692.59
13107,64,512,512,1666.03
852173,4161,512,512,7437.75
5242,64,512,512,846.125
5242,64,512,512,851.753
5242,64,512,512,842.936
5242,64,512,512,844.336
20971,256,512,512,2233.78
20971,64,2048,512,1950.73
5242,64,512,512,846.167
5242,64,512,512,848.264
5242,64,512,512,855.75
5242,64,512,512,850.759
5242,64,512,512,848.994
5242,64,512,512,870.629
5242,64,512,512,868.331
5242,64,512,512,856.143
20971,256,512,512,2214.25
20971,64,2048,512,1942.94
5242,64,512,512,856.756
5242,64,512,512,846.466
5242,64,512,512,851.882
5242,64,512,512,851.969
5242,64,512,512,846.338
5242,64,512,512,863.592
5242,64,512,512,865.017
5242,64,512,512,836.838
20971,256,512,512,2204.72
20971,64,2048,512,1928.15
5242,64,512,512,850.112
5242,64,512,512,854.356
5242,64,512,512,849.424
5242,64,512,512,869.366
5242,64,512,512,832.477
5242,64,512,512,847.022
5242,64,512,512,860.315
5242,64,512,512,854.312
20971,256,512,512,2218.64
20971,64,2048,512,1929.92
5242,64,512,512,824.904
5242,64,512,512,831.322
5242,64,512,512,837.13
5242,64,512,512,844.676
5242,64,512,512,838.805
5242,64,512,512,834.05
5242,64,512,512,846.253
5242,64,512,512,853.877
20971,256,512,512,2201.39
20971,64,2048,512,1981.14
5242,64,512,512,858.202
5242,64,512,512,836.796
5242,64,512,512,850.371
5242,64,512,512,846.167
5242,64,512,512,840.992
5242,64,512,512,849.897
5242,64,512,512,849.166
5242,64,512,512,846.423
20971,256,512,512,2197.64
20971,64,2048,512,1988.66
5242,64,512,512,858.861
5242,64,512,512,832.891
5242,64,512,512,860.359
5242,64,512,512,860.006
20971,256,512,512,2247.09
20971,64,2048,512,1989.3
5242,64,512,512,856.712
5242,64,512,512,846.167
5242,64,512,512,862.527
5242,64,512,512,858.202
20971,256,512,512,2202.55
20971,64,2048,512,1936.27
5242,64,512,512,861.375
5242,64,512,512,861.729
5242,64,512,512,838.134
5242,64,512,512,839.434
20971,256,512,512,2223.42
20971,64,2048,512,1983.01
5242,64,512,512,847.535
5242,64,512,512,837.256
5242,64,512,512,851.234
5242,64,512,512,842.005
20971,256,512,512,2229.62
20971,64,2048,512,1988.77
5242,64,512,512,850.586
5242,64,512,512,849.897
5242,64,512,512,853.53
5242,64,512,512,836.004
20971,256,512,512,2207.62
20971,64,2048,512,1963.35
5242,64,512,512,859.565
5242,64,512,512,835.796
5242,64,512,512,835.005
5242,64,512,512,854.573
20971,256,512,512,2227.99
20971,64,2048,512,1980.67
5242,64,512,512,835.754
5242,64,512,512,850.026
5242,64,512,512,859.83
5242,64,512,512,857.676
340868,4161,512,512,5745.77
144656,64,512,512,10549
145219,64,512,512,10482.5
143086,64,512,512,10378.4
134140,64,512,512,9656.44
617373,256,512,512,23412.2
511909,64,2048,512,12703.1
152784,64,512,512,10964.8
177501,64,512,512,12974.6
138819,64,512,512,10099.4
175788,64,512,512,12794.5
148318,64,512,512,10690.8
146820,64,512,512,10625.4
139898,64,512,512,10104.8
135158,64,512,512,9660.83
605239,256,512,512,22948.8
498916,64,2048,512,12386
135302,64,512,512,9748.65
167130,64,512,512,12114.4
127129,64,512,512,9241.13
160282,64,512,512,11714.1
137228,64,512,512,9843.53
141001,64,512,512,10124.4
127709,64,512,512,9220.87
127997,64,512,512,9300.42
614701,256,512,512,23246.7
495116,64,2048,512,12270.1
141404,64,512,512,10104.8
162547,64,512,512,11839.1
133241,64,512,512,9620.29
157924,64,512,512,11412.8
140148,64,512,512,10018.4
155781,64,512,512,11308.5
131610,64,512,512,9498.89
141524,64,512,512,10228.3
622718,256,512,512,23612.7
500156,64,2048,512,12427.6
145809,64,512,512,10508.5
161899,64,512,512,11838.2
134961,64,512,512,9697.87
157923,64,512,512,11468.9
144846,64,512,512,10440.3
169827,64,512,512,12317.7
137419,64,512,512,9833.43
157723,64,512,512,11420.7
638805,256,512,512,24070.4
520728,64,2048,512,12878.3
138115,64,512,512,10001.1
151839,64,512,512,11055.4
128572,64,512,512,9305.86
149774,64,512,512,10802.6
147527,64,512,512,10601.3
166724,64,512,512,12260.3
145068,64,512,512,10422.5
157919,64,512,512,11421.4
662743,256,512,512,25118.2
529525,64,2048,512,13125.8
123866,64,512,512,9026.49
147677,64,512,512,10760
110753,64,512,512,8182.34
145625,64,512,512,10517.5
485342,256,512,512,18606
372276,64,2048,512,9496.91
137762,64,512,512,9909.38
152588,64,512,512,11084.5
124825,64,512,512,9075.92
152847,64,512,512,10987.1
472169,256,512,512,18222.1
364688,64,2048,512,9722.57
105892,64,512,512,7739.23
152424,64,512,512,11051.5
96613,64,512,512,7092.66
141359,64,512,512,10157.6
498329,256,512,512,19263.5
374306,64,2048,512,9886.08
111037,64,512,512,7987.56
141993,64,512,512,10251.5
105115,64,512,512,7710.27
131116,64,512,512,9433.45
521358,256,512,512,19895.6
382228,64,2048,512,9893.46
112897,64,512,512,8237.65
135583,64,512,512,9816.19
105657,64,512,512,7695.34
124591,64,512,512,8999.81
524195,256,512,512,20039.5
379576,64,2048,512,9748.26
123414,64,512,512,8880.71
142424,64,512,512,10222
114404,64,512,512,8330.71
133618,64,512,512,9712.82
518126,256,512,512,19738.4
360766,64,2048,512,9314.22
127963,64,512,512,9290.57
137811,64,512,512,9957.89
119801,64,512,512,8716.76
131226,64,512,512,9479.51
8449349,4161,512,512,25521.9
110054,64,512,512,8074.77
100849,64,512,512,7656.94
69340,64,512,512,5154.67
69926,64,512,512,5252.17
520881,256,512,512,19911.8
420270,64,2048,512,10607
176573,64,512,512,12857.2
164906,64,512,512,11822.8
119346,64,512,512,8761.55
163179,64,512,512,11865.7
131179,64,512,512,9520.61
106332,64,512,512,7734.3
80702,64,512,512,6046.94
75910,64,512,512,5692.27
434108,256,512,512,16662.4
364167,64,2048,512,9219.71
115824,64,512,512,8515.89
118372,64,512,512,8603.4
73184,64,512,512,5537.3
95756,64,512,512,7062.31
132447,64,512,512,9635.36
106685,64,512,512,7764.03
85843,64,512,512,6405.6
78662,64,512,512,5822.91
451905,256,512,512,17341.2
377715,64,2048,512,9654.28
131164,64,512,512,9446.46
130939,64,512,512,9448.11
81929,64,512,512,6134.85
114764,64,512,512,8385.74
133557,64,512,512,9692.97
114906,64,512,512,8369.55
86931,64,512,512,6419.43
87415,64,512,512,6502.28
480220,256,512,512,18374.8
389027,64,2048,512,9887.89
144587,64,512,512,10405.2
131025,64,512,512,9516.55
92656,64,512,512,6842.98
115987,64,512,512,8433.12
144703,64,512,512,10401.6
128707,64,512,512,9333.79
97146,64,512,512,7166.31
100981,64,512,512,7510.5
519534,256,512,512,19795.3
435213,64,2048,512,10880.8
151362,64,512,512,11016.4
131393,64,512,512,9502.52
95590,64,512,512,7094.7
119793,64,512,512,8670.25
145197,64,512,512,10463.5
145080,64,512,512,10460.5
101998,64,512,512,7449.19
112628,64,512,512,8211.66
562881,256,512,512,21415.3
463789,64,2048,512,11543.5
130724,64,512,512,9467.61
106538,64,512,512,7743.12
68242,64,512,512,5242.33
94758,64,512,512,6949.46
464225,256,512,512,18011.8
348379,64,2048,512,9470.19
157973,64,512,512,11512.2
128921,64,512,512,9333.02
96673,64,512,512,7156.99
122165,64,512,512,8853.14
225571,256,512,512,9985.71
205326,64,2048,512,6845.34
65235,64,512,512,4988.58
83880,64,512,512,6699.02
37002,64,512,512,3210.5
58084,64,512,512,4367.84
281342,256,512,512,11691.7
253598,64,2048,512,7404.52
84469,64,512,512,6263.2
98998,64,512,512,7425.49
45258,64,512,512,3805.7
74105,64,512,512,5500.98
291371,256,512,512,11938.7
256402,64,2048,512,7790.12
109587,64,512,512,8072.71
99608,64,512,512,7427.03
60842,64,512,512,4763.64
76770,64,512,512,5700.39
301623,256,512,512,11583.6
236448,64,2048,512,6908.5
116101,64,512,512,8523.92
93737,64,512,512,6997.42
69341,64,512,512,5184.01
72872,64,512,512,5435.42
266304,256,512,512,10774.5
179846,64,2048,512,5776.56
118976,64,512,512,8613.46
87654,64,512,512,6516.42
69802,64,512,512,5386.61
68146,64,512,512,5179.62
8099792,4161,512,512,24479.8
69048,64,512,512,5164.04
70699,64,512,512,5721.29
55824,64,512,512,4268.2
51977,64,512,512,3926.59
440834,256,512,512,16921.4
349724,64,2048,512,8907.54
142988,64,512,512,10251
140146,64,512,512,10099
102718,64,512,512,7502.12
144324,64,512,512,10357.6
90907,64,512,512,6713.65
79001,64,512,512,6108.28
71333,64,512,512,5314.68
59864,64,512,512,4493.03
350127,256,512,512,13710
278118,64,2048,512,7504.27
77453,64,512,512,5783.04
97490,64,512,512,7150.8
58782,64,512,512,4422.61
79224,64,512,512,5841.14
72798,64,512,512,5562.81
80140,64,512,512,6142.47
60387,64,512,512,4723.85
59524,64,512,512,4656.8
377531,256,512,512,14650.2
301616,64,2048,512,8023.7
85602,64,512,512,6292.97
106244,64,512,512,7705.82
64319,64,512,512,4922.77
92139,64,512,512,6774.62
80374,64,512,512,6007.59
91729,64,512,512,6737.04
68532,64,512,512,5309.99
70060,64,512,512,5395.59
413100,256,512,512,15800.5
326865,64,2048,512,8491.92
100219,64,512,512,7316.09
112406,64,512,512,8263.06
76218,64,512,512,5676.53
99957,64,512,512,7370.61
89251,64,512,512,6614.86
113306,64,512,512,8313.56
75834,64,512,512,5802.01
88878,64,512,512,6636.56
454699,256,512,512,17312.6
370593,64,2048,512,9434.64
99341,64,512,512,7324.52
113026,64,512,512,8235.24
75788,64,512,512,5633.36
103039,64,512,512,7559.72
95971,64,512,512,7026.34
126777,64,512,512,9199.45
84980,64,512,512,6265.66
99415,64,512,512,7422.5
483495,256,512,512,18382.5
392291,64,2048,512,9927.09
78700,64,512,512,5861.25
89338,64,512,512,6574.87
60344,64,512,512,4749.86
81600,64,512,512,6071.43
377485,256,512,512,14436.6
263284,64,2048,512,7517.76
125652,64,512,512,9023.49
98723,64,512,512,7305.72
91651,64,512,512,6697.65
101724,64,512,512,7468.21
139876,256,512,512,6850.37
104165,64,2048,512,4486.25
40729,64,512,512,3213.18
59136,64,512,512,4893.72
32292,64,512,512,2935.13
38547,64,512,512,3122.48
194581,256,512,512,9037.93
150283,64,2048,512,5558.06
42786,64,512,512,3574.16
66156,64,512,512,5276.13
33491,64,512,512,3003.84
47033,64,512,512,3621.32
247017,256,512,512,10514.2
179358,64,2048,512,5643.35
55210,64,512,512,4327.02
68722,64,512,512,5464.84
40973,64,512,512,3459.1
52095,64,512,512,4100.46
248270,256,512,512,10478.4
172574,64,2048,512,5618.96
71451,64,512,512,5322.73
73260,64,512,512,5733.38
54975,64,512,512,4296.71
59423,64,512,512,4490.79
222621,256,512,512,9249.51
136351,64,2048,512,4628.84
74612,64,512,512,5538.1
68003,64,512,512,5323.66
58713,64,512,512,4706.46
55485,64,512,512,4353.15
5628498,4161,512,512,18229.2
55839,64,512,512,4377.82
47152,64,512,512,4566.5
40749,64,512,512,3125.67
31688,64,512,512,2484.66
246942,256,512,512,10350.3
187181,64,2048,512,5680.38
108105,64,512,512,7941.97
107497,64,512,512,7789.11
65349,64,512,512,4905.16
112066,64,512,512,8126.62
53552,64,512,512,4048.44
46022,64,512,512,4278.25
38979,64,512,512,2949.95
28332,64,512,512,2322.12
181465,256,512,512,7940.71
138731,64,2048,512,4836.57
44787,64,512,512,3569.22
56702,64,512,512,4793.96
30654,64,512,512,2616.16
40235,64,512,512,3295.34
49209,64,512,512,3994.95
55295,64,512,512,4520.8
37240,64,512,512,3306.09
33400,64,512,512,2906.09
209478,256,512,512,8804.26
170877,64,2048,512,5597.19
59402,64,512,512,4578.3
78627,64,512,512,5967.47
40400,64,512,512,3480.41
58892,64,512,512,4636.14
51857,64,512,512,4116.25
60576,64,512,512,4823.17
42887,64,512,512,3694.67
40323,64,512,512,3410.07
249613,256,512,512,10316.3
196462,64,2048,512,5858.52
65126,64,512,512,5010.78
73887,64,512,512,5593.93
44367,64,512,512,3571.96
60688,64,512,512,4728.67
60021,64,512,512,4736.79
83964,64,512,512,6273.73
47934,64,512,512,4049.44
56646,64,512,512,4570.76
302452,256,512,512,11857.8
246814,64,2048,512,6727.58
65341,64,512,512,4874.72
81599,64,512,512,6087.07
45839,64,512,512,3784.34
66444,64,512,512,5121.42
63673,64,512,512,4883.49
94580,64,512,512,6914.38
54191,64,512,512,4352.15
65642,64,512,512,5175.16
343356,256,512,512,13464.8
257197,64,2048,512,6790
41783,64,512,512,3408.43
52641,64,512,512,4361.88
29547,64,512,512,2827.89
42360,64,512,512,3544.49
216719,256,512,512,9456.62
149618,64,2048,512,5258.75
81604,64,512,512,6016.89
64242,64,512,512,5168.31
43030,64,512,512,3431.17
61783,64,512,512,4675.66
48481,256,512,512,3539.33
38360,64,2048,512,3069.88
18164,64,512,512,1629.38
29508,64,512,512,3273.21
13422,64,512,512,1413.59
18682,64,512,512,1609.3
101911,256,512,512,5767.56
82333,64,2048,512,3878.03
19741,64,512,512,1726.79
38241,64,512,512,3819.92
15129,64,512,512,1533.31
25640,64,512,512,2072.71
114133,256,512,512,5874.34
85304,64,2048,512,3987.04
36347,64,512,512,3195.43
44755,64,512,512,3952.2
25265,64,512,512,2423.65
30012,64,512,512,2614.71
115983,256,512,512,6101.86
83975,64,2048,512,3743.19
48912,64,512,512,4064.99
44247,64,512,512,3916.96
33185,64,512,512,2980.91
27808,64,512,512,2436.56
83494,256,512,512,5228.48
48292,64,2048,512,2707.19
42541,64,512,512,3418.75
43863,64,512,512,3765.57
30263,64,512,512,2689.67
31688,64,512,512,2693.63
4570384,4161,512,512,15559.1
34247,64,512,512,2661.97
19404,64,512,512,2570.28
16396,64,512,512,1414.02
11969,64,512,512,1049.71
104673,256,512,512,5812.34
81975,64,2048,512,3612.23
97078,64,512,512,7166.25
69893,64,512,512,5672.42
25760,64,512,512,2135.05
69617,64,512,512,5191.91
48869,64,512,512,3673.15
21820,64,512,512,2638.45
15338,64,512,512,1446.09
10662,64,512,512,1012.93
41663,256,512,512,3083.72
36012,64,2048,512,2908.37
42364,64,512,512,3472.11
32657,64,512,512,3051.97
13187,64,512,512,1198.41
17178,64,512,512,1673.1
50871,64,512,512,4020.14
27364,64,512,512,2867.87
15168,64,512,512,1674.58
13381,64,512,512,1365.1
52212,256,512,512,3788.89
48390,64,2048,512,3269.39
55223,64,512,512,4278.78
42626,64,512,512,3632.48
15872,64,512,512,1561.48
24727,64,512,512,2264.57
54011,64,512,512,4200.64
38147,64,512,512,3554.55
17464,64,512,512,1836.32
16461,64,512,512,1749.48
72869,256,512,512,4796.48
71587,64,2048,512,3933.28
66349,64,512,512,5033.95
49036,64,512,512,4130.11
18628,64,512,512,1799.1
30148,64,512,512,2760.65
63533,64,512,512,5022
47347,64,512,512,4037.59
19514,64,512,512,1993.51
23243,64,512,512,2400.05
100398,256,512,512,5599.24
85572,64,2048,512,3715.43
58607,64,512,512,4583.82
37223,64,512,512,3326.08
14595,64,512,512,1573.74
23119,64,512,512,2105.08
70285,64,512,512,5279.13
56422,64,512,512,4605.76
21842,64,512,512,2153.31
27155,64,512,512,2799.57
130289,256,512,512,6602.55
90678,64,2048,512,3479.3
48564,64,512,512,3952.31
26377,64,512,512,2701.35
9201,64,512,512,1207.88
16237,64,512,512,1624.56
58872,256,512,512,4062.77
55804,64,2048,512,3280.36
69433,64,512,512,5343.44
57004,64,512,512,4681.7
12532,64,512,512,1340.36
53312,64,512,512,4174.28
19051,256,512,512,1549.22
20119,64,2048,512,2342.82
10834,64,512,512,1019.04
21594,64,512,512,2723.29
3649,64,512,512,427.69
14972,64,512,512,1379.27
19537,256,512,512,1545.27
20744,64,2048,512,2277.21
32975,64,512,512,2673.97
19159,64,512,512,2607.11
8520,64,512,512,999.413
9463,64,512,512,878.542
21054,256,512,512,1713.93
21606,64,2048,512,2351.27
19284,64,512,512,1792.82
16852,64,512,512,2262.77
5429,64,512,512,655.849
8863,64,512,512,870.548
20900,256,512,512,1687.57
18007,64,2048,512,1936.95
29744,64,512,512,2599.72
15941,64,512,512,2029.33
7369,64,512,512,907.128
9554,64,512,512,968.719
16100,256,512,512,1334.47
9871,64,2048,512,1267.75
32053,64,512,512,2794.58
18132,64,512,512,2011.1
7471,64,512,512,975.366
12811,64,512,512,1228.76
2802367,4161,512,512,11760.3
17538,64,512,512,1454.91
9689,64,512,512,1541.61
9630,64,512,512,854.149
5732,64,512,512,578.716
49727,256,512,512,3750.68
41575,64,2048,512,2487.98
60339,64,512,512,4691.08
33846,64,512,512,3341.78
10762,64,512,512,888.39
34845,64,512,512,2728.86
27165,64,512,512,2288.79
12022,64,512,512,1636.2
7018,64,512,512,871.361
4981,64,512,512,574.82
18329,256,512,512,1595.82
18724,64,2048,512,1978.69
20384,64,512,512,1739.62
20795,64,512,512,2101.63
5704,64,512,512,644.724
9461,64,512,512,1122.63
21954,64,512,512,2089.3
12498,64,512,512,1669.74
5460,64,512,512,791.162
4860,64,512,512,660.523
19355,256,512,512,1699.3
20125,64,2048,512,2031.48
29397,64,512,512,2625.76
26491,64,512,512,2571.71
6978,64,512,512,948.823
12252,64,512,512,1473.04
23425,64,512,512,2218.67
20550,64,512,512,2243.75
6200,64,512,512,903.461
7340,64,512,512,989.76
25190,256,512,512,2202.28
29575,64,2048,512,2594.65
33448,64,512,512,2832.55
35320,64,512,512,3141.04
8490,64,512,512,1046.49
16466,64,512,512,1756.26
25495,64,512,512,2269.69
36244,64,512,512,3002.43
7017,64,512,512,1010.87
11888,64,512,512,1504.27
33082,256,512,512,2777.89
44738,64,2048,512,3073.66
25079,64,512,512,2116.88
31458,64,512,512,2785.13
6391,64,512,512,875.255
14370,64,512,512,1577.33
44130,64,512,512,3615.36
37424,64,512,512,3366.32
10100,64,512,512,1336.92
15476,64,512,512,1964.12
42127,256,512,512,3275.26
29857,64,2048,512,1950.2
18768,64,512,512,1847.19
14559,64,512,512,1539.21
3701,64,512,512,601.728
9011,64,512,512,1084.68
26707,256,512,512,2201.85
26895,64,2048,512,2187.98
46041,64,512,512,3716.55
39819,64,512,512,3526.83
5371,64,512,512,675.757
35052,64,512,512,2818.4
3789,256,512,512,410.19
3298,64,2048,512,580.379
10357,64,512,512,914.475
5954,64,512,512,1010.76
2109,64,512,512,301.919
2920,64,512,512,368.294
3678,256,512,512,378.176
3035,64,2048,512,538.897
3920,64,512,512,409.052
6539,64,512,512,1036.04
1294,64,512,512,182.045
3906,64,512,512,422.37
6591,256,512,512,681.835
6228,64,2048,512,936.542
10973,64,512,512,1112.84
10235,64,512,512,1464.5
2888,64,512,512,399.983
6614,64,512,512,722.792
5856,256,512,512,590.192
5056,64,2048,512,846.06
21060,64,512,512,1984.22
9576,64,512,512,1315.67
4067,64,512,512,613.193
4228,64,512,512,496.262
4933,256,512,512,511.572
2797,64,2048,512,474.319
16062,64,512,512,1600.45
8583,64,512,512,1250.88
3442,64,512,512,521.417
6578,64,512,512,738.634
1362291,4161,512,512,8860.5
0,64,512,512,0
929,64,512,512,192.876
0,64,512,512,0
246,64,512,512,39.2834
14047,256,512,512,1390.83
20596,64,2048,512,2004.11
22905,64,512,512,1918.19
27236,64,512,512,2783.98
5473,64,512,512,486.354
25435,64,512,512,2231.2
0,64,512,512,0
77,64,512,512,16.5136
0,64,512,512,0
19,64,512,512,4.10063
1932,256,512,512,231.1
1833,64,2048,512,352.521
8299,64,512,512,948.863
20258,64,512,512,2186.14
4656,64,512,512,536
6968,64,512,512,925.097
39,64,512,512,8.02056
6,64,512,512,1.33426
8,64,512,512,1.79221
20,64,512,512,4.41867
1005,256,512,512,130.721
960,64,2048,512,197.037
15889,64,512,512,1425.66
26465,64,512,512,2531.32
4629,64,512,512,657.237
9380,64,512,512,1150.96
2992,64,512,512,293.765
1844,64,512,512,374.773
640,64,512,512,110.393
401,64,512,512,65.0744
1423,256,512,512,166.676
1698,64,2048,512,343.312
13471,64,512,512,1337.36
25799,64,512,512,2503.54
5084,64,512,512,685.522
10880,64,512,512,1135.03
10658,64,512,512,987.194
7785,64,512,512,1210.91
5360,64,512,512,562.785
2762,64,512,512,340.279
1185,256,512,512,138.137
1198,64,2048,512,249.486
4459,64,512,512,463.047
4413,64,512,512,697.846
1897,64,512,512,237.162
1883,64,512,512,286.975
30410,64,512,512,2566.86
23696,64,512,512,2670.25
14210,64,512,512,1569.68
7168,64,512,512,909.212
1373,256,512,512,143.671
1671,64,2048,512,347.559
5531,64,512,512,548.064
2353,64,512,512,449.663
2904,64,512,512,346.32
743,64,512,512,122.595
0,256,512,512,0
0,64,2048,512,0
9554,64,512,512,913.411
19357,64,512,512,2050.39
5442,64,512,512,588.423
13274,64,512,512,1206.25
0,256,512,512,0
0,64,2048,512,0
1670,64,512,512,224.368
1644,64,512,512,331.619
1203,64,512,512,161.823
301,64,512,512,54.9584
159,256,512,512,23.5099
274,64,2048,512,58.325
87,64,512,512,17.3544
193,64,512,512,40.833
15,64,512,512,3.24083
19,64,512,512,4.09372
0,256,512,512,0
0,64,2048,512,0
0,64,512,512,0
0,64,512,512,0
0,64,512,512,0
0,64,512,512,0
0,256,512,512,0
0,64,2048,512,0
0,64,512,512,0
0,64,512,512,0
0,64,512,512,0
0,64,512,512,0
0,256,512,512,0
0,64,2048,512,0
0,64,512,512,0
0,64,512,512,0
0,64,512,512,0
0,64,512,512,0
850094,4161,512,512,8145.59
