128761,512,512,512,22470.9
132877,512,512,512,48945.5
142349,512,512,512,46315.9
122501,512,512,512,46277.1
657561,2048,512,512,60586.7
587093,512,2048,512,56224.8
158760,512,512,512,54443.2
161312,512,512,512,52916.3
154701,512,512,512,54519.2
163812,512,512,512,53936.8
138452,512,512,512,52651.6
140197,512,512,512,54000
139415,512,512,512,52193
130440,512,512,512,50886.9
615379,2048,512,512,59985
552458,512,2048,512,55845.7
122396,512,512,512,49760.2
163814,512,512,512,54852
119017,512,512,512,50794.3
156550,512,512,512,55025
130692,512,512,512,52560.1
144385,512,512,512,54494.9
131820,512,512,512,51581.5
133155,512,512,512,54520.7
629035,2048,512,512,60016.7
550086,512,2048,512,57410.7
129969,512,512,512,53596.5
164324,512,512,512,56238.3
131426,512,512,512,53615.5
157607,512,512,512,55744.8
132401,512,512,512,54024
158040,512,512,512,55566.9
136023,512,512,512,54626.8
146596,512,512,512,55927.2
640824,2048,512,512,60396.9
560424,512,2048,512,58982.6
133334,512,512,512,53925.5
165516,512,512,512,56418.1
134172,512,512,512,54177.8
161231,512,512,512,55962.5
128782,512,512,512,54651
171580,512,512,512,56246.7
135490,512,512,512,55109.8
157572,512,512,512,55874.3
655737,2048,512,512,60350.2
588044,512,2048,512,58102.2
125661,512,512,512,48694.2
154825,512,512,512,54331.1
127452,512,512,512,50221.6
153730,512,512,512,52959.5
129316,512,512,512,53706.8
176891,512,512,512,56564.5
141501,512,512,512,55619.5
161782,512,512,512,55894.2
673253,2048,512,512,60301.7
611291,512,2048,512,56008
102691,512,512,512,51360.5
136832,512,512,512,50881
105460,512,512,512,52883.6
134494,512,512,512,55016.1
546132,2048,512,512,58557.5
478771,512,2048,512,53118.7
126309,512,512,512,48881.5
127433,512,512,512,49732.8
124950,512,512,512,49133.6
136926,512,512,512,52012.3
512834,2048,512,512,59089.7
430911,512,2048,512,52532.6
89535,512,512,512,45253.6
142150,512,512,512,53294.9
83912,512,512,512,44872.3
126151,512,512,512,50119.7
526135,2048,512,512,59145.5
434134,512,2048,512,51949.3
100634,512,512,512,47308.3
132334,512,512,512,52885.1
96583,512,512,512,47189
120956,512,512,512,48739.4
527460,2048,512,512,59043.9
428269,512,2048,512,52059.6
103808,512,512,512,49699.3
127274,512,512,512,51590.8
102659,512,512,512,49295.6
119034,512,512,512,51851.9
529427,2048,512,512,58878.6
424951,512,2048,512,51921.9
117377,512,512,512,51681.9
122898,512,512,512,50642.9
114955,512,512,512,50127.3
118573,512,512,512,50833.7
504860,2048,512,512,58624.1
400093,512,2048,512,46849.4
115234,512,512,512,51667
120376,512,512,512,49366.2
114692,512,512,512,51948.3
119087,512,512,512,52305.5
7941902,33288,512,512,59611.3
82388,512,512,512,37208.8
95040,512,512,512,41690.8
95047,512,512,512,38899.4
81972,512,512,512,40713.6
559163,2048,512,512,60286.8
479025,512,2048,512,53822.7
123005,512,512,512,48352.1
134139,512,512,512,49528.8
117970,512,512,512,49447.9
136606,512,512,512,51979.5
108827,512,512,512,44541.7
113602,512,512,512,50593
110167,512,512,512,44434.8
103331,512,512,512,46408.3
500782,2048,512,512,58430.2
433174,512,2048,512,52874
83660,512,512,512,44617.5
139159,512,512,512,53036.6
79680,512,512,512,45905.4
128804,512,512,512,51224.5
93269,512,512,512,49539.6
116477,512,512,512,54297.4
96336,512,512,512,49204.7
100708,512,512,512,52558.5
513866,2048,512,512,59298
431100,512,2048,512,54988.3
94610,512,512,512,49135.6
138919,512,512,512,55427.9
97046,512,512,512,50473.7
129913,512,512,512,54509.7
91737,512,512,512,49446.6
128003,512,512,512,54578.2
97528,512,512,512,50182.7
111611,512,512,512,53615.6
530735,2048,512,512,59770.5
446252,512,2048,512,55491.6
96734,512,512,512,49909.6
139126,512,512,512,53159.6
97673,512,512,512,50854
132027,512,512,512,55151.5
99926,512,512,512,51716.8
146522,512,512,512,56119.6
105672,512,512,512,53092.6
131348,512,512,512,55731.8
560299,2048,512,512,59917.5
483219,512,2048,512,53923.3
99871,512,512,512,49423.9
139835,512,512,512,52508.6
100632,512,512,512,48845.6
135476,512,512,512,53792.2
100073,512,512,512,52308.4
158983,512,512,512,55904.2
110849,512,512,512,53142.3
140232,512,512,512,55352.2
584554,2048,512,512,59812.6
515851,512,2048,512,52131.9
72786,512,512,512,47071.4
111169,512,512,512,46430
75465,512,512,512,48870.3
108697,512,512,512,53556.1
418763,2048,512,512,56603
331624,512,2048,512,51728.2
104724,512,512,512,49122.7
104369,512,512,512,48658.7
100685,512,512,512,48527.5
114837,512,512,512,52334.5
384080,2048,512,512,57059.2
294467,512,2048,512,55239.2
52376,512,512,512,41380.3
108226,512,512,512,52018.8
49216,512,512,512,42438
88225,512,512,512,45104.7
390912,2048,512,512,56773.6
292071,512,2048,512,53456.4
68275,512,512,512,43511.1
97898,512,512,512,49836
65237,512,512,512,44114.6
82951,512,512,512,45943.1
395711,2048,512,512,56688.7
291221,512,2048,512,55128.2
71474,512,512,512,44971.8
99155,512,512,512,51901.4
69597,512,512,512,44540.7
91595,512,512,512,45328.3
386282,2048,512,512,56651.6
286061,512,2048,512,52456.8
74946,512,512,512,45436.6
93347,512,512,512,49827.9
73526,512,512,512,44778.5
87577,512,512,512,48706.7
372892,2048,512,512,56344.6
268393,512,2048,512,44082.8
83966,512,512,512,49011.7
91238,512,512,512,45901.4
82765,512,512,512,49983.1
85516,512,512,512,46987.6
6970877,33288,512,512,59331.7
48820,512,512,512,29286.3
61079,512,512,512,33969.6
59699,512,512,512,32423.8
49720,512,512,512,32684.9
457008,2048,512,512,59090.5
380232,512,2048,512,51922.3
100329,512,512,512,47643.9
112503,512,512,512,49385.1
94479,512,512,512,48249
114846,512,512,512,51643.4
82527,512,512,512,41107.9
86541,512,512,512,48521.9
84021,512,512,512,40877.8
74658,512,512,512,40403.7
371268,2048,512,512,56271.9
296938,512,2048,512,47816.4
59207,512,512,512,38744.9
110975,512,512,512,51008.1
55989,512,512,512,42497
99131,512,512,512,51450.9
59373,512,512,512,44200.6
88269,512,512,512,52080
64712,512,512,512,45063
69763,512,512,512,49184
383955,2048,512,512,57816.6
302682,512,2048,512,52965.5
75307,512,512,512,49304.3
120987,512,512,512,54829.8
74395,512,512,512,48951.3
110489,512,512,512,53776.7
69106,512,512,512,47211
107546,512,512,512,53670.8
74384,512,512,512,48734.3
86780,512,512,512,52193.9
406737,2048,512,512,58156.8
316678,512,2048,512,51999.8
75207,512,512,512,48734
115311,512,512,512,54442.9
77122,512,512,512,48359.2
106452,512,512,512,53348.4
75019,512,512,512,47868.6
125521,512,512,512,54829.3
83525,512,512,512,49229.9
105434,512,512,512,51719.5
445126,2048,512,512,58343.2
360576,512,2048,512,50777.3
66207,512,512,512,47241.3
107436,512,512,512,49772.4
69103,512,512,512,47102.1
100659,512,512,512,51120.8
80509,512,512,512,49897.8
140067,512,512,512,55141.5
94610,512,512,512,51057
117697,512,512,512,53841.6
469702,2048,512,512,59173.6
393501,512,2048,512,47519.1
53044,512,512,512,43054.1
91720,512,512,512,43642.7
54347,512,512,512,44359.6
87767,512,512,512,51724.2
319674,2048,512,512,54125.6
246891,512,2048,512,49130.6
64552,512,512,512,44049.9
73664,512,512,512,39879.4
61364,512,512,512,44897.8
83434,512,512,512,49228.7
237924,2048,512,512,52844.5
152630,512,2048,512,45322.1
32419,512,512,512,34492.2
75766,512,512,512,47487.1
30510,512,512,512,34358.6
57281,512,512,512,37983.3
239685,2048,512,512,53198.7
155797,512,2048,512,42604.9
43886,512,512,512,38652.4
73089,512,512,512,48476.7
39292,512,512,512,37261.5
62094,512,512,512,41672.7
241817,2048,512,512,50664.1
154531,512,2048,512,42383.8
49628,512,512,512,41420.7
57036,512,512,512,46027.9
48540,512,512,512,42550.1
49310,512,512,512,40472.5
219154,2048,512,512,50009.7
147362,512,2048,512,39167
33528,512,512,512,35700
53373,512,512,512,44426.9
34631,512,512,512,36763.6
44365,512,512,512,37927.7
195846,2048,512,512,47873.4
120625,512,2048,512,29899.7
54241,512,512,512,43844.9
71756,512,512,512,44021.3
51254,512,512,512,43839
64594,512,512,512,42481.9
5924545,33288,512,512,58255.2
45935,512,512,512,32887.6
46296,512,512,512,30266.9
52919,512,512,512,33659.9
38370,512,512,512,33971
331367,2048,512,512,57040.5
265406,512,2048,512,45976.8
65174,512,512,512,39697.9
85635,512,512,512,43322
59884,512,512,512,40445.4
89665,512,512,512,45470.8
45262,512,512,512,36523.5
57303,512,512,512,43301.8
48014,512,512,512,36117.2
44781,512,512,512,38053
250381,2048,512,512,53932.6
189258,512,2048,512,42907.5
40322,512,512,512,34315.2
85967,512,512,512,48340.4
36932,512,512,512,37752.3
74639,512,512,512,47513.6
44052,512,512,512,39579.9
61540,512,512,512,47080.3
47508,512,512,512,41885.7
46746,512,512,512,45062.7
265383,2048,512,512,54198.7
195030,512,2048,512,48374.8
42118,512,512,512,41730.8
91334,512,512,512,52532.4
42774,512,512,512,40635.1
79227,512,512,512,50017.5
38467,512,512,512,40012.4
71031,512,512,512,49465
44005,512,512,512,42066
53746,512,512,512,45997.4
283233,2048,512,512,55484.4
202509,512,2048,512,50047.5
46461,512,512,512,42734.3
78908,512,512,512,49379.3
48194,512,512,512,42865.2
72580,512,512,512,48520.9
43854,512,512,512,40334.6
96524,512,512,512,52496.6
51673,512,512,512,43621.7
76538,512,512,512,51294.2
320489,2048,512,512,56507.9
247453,512,2048,512,46382.4
40847,512,512,512,42750.7
81975,512,512,512,47905.5
42541,512,512,512,42389.9
75412,512,512,512,51072.7
49860,512,512,512,43870.6
110313,512,512,512,53112.9
61547,512,512,512,47919.8
88378,512,512,512,44641.3
345592,2048,512,512,56663.5
274829,512,2048,512,42690.9
25374,512,512,512,33017.3
60536,512,512,512,37146.9
25890,512,512,512,35552.3
57422,512,512,512,44669.1
209395,2048,512,512,51285.1
151186,512,2048,512,41581.6
32695,512,512,512,35005.9
42140,512,512,512,40094.2
30524,512,512,512,34664
49135,512,512,512,41041
126254,2048,512,512,43790.2
76575,512,2048,512,35761.7
17164,512,512,512,30516.4
52044,512,512,512,45972
14299,512,512,512,27634.6
37690,512,512,512,35525.2
146819,2048,512,512,47942.4
84761,512,2048,512,39697.8
23183,512,512,512,33208.9
49133,512,512,512,45842.5
21266,512,512,512,32555.5
36818,512,512,512,35890.9
144374,2048,512,512,45278.5
87498,512,2048,512,39667.1
20567,512,512,512,30452
39685,512,512,512,42456.7
19186,512,512,512,29227.1
32050,512,512,512,32615.4
133310,2048,512,512,45104
81004,512,2048,512,36016.6
25603,512,512,512,33622.9
40168,512,512,512,42491.8
23381,512,512,512,32980.4
32959,512,512,512,35727.5
117647,2048,512,512,42279.3
69633,512,2048,512,25012.9
23953,512,512,512,32751.9
31670,512,512,512,33103.7
22904,512,512,512,34087.2
28133,512,512,512,36445.3
4045117,33288,512,512,55838.4
34335,512,512,512,32577.3
29747,512,512,512,34516.6
42332,512,512,512,30848.3
23730,512,512,512,29811.7
165318,2048,512,512,48942
114116,512,2048,512,51072.9
34464,512,512,512,33053.4
60724,512,512,512,46809.2
30956,512,512,512,34607.7
62144,512,512,512,44218.9
27947,512,512,512,28906.8
32084,512,512,512,41815
31500,512,512,512,29757.8
26063,512,512,512,32149
144805,2048,512,512,48121.9
93516,512,2048,512,50597.3
19984,512,512,512,28728.9
51570,512,512,512,46512.2
18956,512,512,512,29883.7
45617,512,512,512,44065.7
17384,512,512,512,33158.6
30722,512,512,512,42945
20613,512,512,512,33350.8
23618,512,512,512,37668.1
150601,2048,512,512,49887.7
91018,512,2048,512,50723.8
22986,512,512,512,32618.7
50560,512,512,512,46201.5
23332,512,512,512,31534.3
48332,512,512,512,45979.2
18710,512,512,512,29964.1
48771,512,512,512,46790.2
22976,512,512,512,32496.4
37207,512,512,512,44258.5
158689,2048,512,512,50114.1
91220,512,2048,512,48972
25803,512,512,512,31622.6
51980,512,512,512,48558.6
27000,512,512,512,31755.6
50793,512,512,512,42336.1
22110,512,512,512,31906.2
70194,512,512,512,50961.5
27829,512,512,512,38895.6
55987,512,512,512,48777.5
166966,2048,512,512,49316.6
100492,512,2048,512,49097.7
16560,512,512,512,26465
39864,512,512,512,45850.5
17972,512,512,512,26994.2
38720,512,512,512,42337.7
24537,512,512,512,35451
65081,512,512,512,50175.4
35051,512,512,512,40480.7
54980,512,512,512,49090.6
189128,2048,512,512,52606.2
109440,512,2048,512,36144.1
6244,512,512,512,18015.9
26927,512,512,512,35183.4
7420,512,512,512,20842.4
26093,512,512,512,37283.5
53227,2048,512,512,36917.1
34630,512,2048,512,33717.9
13396,512,512,512,28646.8
27558,512,512,512,34145.3
12282,512,512,512,26014.6
32402,512,512,512,38163.8
59715,2048,512,512,32886
31978,512,2048,512,38056.2
8006,512,512,512,22115.3
25723,512,512,512,31804.3
7531,512,512,512,21424.5
18901,512,512,512,31333.4
73174,2048,512,512,36650.5
37471,512,2048,512,40943.6
7276,512,512,512,19136.1
25171,512,512,512,35667.5
6459,512,512,512,18250.6
19734,512,512,512,30278.1
77994,2048,512,512,39629.8
38793,512,2048,512,39129.3
11015,512,512,512,25375.4
24419,512,512,512,35975.9
10472,512,512,512,24929.3
20582,512,512,512,32686.1
70998,2048,512,512,36988.1
35760,512,2048,512,39837.1
8285,512,512,512,23774.2
20839,512,512,512,32144.5
7826,512,512,512,21407.3
17985,512,512,512,29685.1
61917,2048,512,512,35672.8
28848,512,2048,512,22439.4
11904,512,512,512,25345
21574,512,512,512,29518.7
11724,512,512,512,25581.5
20289,512,512,512,32148.4
1938914,33288,512,512,51007.3
13591,512,512,512,16390.5
11834,512,512,512,17853.4
18364,512,512,512,18853.8
8842,512,512,512,15813.8
107573,2048,512,512,45703.6
80849,512,2048,512,36624.4
16771,512,512,512,27726
28842,512,512,512,29939.9
13807,512,512,512,26291.7
31600,512,512,512,34061.5
13156,512,512,512,21568.6
15612,512,512,512,32532.9
15414,512,512,512,22955.1
10938,512,512,512,22356.3
48981,2048,512,512,32877.7
34082,512,2048,512,28260.2
7091,512,512,512,15652.5
27698,512,512,512,37180
6302,512,512,512,18767.6
21599,512,512,512,34026.7
6119,512,512,512,20830.6
11183,512,512,512,30383.1
7324,512,512,512,21424.9
7750,512,512,512,21056
55048,2048,512,512,36318
35955,512,2048,512,31228.1
8454,512,512,512,20663.3
27387,512,512,512,39479.5
8560,512,512,512,23340.3
22070,512,512,512,36041.3
7508,512,512,512,23032.3
18737,512,512,512,36619.3
9838,512,512,512,25765
12906,512,512,512,31132.5
63204,2048,512,512,39274.8
40951,512,2048,512,32038.7
10143,512,512,512,23104.1
31538,512,512,512,41617.1
10640,512,512,512,24630.6
26736,512,512,512,39856.8
10085,512,512,512,25953.9
31635,512,512,512,42764.7
12905,512,512,512,30593.2
23675,512,512,512,38548.6
75648,2048,512,512,40383.5
51508,512,2048,512,25766.6
8793,512,512,512,20190.7
23635,512,512,512,25589.2
8673,512,512,512,21244.2
20949,512,512,512,31563
11498,512,512,512,26190.5
50919,512,512,512,45516.2
15955,512,512,512,30992.9
35619,512,512,512,41710.6
90763,2048,512,512,43125.2
66881,512,2048,512,21471.4
2012,512,512,512,9140.59
9731,512,512,512,13334.1
2143,512,512,512,8911.4
8160,512,512,512,22601.7
53936,2048,512,512,30613.9
37885,512,2048,512,29714.9
4860,512,512,512,15549.6
8693,512,512,512,24334.7
4594,512,512,512,14494.7
10765,512,512,512,22188.7
19771,2048,512,512,22620.7
11460,512,2048,512,21213
3116,512,512,512,12194.9
17085,512,512,512,34176.7
2706,512,512,512,12658.5
11679,512,512,512,23940.1
21492,2048,512,512,23630
12675,512,2048,512,23706.3
3128,512,512,512,10438.6
8602,512,512,512,25203
2649,512,512,512,11246.2
5842,512,512,512,18575.4
21069,2048,512,512,20992.1
12926,512,2048,512,17321.5
3130,512,512,512,12001.9
8456,512,512,512,22250.9
2888,512,512,512,11225.3
5920,512,512,512,16052.1
16569,2048,512,512,17598.4
10555,512,2048,512,16798.8
3975,512,512,512,14242.1
9829,512,512,512,25880.4
3688,512,512,512,13841
6880,512,512,512,18120.2
14652,2048,512,512,18363.2
9374,512,2048,512,9642.37
2878,512,512,512,11869
5607,512,512,512,13025.3
2627,512,512,512,11398.5
4187,512,512,512,14201.7
1251031,33288,512,512,48695.5
7994,512,512,512,13443.7
6230,512,512,512,20033
10825,512,512,512,14736.5
4266,512,512,512,11955.1
37336,2048,512,512,32499.2
28863,512,2048,512,30937.1
5646,512,512,512,17891.1
17872,512,512,512,35646.5
4679,512,512,512,17528.1
21603,512,512,512,31487.4
5126,512,512,512,14215.4
5757,512,512,512,20515.6
6474,512,512,512,14687.9
3865,512,512,512,13175
18332,2048,512,512,23922.5
14699,512,2048,512,30361.6
3668,512,512,512,12536.8
11791,512,512,512,29633
3797,512,512,512,12460
10070,512,512,512,25089.2
3401,512,512,512,13159.4
5162,512,512,512,19961.8
4111,512,512,512,15565.4
3691,512,512,512,15218.8
13036,2048,512,512,20429.8
9863,512,2048,512,26229.6
4359,512,512,512,16332.3
13924,512,512,512,33329.1
4174,512,512,512,16029.2
11995,512,512,512,29034.1
3302,512,512,512,14898.6
7543,512,512,512,24532.4
4222,512,512,512,16583.5
6012,512,512,512,20544.9
12635,2048,512,512,19180.6
9668,512,2048,512,24372.3
4405,512,512,512,15187.6
10699,512,512,512,28298.5
4559,512,512,512,15990.5
9516,512,512,512,26777.6
4352,512,512,512,17110.6
15753,512,512,512,34806.5
5559,512,512,512,19076.5
12052,512,512,512,30753.2
14538,2048,512,512,22420
11200,512,2048,512,16874.6
2258,512,512,512,10692.2
8183,512,512,512,24879.4
2408,512,512,512,10716.2
6857,512,512,512,19888.3
4500,512,512,512,16984.9
23566,512,512,512,37785.3
5989,512,512,512,20820.7
17053,512,512,512,34449.1
17556,2048,512,512,23570.7
14256,512,2048,512,9360.49
742,512,512,512,3979.09
2728,512,512,512,11399.6
806,512,512,512,4539.85
2370,512,512,512,10082.6
21989,2048,512,512,24818.7
16969,512,2048,512,25975.4
1040,512,512,512,4413.43
6990,512,512,512,21353.7
971,512,512,512,5982.57
10210,512,512,512,24991.1
4276,2048,512,512,7725.85
3145,512,2048,512,9433.16
1083,512,512,512,5700.29
7508,512,512,512,24142.5
989,512,512,512,5877.75
5246,512,512,512,15940.4
3167,2048,512,512,6902.95
2309,512,2048,512,8035.4
1566,512,512,512,8516.11
4323,512,512,512,17019.4
1368,512,512,512,7795.39
3317,512,512,512,12946.9
2099,2048,512,512,5400.44
1606,512,2048,512,7929.33
1259,512,512,512,5967.21
3983,512,512,512,15434.6
1243,512,512,512,6253.17
2880,512,512,512,12017.6
1483,2048,512,512,3553.51
1166,512,2048,512,4267.28
827,512,512,512,5123.1
1872,512,512,512,9003.89
712,512,512,512,4632.07
1394,512,512,512,6899.25
1887,2048,512,512,4434.9
1200,512,2048,512,4036.13
419,512,512,512,2701.01
812,512,512,512,4165.77
391,512,512,512,2460.87
645,512,512,512,3976.4
584680,33288,512,512,42050.3
131072,512,512,512,52608.6
131072,512,512,512,49472.1
131072,512,512,512,54249.1
131072,512,512,512,53853
524288,2048,512,512,58457.8
524288,512,2048,512,54038.1
131072,512,512,512,52105.2
131072,512,512,512,47385.7
131072,512,512,512,52102.1
131072,512,512,512,51770.5
131072,512,512,512,52494.4
131072,512,512,512,50296.1
131072,512,512,512,52643.7
131072,512,512,512,54760.4
524288,2048,512,512,59127.4
524288,512,2048,512,53407.5
131072,512,512,512,51070.3
131072,512,512,512,50978.1
131072,512,512,512,51528.1
131072,512,512,512,51646
131071,512,512,512,53812.6
131072,512,512,512,51467.8
131072,512,512,512,53718.2
131072,512,512,512,52678.8
524288,2048,512,512,59420.2
524288,512,2048,512,53843.5
131072,512,512,512,53453
131072,512,512,512,51069.3
131072,512,512,512,53746.2
131072,512,512,512,53371.1
131072,512,512,512,54846.5
131072,512,512,512,51728.6
131072,512,512,512,54856.6
131072,512,512,512,55430.9
524288,2048,512,512,59530
524287,512,2048,512,54130
131072,512,512,512,54680.1
131072,512,512,512,49755.4
131072,512,512,512,54580
131072,512,512,512,51711.7
131072,512,512,512,54931.8
131072,512,512,512,50855.5
131072,512,512,512,55151.9
131072,512,512,512,55551.4
524288,2048,512,512,59858.2
524288,512,2048,512,52133.5
131072,512,512,512,54653.4
131072,512,512,512,49308.5
131072,512,512,512,54771.6
131072,512,512,512,52252.2
131072,512,512,512,54916.1
131072,512,512,512,49897.8
131072,512,512,512,54844.3
131072,512,512,512,54310.6
524288,2048,512,512,59640.7
524288,512,2048,512,52081.7
131072,512,512,512,55271.2
131072,512,512,512,47227.3
131072,512,512,512,55142.9
131072,512,512,512,53117.7
524288,2048,512,512,55672.4
524288,512,2048,512,52104.9
131072,512,512,512,45851.9
131072,512,512,512,46113.4
131072,512,512,512,45849.6
131072,512,512,512,47514.1
524288,2048,512,512,57480.5
524288,512,2048,512,54690.7
131072,512,512,512,51588.5
131072,512,512,512,49303.1
131072,512,512,512,53408.3
131072,512,512,512,52903.1
524288,2048,512,512,57674.7
524288,512,2048,512,55979.2
131072,512,512,512,53465.7
131072,512,512,512,51551.8
131072,512,512,512,52745.1
131072,512,512,512,53032.7
524288,2048,512,512,58436.8
524288,512,2048,512,55686.8
131072,512,512,512,51486.6
131072,512,512,512,50681.7
131072,512,512,512,51747.6
131072,512,512,512,52738.8
524288,2048,512,512,57763.8
524288,512,2048,512,56034.1
131072,512,512,512,52709.9
131072,512,512,512,50840
131072,512,512,512,53019
131072,512,512,512,54066.6
524288,2048,512,512,58173.7
524288,512,2048,512,53098.8
131072,512,512,512,53961.2
131072,512,512,512,48378.9
131072,512,512,512,53365.8
131072,512,512,512,52930.2
8521728,33288,512,512,61403.2
104857,512,512,512,47330.3
104857,512,512,512,44620.9
104857,512,512,512,49069.4
104857,512,512,512,48366.5
419430,2048,512,512,56687.6
419430,512,2048,512,49839.4
104857,512,512,512,49630.7
104857,512,512,512,44781.9
104857,512,512,512,49812.6
104857,512,512,512,50632.4
104857,512,512,512,51421.7
104857,512,512,512,46370.6
104857,512,512,512,52027.1
104857,512,512,512,49751.4
419430,2048,512,512,57613
419430,512,2048,512,50144.3
104857,512,512,512,49301.4
104857,512,512,512,47472.6
104857,512,512,512,50450.4
104857,512,512,512,49460.4
104857,512,512,512,52034.7
104856,512,512,512,47369.5
104857,512,512,512,51896.4
104857,512,512,512,49738.8
419430,2048,512,512,57831.4
419430,512,2048,512,51042.7
104857,512,512,512,50896.4
104857,512,512,512,47421.2
104857,512,512,512,50800.1
104857,512,512,512,47767.2
104857,512,512,512,52595.4
104857,512,512,512,47838.5
104857,512,512,512,52946.9
104857,512,512,512,51041.6
419429,2048,512,512,58101.1
419429,512,2048,512,50830.2
104857,512,512,512,50452.8
104857,512,512,512,46563.7
104857,512,512,512,50305
104857,512,512,512,49004.4
104857,512,512,512,53713.6
104857,512,512,512,47202.4
104857,512,512,512,53390.5
104857,512,512,512,52346.7
419430,2048,512,512,58661.9
419430,512,2048,512,49778.5
104857,512,512,512,52722
104857,512,512,512,46163.3
104857,512,512,512,52678
104857,512,512,512,51196.1
104857,512,512,512,53526.2
104857,512,512,512,45627.8
104857,512,512,512,53076.4
104857,512,512,512,53050.2
419430,2048,512,512,58452.4
419430,512,2048,512,48663.7
104857,512,512,512,54436.7
104857,512,512,512,43352.6
104857,512,512,512,53956.6
104857,512,512,512,54360.9
419430,2048,512,512,55344.6
419430,512,2048,512,50155.2
104857,512,512,512,44761.4
104857,512,512,512,43759
104857,512,512,512,45648.2
104857,512,512,512,47646.4
419430,2048,512,512,56115.1
419430,512,2048,512,52806.8
104857,512,512,512,49255.1
104857,512,512,512,47581
104857,512,512,512,49821.9
104857,512,512,512,50151.1
419430,2048,512,512,55844.4
419430,512,2048,512,54203.7
104857,512,512,512,50860.2
104857,512,512,512,47556.7
104857,512,512,512,50011
104857,512,512,512,51346.7
419430,2048,512,512,56241.5
419430,512,2048,512,54523.6
104857,512,512,512,50140.6
104857,512,512,512,48483.3
104857,512,512,512,49775.7
104857,512,512,512,52794.5
419429,2048,512,512,56521.8
419430,512,2048,512,53725.7
104857,512,512,512,50764
104857,512,512,512,48363.2
104857,512,512,512,50819.3
104857,512,512,512,50615.7
419430,2048,512,512,56508.2
419430,512,2048,512,50559.6
104857,512,512,512,50037.8
104857,512,512,512,44744.6
104857,512,512,512,49234.7
104857,512,512,512,51710.2
6817381,33288,512,512,60407.8
78643,512,512,512,47809.6
78642,512,512,512,42128.9
78643,512,512,512,49190.9
78643,512,512,512,46116.2
314572,2048,512,512,56293.3
314572,512,2048,512,48022.7
78643,512,512,512,49184.9
78643,512,512,512,42849
78643,512,512,512,49138.4
78643,512,512,512,50375.6
78643,512,512,512,50314.2
78643,512,512,512,42473.9
78643,512,512,512,49659.6
78643,512,512,512,51570.8
314572,2048,512,512,57289.5
314571,512,2048,512,47120.5
78643,512,512,512,49622.8
78643,512,512,512,44126.3
78643,512,512,512,46558.8
78643,512,512,512,45561.8
78643,512,512,512,49603
78643,512,512,512,41848.1
78643,512,512,512,50339.4
78643,512,512,512,45980.6
314572,2048,512,512,55757.4
314572,512,2048,512,45705.3
78643,512,512,512,47074.5
78643,512,512,512,43410.3
78643,512,512,512,47162.8
78643,512,512,512,45292.7
78643,512,512,512,48554.7
78643,512,512,512,43164.8
78643,512,512,512,48273.9
78643,512,512,512,50772.6
314572,2048,512,512,56163.8
314572,512,2048,512,45016.7
78643,512,512,512,50743.8
78643,512,512,512,41626.4
78643,512,512,512,50337.8
78643,512,512,512,46978.4
78643,512,512,512,50910.6
78643,512,512,512,41441.1
78643,512,512,512,50873.6
78643,512,512,512,48083.6
314572,2048,512,512,55908.4
314572,512,2048,512,44094.6
78643,512,512,512,49459.8
78643,512,512,512,39420.6
78643,512,512,512,48984.4
78643,512,512,512,43426.7
78643,512,512,512,52066
78643,512,512,512,39343.6
78643,512,512,512,52211.1
78643,512,512,512,49005.3
314572,2048,512,512,56350
314572,512,2048,512,41448
78643,512,512,512,50756.6
78643,512,512,512,37854.8
78643,512,512,512,50470.3
78643,512,512,512,51432.5
314572,2048,512,512,52692.4
314572,512,2048,512,48361.9
78643,512,512,512,42183.5
78643,512,512,512,42141.6
78643,512,512,512,41106.9
78643,512,512,512,45720.9
314572,2048,512,512,52648.9
314572,512,2048,512,50117
78643,512,512,512,45916.4
78643,512,512,512,43773.7
78643,512,512,512,47084.2
78643,512,512,512,47593.4
314572,2048,512,512,52733.8
314572,512,2048,512,51321.5
78643,512,512,512,46960.6
78643,512,512,512,43568.8
78643,512,512,512,47041.6
78643,512,512,512,46483.6
314572,2048,512,512,54175.4
314571,512,2048,512,51063
78643,512,512,512,46214.1
78643,512,512,512,43399.8
78643,512,512,512,45429.4
78643,512,512,512,48057.8
314572,2048,512,512,53907.1
314572,512,2048,512,50284.4
78643,512,512,512,44626.3
78643,512,512,512,42648.2
78643,512,512,512,44632.5
78643,512,512,512,46596.5
314572,2048,512,512,54807.8
314572,512,2048,512,45900
78643,512,512,512,48957.6
78643,512,512,512,41695.4
78643,512,512,512,48661.8
78643,512,512,512,48769.4
5113037,33288,512,512,58863.5
52428,512,512,512,45442.9
52428,512,512,512,30223.7
52428,512,512,512,45731.3
52428,512,512,512,47031.3
209715,2048,512,512,54676.7
209715,512,2048,512,41128.1
52428,512,512,512,42294.3
52428,512,512,512,30699.8
52428,512,512,512,42795
52428,512,512,512,43750.5
52428,512,512,512,45356.5
52428,512,512,512,37565.2
52428,512,512,512,45760.5
52428,512,512,512,45754.7
209715,2048,512,512,54425.2
209715,512,2048,512,43401
52428,512,512,512,42473.3
52428,512,512,512,37603.3
52428,512,512,512,41368.7
52428,512,512,512,41829.7
52428,512,512,512,47463.8
52428,512,512,512,39523.2
52428,512,512,512,48028.5
52428,512,512,512,43908
209715,2048,512,512,53288
209715,512,2048,512,42688.4
52428,512,512,512,45921
52428,512,512,512,44640
52428,512,512,512,45610.9
52428,512,512,512,44422
52428,512,512,512,48316
52428,512,512,512,41585
52428,512,512,512,48418.4
52428,512,512,512,47568.9
209715,2048,512,512,53259
209715,512,2048,512,43868.7
52428,512,512,512,46377.2
52428,512,512,512,40788.8
52428,512,512,512,45944.6
52428,512,512,512,46773.2
52428,512,512,512,47838.1
52428,512,512,512,40813.7
52428,512,512,512,48748.1
52428,512,512,512,48333.4
209715,2048,512,512,53685.7
209715,512,2048,512,42418.5
52428,512,512,512,46377.2
52428,512,512,512,36393.8
52428,512,512,512,45793.7
52428,512,512,512,43164.8
52428,512,512,512,48398.7
52428,512,512,512,40791.9
52428,512,512,512,48664.1
52428,512,512,512,48972.7
209715,2048,512,512,54479
209715,512,2048,512,36223.3
52428,512,512,512,48648.7
52428,512,512,512,32073.5
52428,512,512,512,48292
52428,512,512,512,45360.4
209715,2048,512,512,54488
209715,512,2048,512,43936.4
52428,512,512,512,42034.3
52428,512,512,512,37666.6
52428,512,512,512,42682.7
52428,512,512,512,34285.7
209715,2048,512,512,53567.8
209715,512,2048,512,44664.8
52428,512,512,512,45354.6
52428,512,512,512,39588.7
52428,512,512,512,45543.2
52428,512,512,512,46685.7
209715,2048,512,512,52336.8
209715,512,2048,512,44632.7
52428,512,512,512,47497.4
52428,512,512,512,38761.2
52428,512,512,512,46746.7
52428,512,512,512,45649.6
209715,2048,512,512,46926.2
209715,512,2048,512,44386.9
52428,512,512,512,45768.4
52428,512,512,512,38674.7
52428,512,512,512,44129.9
52428,512,512,512,45116.4
209715,2048,512,512,49118.4
209715,512,2048,512,43183.7
52428,512,512,512,45956.4
52428,512,512,512,37713
52428,512,512,512,45570.2
52428,512,512,512,45797.6
209715,2048,512,512,52708.6
209715,512,2048,512,39619.6
52428,512,512,512,45255.2
52428,512,512,512,34340.5
52428,512,512,512,44086.4
52428,512,512,512,47144.9
3408691,33288,512,512,57005.4
26214,512,512,512,37277
26214,512,512,512,20050.9
26214,512,512,512,37650.8
26214,512,512,512,37743.4
104857,2048,512,512,41136.1
104857,512,2048,512,35443.3
26214,512,512,512,38979.4
26214,512,512,512,21085.7
26214,512,512,512,37019.9
26214,512,512,512,39336.4
26214,512,512,512,38858
26214,512,512,512,30052.8
26214,512,512,512,39600.4
26214,512,512,512,37508.7
104857,2048,512,512,47112.3
104857,512,2048,512,39480.7
26214,512,512,512,35245.7
26214,512,512,512,31889.7
26214,512,512,512,34768.6
26214,512,512,512,36979.1
26214,512,512,512,38855.2
26214,512,512,512,31684.5
26214,512,512,512,39101.4
26214,512,512,512,37150.6
104857,2048,512,512,46616.3
104857,512,2048,512,37039.4
26214,512,512,512,37981.1
26214,512,512,512,33925
26214,512,512,512,37406.8
26214,512,512,512,34214.7
26214,512,512,512,38595.4
26214,512,512,512,30776.4
26214,512,512,512,38257.2
26214,512,512,512,41427.8
104857,2048,512,512,46500.2
104857,512,2048,512,35361.5
26214,512,512,512,40311.1
26214,512,512,512,32072.6
26214,512,512,512,40576.1
26214,512,512,512,34383.4
26214,512,512,512,40841.6
26214,512,512,512,33372.5
26214,512,512,512,41132.6
26214,512,512,512,40139.3
104857,2048,512,512,46980.3
104857,512,2048,512,39259.1
26214,512,512,512,40368.7
26214,512,512,512,27192.6
26214,512,512,512,39921.4
26214,512,512,512,36223.1
26214,512,512,512,41379.9
26214,512,512,512,31759.5
26214,512,512,512,40972.5
26214,512,512,512,40139.3
104857,2048,512,512,48389.4
104857,512,2048,512,26416.8
26214,512,512,512,41733.7
26214,512,512,512,24679.9
26214,512,512,512,41775.9
26214,512,512,512,38793.5
104857,2048,512,512,48303.4
104857,512,2048,512,34149.2
26214,512,512,512,33416.1
26214,512,512,512,28761.5
26214,512,512,512,36543.6
26214,512,512,512,27789.4
104857,2048,512,512,46510.2
104857,512,2048,512,33926.9
26214,512,512,512,40350.4
26214,512,512,512,28512.5
26214,512,512,512,39983.8
26214,512,512,512,40241.6
104857,2048,512,512,42940.8
104857,512,2048,512,36240
26214,512,512,512,39832.5
26214,512,512,512,28941.4
26214,512,512,512,38748.7
26214,512,512,512,39483.9
104857,2048,512,512,36982.7
104857,512,2048,512,33974.7
26214,512,512,512,38227.2
26214,512,512,512,27014.7
26214,512,512,512,37690.4
26214,512,512,512,38213.6
104857,2048,512,512,38641
104857,512,2048,512,33395.6
26214,512,512,512,38743.1
26214,512,512,512,26652.6
26214,512,512,512,38361
26214,512,512,512,39379.6
104857,2048,512,512,45470.3
104857,512,2048,512,30921.6
26214,512,512,512,39835.5
26214,512,512,512,24242
26214,512,512,512,39527.5
26214,512,512,512,40944.4
1704346,33288,512,512,53435.5
13107,512,512,512,30818.8
13107,512,512,512,12584.1
13107,512,512,512,31036.1
13107,512,512,512,29183.7
52428,2048,512,512,30479.3
52428,512,2048,512,28495.1
13107,512,512,512,29812.5
13107,512,512,512,12975.2
13107,512,512,512,29948.8
13107,512,512,512,27413.3
13107,512,512,512,30786.9
13107,512,512,512,18082.3
13107,512,512,512,30618.4
13107,512,512,512,28489.8
52428,2048,512,512,38677.5
52428,512,2048,512,27242.2
13107,512,512,512,31097.2
13107,512,512,512,20077.1
13107,512,512,512,30475.9
13107,512,512,512,28820.2
13107,512,512,512,32924.2
13107,512,512,512,20251.3
13107,512,512,512,32636
13107,512,512,512,30911
52428,2048,512,512,39398.4
52428,512,2048,512,28359.7
13107,512,512,512,27393.8
13107,512,512,512,24048.7
13107,512,512,512,28058
13107,512,512,512,27449.8
13107,512,512,512,31176.7
13107,512,512,512,22677.3
13107,512,512,512,31748.2
13107,512,512,512,32791.5
52428,2048,512,512,36927
52427,512,2048,512,25866.8
13107,512,512,512,33119.2
13107,512,512,512,20069.6
13107,512,512,512,31591.3
13107,512,512,512,32267.3
13107,512,512,512,32904.1
13107,512,512,512,21078.2
13107,512,512,512,33833
13107,512,512,512,33676
52428,2048,512,512,37754.1
52428,512,2048,512,28304.3
13107,512,512,512,32984.9
13107,512,512,512,16370.8
13107,512,512,512,32928.3
13107,512,512,512,32513.5
13107,512,512,512,33045.8
13107,512,512,512,23856.3
13107,512,512,512,33850.1
13107,512,512,512,33242.3
52428,2048,512,512,40911.6
52428,512,2048,512,18114.6
13107,512,512,512,33362.1
13107,512,512,512,15142.5
13107,512,512,512,33676
13107,512,512,512,33013.3
52428,2048,512,512,38424.2
52428,512,2048,512,30598.3
13107,512,512,512,25431.7
13107,512,512,512,18268.1
13107,512,512,512,26198.6
13107,512,512,512,16262.7
52428,2048,512,512,32929.3
52427,512,2048,512,28778.7
13107,512,512,512,31289.4
13107,512,512,512,19513.8
13107,512,512,512,31458
13107,512,512,512,31583.9
52427,2048,512,512,27736.4
52428,512,2048,512,27985.7
13107,512,512,512,32450.6
13107,512,512,512,19699.9
13107,512,512,512,31952.3
13107,512,512,512,32743.5
52428,2048,512,512,26631.4
52428,512,2048,512,27354
13107,512,512,512,27854.2
13107,512,512,512,19870.6
13107,512,512,512,27897.7
13107,512,512,512,28972.6
52428,2048,512,512,34606.2
52428,512,2048,512,29027.5
13107,512,512,512,30194.8
13107,512,512,512,18751.8
13107,512,512,512,29624.9
13107,512,512,512,31834.8
52428,2048,512,512,38231.3
52428,512,2048,512,27024.2
13107,512,512,512,28369.4
13107,512,512,512,18732.1
13107,512,512,512,27958.7
13107,512,512,512,32228.5
852171,33288,512,512,49138.9
5242,512,512,512,20375.1
5242,512,512,512,6912.82
5242,512,512,512,20328.8
5242,512,512,512,20669.3
20971,2048,512,512,21044
20971,512,2048,512,21541.1
5242,512,512,512,19198.2
5242,512,512,512,10494.2
5242,512,512,512,20107.9
5242,512,512,512,18226.9
5242,512,512,512,19229.1
5242,512,512,512,12084.2
5242,512,512,512,18994.4
5242,512,512,512,18061.3
20971,2048,512,512,28384.5
20971,512,2048,512,21571.4
5242,512,512,512,18997.7
5242,512,512,512,13882.9
5242,512,512,512,19041.5
5242,512,512,512,19420.4
5242,512,512,512,21258.6
5242,512,512,512,12573.9
5242,512,512,512,20252.1
5242,512,512,512,21212.4
20971,2048,512,512,27357.5
20971,512,2048,512,21670.4
5242,512,512,512,19434.5
5242,512,512,512,16397.8
5242,512,512,512,19687.5
5242,512,512,512,19031.4
5242,512,512,512,21994.7
5242,512,512,512,14987.6
5242,512,512,512,21736.4
5242,512,512,512,20657.3
20971,2048,512,512,26316.5
20971,512,2048,512,20133.4
5242,512,512,512,20939.4
5242,512,512,512,15082.3
5242,512,512,512,21338.9
5242,512,512,512,21275.5
5242,512,512,512,21670.6
5242,512,512,512,15407
5242,512,512,512,22245.4
5242,512,512,512,21385.7
20971,2048,512,512,28061.8
20971,512,2048,512,21954
5242,512,512,512,21225
5242,512,512,512,12039.5
5242,512,512,512,21158.1
5242,512,512,512,21587.8
5242,512,512,512,21377.2
5242,512,512,512,15496
5242,512,512,512,22067
5242,512,512,512,21723.2
20971,2048,512,512,30501.1
20971,512,2048,512,14436
5242,512,512,512,21613.9
5242,512,512,512,6925.76
5242,512,512,512,20980.3
5242,512,512,512,20104.1
20971,2048,512,512,30612
20971,512,2048,512,25469.1
5242,512,512,512,16798
5242,512,512,512,12607.9
5242,512,512,512,19088.9
5242,512,512,512,10861.6
20971,2048,512,512,25064.8
20971,512,2048,512,24774.2
5242,512,512,512,19619.2
5242,512,512,512,9862.76
5242,512,512,512,19825.7
5242,512,512,512,19274
20971,2048,512,512,20932.2
20971,512,2048,512,23644.9
5242,512,512,512,19884.5
5242,512,512,512,11385.7
5242,512,512,512,19655.1
5242,512,512,512,21394.2
20971,2048,512,512,17710.8
20971,512,2048,512,19924.2
5242,512,512,512,20452.7
5242,512,512,512,10978.2
5242,512,512,512,20309.5
5242,512,512,512,19576.2
20970,2048,512,512,17815
20971,512,2048,512,18521.1
5242,512,512,512,19712.8
5242,512,512,512,12923.6
5242,512,512,512,19569.1
5242,512,512,512,21566.1
20971,2048,512,512,25417.9
20971,512,2048,512,17020.8
5242,512,512,512,19126.3
5242,512,512,512,9563.17
5242,512,512,512,18834.4
5242,512,512,512,19491
340867,33288,512,512,37669.9
131072,512,512,512,55067.1
131072,512,512,512,55620.5
131072,512,512,512,55150.8
131072,512,512,512,55347.5
524288,2048,512,512,60332.4
524288,512,2048,512,59548.8
131072,512,512,512,54826.4
131072,512,512,512,55449.3
131072,512,512,512,55161
131072,512,512,512,55113.4
131072,512,512,512,55247.3
131072,512,512,512,55065.9
131072,512,512,512,52918.7
131072,512,512,512,54288.6
524288,2048,512,512,60311.4
524288,512,2048,512,59599
131072,512,512,512,55393.2
131072,512,512,512,54781.6
131072,512,512,512,54987
131072,512,512,512,55002.8
131072,512,512,512,54979.1
131072,512,512,512,54820.8
131072,512,512,512,54987
131072,512,512,512,55422.9
524288,2048,512,512,60286.7
524288,512,2048,512,59173.7
131072,512,512,512,54933
131072,512,512,512,55085.2
131072,512,512,512,54816.3
131072,512,512,512,54614.4
131072,512,512,512,54710.2
131072,512,512,512,55344.1
131072,512,512,512,54544.5
131072,512,512,512,54942
524288,2048,512,512,60229.9
524288,512,2048,512,59689.1
131072,512,512,512,54973.5
131072,512,512,512,54953.2
131072,512,512,512,55037.7
131072,512,512,512,54755.9
131072,512,512,512,55139.5
131072,512,512,512,55546.8
131072,512,512,512,55410.4
131072,512,512,512,54636.7
524288,2048,512,512,60145.2
524288,512,2048,512,59349.6
131072,512,512,512,55339.5
131072,512,512,512,54790.6
131072,512,512,512,54719.1
131072,512,512,512,54722.4
131072,512,512,512,55067.1
131072,512,512,512,55078.4
131072,512,512,512,55197.3
131072,512,512,512,54711.3
524288,2048,512,512,60435.6
524288,512,2048,512,59515.1
131072,512,512,512,55171.2
131072,512,512,512,54660
131072,512,512,512,54646.7
131072,512,512,512,54695.7
524288,2048,512,512,60280.6
524288,512,2048,512,59566
131072,512,512,512,54987
131072,512,512,512,55171.2
131072,512,512,512,55441.3
131072,512,512,512,55154.2
524288,2048,512,512,60255.9
524288,512,2048,512,59450.2
131072,512,512,512,55216.6
131072,512,512,512,55014
131072,512,512,512,54901.5
131072,512,512,512,55157.6
524288,2048,512,512,60239
524288,512,2048,512,59358.5
131072,512,512,512,54723.6
131072,512,512,512,54643.3
131072,512,512,512,54602.2
131072,512,512,512,55158.7
524288,2048,512,512,60224.1
524288,512,2048,512,59346.7
131072,512,512,512,55514.6
131072,512,512,512,54350.2
131072,512,512,512,54795
131072,512,512,512,54723.6
524288,2048,512,512,60200.1
524288,512,2048,512,59093.6
131072,512,512,512,54988.1
131072,512,512,512,55225.7
131072,512,512,512,54652.3
131072,512,512,512,54970.1
524288,2048,512,512,60479.9
524288,512,2048,512,59757.9
131072,512,512,512,55259.8
131072,512,512,512,54974.6
131072,512,512,512,54909.4
131072,512,512,512,54860
8521728,33288,512,512,62857.5
104857,512,512,512,58471.2
104857,512,512,512,59693.4
104857,512,512,512,59524.7
104857,512,512,512,59594
419430,2048,512,512,65661.7
419430,512,2048,512,64973.3
104857,512,512,512,59355.2
104857,512,512,512,59690.1
104857,512,512,512,59590.7
104857,512,512,512,59376.5
104857,512,512,512,59575.9
104857,512,512,512,59661.9
104857,512,512,512,59693.4
104857,512,512,512,58928.5
419430,2048,512,512,59127.5
419431,512,2048,512,58374.6
104857,512,512,512,53629.1
104857,512,512,512,53599.7
104857,512,512,512,53463.6
104857,512,512,512,53562.3
104857,512,512,512,53719
104857,512,512,512,53033.1
104857,512,512,512,53568.9
104857,512,512,512,53064.6
419430,2048,512,512,59176
419430,512,2048,512,58589.5
104857,512,512,512,53617.1
104857,512,512,512,53333.4
104857,512,512,512,53658.6
104857,512,512,512,53951.1
104857,512,512,512,53894.3
104857,512,512,512,53334.8
104857,512,512,512,53934.9
104857,512,512,512,52781.6
419430,2048,512,512,59199.6
419430,512,2048,512,58391.2
104857,512,512,512,53713.6
104857,512,512,512,53421
104857,512,512,512,53685.4
104857,512,512,512,53902.4
104857,512,512,512,52937.7
104857,512,512,512,53349.3
104857,512,512,512,53156.5
104857,512,512,512,53283.2
419430,2048,512,512,59133.6
419430,512,2048,512,58360.6
104857,512,512,512,52939
104857,512,512,512,52872.5
104857,512,512,512,53504.9
104857,512,512,512,53564.9
104857,512,512,512,53486.2
104857,512,512,512,53375.9
104857,512,512,512,53639.8
104857,512,512,512,53182.9
419430,2048,512,512,58998.8
419430,512,2048,512,58145.3
104857,512,512,512,53301.7
104857,512,512,512,53041
104857,512,512,512,53398.4
104857,512,512,512,53779.5
419430,2048,512,512,59155.6
419430,512,2048,512,58443.6
104857,512,512,512,53405.1
104857,512,512,512,53324.2
104857,512,512,512,53682.8
104857,512,512,512,53518.2
419430,2048,512,512,59065.3
419430,512,2048,512,58480.2
104857,512,512,512,53523.5
104857,512,512,512,53759.4
104857,512,512,512,53439.6
104857,512,512,512,53815.9
419430,2048,512,512,59021.9
419430,512,2048,512,58410.2
104857,512,512,512,53704.2
104857,512,512,512,52762.1
104857,512,512,512,53578.3
104857,512,512,512,53090.8
419430,2048,512,512,58839.5
419430,512,2048,512,58364.6
104857,512,512,512,53135.5
104857,512,512,512,53512.9
104857,512,512,512,52816.6
104857,512,512,512,53024
419430,2048,512,512,59187.8
419430,512,2048,512,57930.1
104857,512,512,512,53786.3
104857,512,512,512,53708.3
104857,512,512,512,53791.7
104857,512,512,512,53425
419430,2048,512,512,58876.2
419430,512,2048,512,58114.7
104857,512,512,512,52506.7
104857,512,512,512,52716.8
104857,512,512,512,53837.5
104857,512,512,512,53287.1
6817382,33288,512,512,61943.1
78643,512,512,512,50946.1
78643,512,512,512,51435.8
78643,512,512,512,51172.7
78643,512,512,512,50753.4
314572,2048,512,512,58022.7
314572,512,2048,512,57154.8
78643,512,512,512,51244.3
78643,512,512,512,51192.2
78643,512,512,512,51570.8
78643,512,512,512,50847.9
78643,512,512,512,50949.3
78643,512,512,512,50944.5
78643,512,512,512,50957.3
78643,512,512,512,50868.8
314572,2048,512,512,57708.3
314572,512,2048,512,57434.6
78643,512,512,512,50849.6
78643,512,512,512,51002.5
78643,512,512,512,50641.7
78643,512,512,512,51371.8
78643,512,512,512,51030
78643,512,512,512,50946.1
78643,512,512,512,50724.6
78643,512,512,512,50909
314572,2048,512,512,57789.5
314572,512,2048,512,57251.3
78643,512,512,512,51051
78643,512,512,512,50852.8
78643,512,512,512,51221.5
78643,512,512,512,51208.5
78643,512,512,512,51187.3
78643,512,512,512,50676.8
78643,512,512,512,51213.4
78643,512,512,512,50947.7
314572,2048,512,512,57554.6
314572,512,2048,512,56990.5
78643,512,512,512,51036.5
78643,512,512,512,50586
78643,512,512,512,50582.9
78643,512,512,512,51107.7
78643,512,512,512,50864
78643,512,512,512,51375.1
78643,512,512,512,52064.3
78643,512,512,512,51133.7
314572,2048,512,512,57740.8
314572,512,2048,512,57307.3
78643,512,512,512,47531.6
78643,512,512,512,50381.9
78643,512,512,512,50880.1
78643,512,512,512,51076.9
78643,512,512,512,51523
78643,512,512,512,51557.6
78643,512,512,512,50949.3
78643,512,512,512,51564.2
314572,2048,512,512,57503.8
314572,512,2048,512,56902.4
78643,512,512,512,51065.6
78643,512,512,512,51249.2
78643,512,512,512,51645.2
78643,512,512,512,50833.5
314572,2048,512,512,58010.7
314572,512,2048,512,57144.2
78643,512,512,512,50601.9
78643,512,512,512,51889.8
78643,512,512,512,51215
78643,512,512,512,51798
314572,2048,512,512,58019.6
314572,512,2048,512,57686
78643,512,512,512,51169.4
78643,512,512,512,51078.5
78643,512,512,512,50430.8
78643,512,512,512,50367.7
314572,2048,512,512,57753.3
314572,512,2048,512,56930.1
78643,512,512,512,50779
78643,512,512,512,51376.7
78643,512,512,512,51004.1
78643,512,512,512,52055.9
314572,2048,512,512,57889.2
314572,512,2048,512,57059.7
78643,512,512,512,50999.3
78643,512,512,512,51416.1
78643,512,512,512,51203.6
78643,512,512,512,51430.9
314572,2048,512,512,57801.5
314572,512,2048,512,57071.3
78643,512,512,512,51633.7
78643,512,512,512,49633.6
78643,512,512,512,51278.6
78643,512,512,512,51574.1
314572,2048,512,512,57769.3
314572,512,2048,512,57525.8
78643,512,512,512,51951.8
78643,512,512,512,51688.3
78643,512,512,512,51448.9
78643,512,512,512,49606
5113038,33288,512,512,61647.1
52428,512,512,512,48481.8
52428,512,512,512,48670.8
52428,512,512,512,48337.7
52428,512,512,512,48905.7
209715,2048,512,512,57041.1
209715,512,2048,512,56359.9
52428,512,512,512,48420.5
52428,512,512,512,48501.5
52428,512,512,512,48211.8
52428,512,512,512,48497.1
52428,512,512,512,48930.3
52428,512,512,512,48883.5
52428,512,512,512,48739.2
52428,512,512,512,47676.6
209715,2048,512,512,56807.2
209715,512,2048,512,56457
52428,512,512,512,48320.3
52428,512,512,512,48957
52428,512,512,512,48000.6
52428,512,512,512,48543.1
52428,512,512,512,48734.8
52428,512,512,512,48719.3
52428,512,512,512,47695.7
52428,512,512,512,48554.1
209715,2048,512,512,56857.6
209715,512,2048,512,56490.4
52428,512,512,512,48684
52428,512,512,512,48644.3
52428,512,512,512,48538.7
52428,512,512,512,47962
52428,512,512,512,47979.2
52428,512,512,512,48376.9
52428,512,512,512,47895.7
52428,512,512,512,48464.2
209715,2048,512,512,56801.2
209715,512,2048,512,56860.6
52428,512,512,512,48626.7
52428,512,512,512,48019.9
52428,512,512,512,47974.9
52428,512,512,512,48108.1
52428,512,512,512,48270.3
52428,512,512,512,48058.6
52428,512,512,512,47979.1
52428,512,512,512,48300.7
209715,2048,512,512,56963.9
209715,512,2048,512,56317.8
52428,512,512,512,48582.7
52428,512,512,512,47778.5
52428,512,512,512,48359.5
52428,512,512,512,48438
52428,512,512,512,48108.1
52428,512,512,512,48788
52428,512,512,512,48690.6
52428,512,512,512,48673
209715,2048,512,512,56677.5
209715,512,2048,512,56628.2
52428,512,512,512,48582.7
52428,512,512,512,47936.3
52428,512,512,512,48510.2
52428,512,512,512,48609.1
209716,2048,512,512,56705.4
209715,512,2048,512,56892.2
52428,512,512,512,47897.8
52428,512,512,512,47683
52428,512,512,512,48832.3
52428,512,512,512,48799.1
209715,2048,512,512,56829
209715,512,2048,512,56519.4
52428,512,512,512,49176.8
52428,512,512,512,49152
52428,512,512,512,48587.1
52428,512,512,512,48514.6
209715,2048,512,512,56829.7
209715,512,2048,512,56690.2
52428,512,512,512,48617.9
52428,512,512,512,48157.8
52428,512,512,512,48684
52428,512,512,512,48604.7
209715,2048,512,512,56780.9
209715,512,2048,512,56084.7
52428,512,512,512,48571.7
52428,512,512,512,48022.1
52428,512,512,512,48494.9
52428,512,512,512,48011.3
209715,2048,512,512,56719.4
209715,512,2048,512,56422.8
52428,512,512,512,49154.3
52429,512,512,512,47620.5
52428,512,512,512,47562.6
52428,512,512,512,48867.9
209715,2048,512,512,57097.9
209715,512,2048,512,56615.5
52428,512,512,512,47855.1
52428,512,512,512,48497.1
52428,512,512,512,48739.2
52428,512,512,512,48352.9
3408692,33288,512,512,60123.2
26214,512,512,512,41240
26214,512,512,512,41517.5
26214,512,512,512,41636.6
26214,512,512,512,41766.2
104857,2048,512,512,51166.8
104857,512,2048,512,52714.2
26214,512,512,512,41316.2
26214,512,512,512,41148.4
26214,512,512,512,41821.5
26214,512,512,512,41867.2
26214,512,512,512,41769.4
26214,512,512,512,40978.8
26214,512,512,512,39124.2
26214,512,512,512,40829.2
104857,2048,512,512,50794.1
104857,512,2048,512,53117.1
26214,512,512,512,41386.3
26214,512,512,512,41151.5
26214,512,512,512,41578.6
26214,512,512,512,41498.2
26214,512,512,512,40975.6
26214,512,512,512,41450.2
26214,512,512,512,41332.1
26214,512,512,512,41746.7
104857,2048,512,512,51108.4
104857,512,2048,512,52513.1
26214,512,512,512,41604.4
26214,512,512,512,41281.3
26214,512,512,512,41221
26214,512,512,512,41533.6
26214,512,512,512,41678.7
26214,512,512,512,41922.7
26214,512,512,512,41711
26214,512,512,512,41639.9
104857,2048,512,512,50766.4
104857,512,2048,512,52698.7
26214,512,512,512,41578.6
26214,512,512,512,41536.8
26214,512,512,512,41691.6
26214,512,512,512,41581.8
26214,512,512,512,41431
26214,512,512,512,41834.5
26214,512,512,512,41552.8
26214,512,512,512,42090.4
104857,2048,512,512,51163.2
104857,512,2048,512,52915.5
26214,512,512,512,41230.5
26214,512,512,512,41507.9
26214,512,512,512,41929.3
26214,512,512,512,41313
26214,512,512,512,41354.4
26214,512,512,512,41743.5
26214,512,512,512,41636.6
26214,512,512,512,41402.2
104857,2048,512,512,50832.5
104857,512,2048,512,53092.1
26214,512,512,512,41469.4
26214,512,512,512,41942.4
26214,512,512,512,42097
26214,512,512,512,41805.2
104857,2048,512,512,51031.9
104857,512,2048,512,52618.6
26214,512,512,512,41402.2
26214,512,512,512,41479
26214,512,512,512,41854.1
26214,512,512,512,41527.1
104857,2048,512,512,51126.6
104857,512,2048,512,52702.6
26214,512,512,512,41821.5
26214,512,512,512,42153.2
26214,512,512,512,42316
26214,512,512,512,41831.3
104857,2048,512,512,51030.6
104857,512,2048,512,53100
26214,512,512,512,40662.2
26214,512,512,512,41698.1
26214,512,512,512,41405.4
26214,512,512,512,41581.8
104857,2048,512,512,50887.9
104857,512,2048,512,53272.6
26214,512,512,512,41880.2
26214,512,512,512,41604.4
26214,512,512,512,41994.9
26214,512,512,512,40991.3
104857,2048,512,512,51007.6
104857,512,2048,512,53155.2
26214,512,512,512,41527.1
26214,512,512,512,41565.7
26214,512,512,512,41873.7
26214,512,512,512,41880.2
104857,2048,512,512,50814.5
104857,512,2048,512,52971.7
26214,512,512,512,41328.9
26214,512,512,512,41479
26214,512,512,512,41568.9
26214,512,512,512,41498.2
1704346,33288,512,512,55636.7
13107,512,512,512,33387
13107,512,512,512,33246.4
13107,512,512,512,32932.3
13107,512,512,512,33258.7
52428,2048,512,512,43800.5
52428,512,2048,512,47740.2
13107,512,512,512,33507.8
13107,512,512,512,32984.9
13107,512,512,512,32900
13107,512,512,512,33799
13107,512,512,512,33731
13107,512,512,512,33246.4
13107,512,512,512,33528.8
13107,512,512,512,33671.8
52428,2048,512,512,43827.3
52428,512,2048,512,46897.8
13107,512,512,512,33625.4
13107,512,512,512,33366.2
13107,512,512,512,33366.2
13107,512,512,512,33123.3
13107,512,512,512,33935.7
13107,512,512,512,34043.3
13107,512,512,512,33461.9
13107,512,512,512,33349.7
52428,2048,512,512,43814.8
52428,512,2048,512,47706.3
13107,512,512,512,33528.8
13107,512,512,512,33428.6
13107,512,512,512,32859.8
13107,512,512,512,34086.5
13107,512,512,512,33143.8
13107,512,512,512,33811.7
13107,512,512,512,33491.1
13107,512,512,512,33854.4
52428,2048,512,512,43693.6
52428,512,2048,512,48007
13107,512,512,512,32936.4
13107,512,512,512,34225.6
13107,512,512,512,34739.4
13107,512,512,512,33739.5
13107,512,512,512,33850.1
13107,512,512,512,34203.8
13107,512,512,512,34431.9
13107,512,512,512,33066.2
52428,2048,512,512,43863.1
52428,512,2048,512,48177.2
13107,512,512,512,33918.5
13107,512,512,512,33428.6
13107,512,512,512,33667.5
13107,512,512,512,33642.2
13107,512,512,512,33705.6
13107,512,512,512,32097.5
13107,512,512,512,33574.9
13107,512,512,512,32980.9
52428,2048,512,512,43924.1
52428,512,2048,512,48127.5
13107,512,512,512,33905.7
13107,512,512,512,34008.8
13107,512,512,512,33816
13107,512,512,512,34047.6
52428,2048,512,512,43723.8
52428,512,2048,512,47510
13107,512,512,512,33667.5
13107,512,512,512,33616.9
13107,512,512,512,34077.9
13107,512,512,512,32596.4
52428,2048,512,512,43707.8
52428,512,2048,512,48211.8
13107,512,512,512,33416.1
13107,512,512,512,33562.3
13107,512,512,512,33131.5
13107,512,512,512,33748
52428,2048,512,512,44113.6
52428,512,2048,512,48505.8
13107,512,512,512,33152
13107,512,512,512,33453.6
13107,512,512,512,33854.4
13107,512,512,512,32932.3
52428,2048,512,512,43813
52428,512,2048,512,47556.3
13107,512,512,512,33115.1
13107,512,512,512,33316.5
13107,512,512,512,33760.7
13107,512,512,512,32779.5
52428,2048,512,512,43997.9
52428,512,2048,512,48433.6
13107,512,512,512,33633.8
13107,512,512,512,33659.1
13107,512,512,512,34142.9
13107,512,512,512,32948.5
52428,2048,512,512,43786.2
52428,512,2048,512,48153.4
13107,512,512,512,33353.8
13107,512,512,512,33345.5
13107,512,512,512,34030.3
13107,512,512,512,34401
852173,33288,512,512,49560.3
5242,512,512,512,21334.7
5242,512,512,512,21355.9
5242,512,512,512,21377.2
5242,512,512,512,20797.4
20971,2048,512,512,31823.2
20971,512,2048,512,37937.1
5242,512,512,512,21258.6
5242,512,512,512,22003.7
5242,512,512,512,20769.2
5242,512,512,512,21855.9
5242,512,512,512,21718.8
5242,512,512,512,21343.2
5242,512,512,512,20805.5
5242,512,512,512,21570.5
20971,2048,512,512,32046.4
20971,512,2048,512,38522.4
5242,512,512,512,21851.4
5242,512,512,512,21199.9
5242,512,512,512,20554.5
5242,512,512,512,21334.7
5242,512,512,512,20976.2
5242,512,512,512,21688.1
5242,512,512,512,21696.9
5242,512,512,512,21736.4
20971,2048,512,512,31993.9
20971,512,2048,512,38629.8
5242,512,512,512,21419.8
5242,512,512,512,21179
5242,512,512,512,21170.6
5242,512,512,512,21275.5
5242,512,512,512,21762.9
5242,512,512,512,21054.4
5242,512,512,512,21037.9
5242,512,512,512,21981.2
20971,2048,512,512,32333.5
20971,512,2048,512,38265
5242,512,512,512,21407
5242,512,512,512,20653.4
5242,512,512,512,21954.2
5242,512,512,512,21338.9
5242,512,512,512,21179
5242,512,512,512,22044.4
5242,512,512,512,21609.5
5242,512,512,512,21204.1
20971,2048,512,512,32299.5
20971,512,2048,512,38615.9
5242,512,512,512,21283.9
5242,512,512,512,21798.2
5242,512,512,512,20769.2
5242,512,512,512,21510
5242,512,512,512,21596.5
5242,512,512,512,21162.3
5242,512,512,512,21141.4
5242,512,512,512,20554.5
20971,2048,512,512,31906
20971,512,2048,512,38695.9
5242,512,512,512,21963.2
5242,512,512,512,21838.1
5242,512,512,512,20874.2
5242,512,512,512,20805.5
20971,2048,512,512,32039.2
20971,512,2048,512,38650.7
5242,512,512,512,21479.8
5242,512,512,512,21462.6
5242,512,512,512,21419.8
5242,512,512,512,15422.5
20971,2048,512,512,30177.5
20971,512,2048,512,37710.6
5242,512,512,512,21661.9
5242,512,512,512,21330.5
5242,512,512,512,21675
5242,512,512,512,21415.6
20971,2048,512,512,31659
20971,512,2048,512,38800.8
5242,512,512,512,21300.8
5242,512,512,512,21701.3
5242,512,512,512,20972.1
5242,512,512,512,21696.9
20971,2048,512,512,32166.4
20971,512,2048,512,38892.2
5242,512,512,512,21745.2
5242,512,512,512,21338.9
5242,512,512,512,21033.7
5242,512,512,512,21091.6
20971,2048,512,512,32111.1
20971,512,2048,512,38285.4
5242,512,512,512,21174.8
5242,512,512,512,21407
5242,512,512,512,21441.2
5242,512,512,512,20976.2
20971,2048,512,512,32394.5
20971,512,2048,512,38525.8
5242,512,512,512,20910.8
5242,512,512,512,21842.6
5242,512,512,512,21462.6
5242,512,512,512,21666.2
340868,33288,512,512,38423.3
144656,512,512,512,48874.9
145219,512,512,512,55637.2
143086,512,512,512,46634.2
134140,512,512,512,48592.7
617373,2048,512,512,59934
511909,512,2048,512,59439.6
152784,512,512,512,52754.3
177501,512,512,512,56711.7
138819,512,512,512,50281.4
175788,512,512,512,54851.7
148318,512,512,512,51910.7
146820,512,512,512,55805.8
139898,512,512,512,49886.2
135158,512,512,512,52002.4
605239,2048,512,512,59744.1
498916,512,2048,512,59156.5
135302,512,512,512,51014.1
167130,512,512,512,56608.3
127129,512,512,512,50628.1
160282,512,512,512,55360.1
137228,512,512,512,50669.4
141001,512,512,512,56033.8
127709,512,512,512,49790.2
127997,512,512,512,54481.5
614701,2048,512,512,59776.1
495116,512,2048,512,58697.4
141404,512,512,512,50454.8
162547,512,512,512,56247.7
133241,512,512,512,49749.8
157924,512,512,512,54225.6
140148,512,512,512,53158.3
155781,512,512,512,55664.2
131610,512,512,512,52969.9
141524,512,512,512,55150.1
622718,2048,512,512,60157.8
500156,512,2048,512,58192.7
145809,512,512,512,51932.5
161899,512,512,512,56490.2
134961,512,512,512,50013.6
157923,512,512,512,55750.7
144846,512,512,512,52543.5
169827,512,512,512,57047.2
137419,512,512,512,51465.5
157723,512,512,512,56199.3
638805,2048,512,512,60227.2
520728,512,2048,512,58672
138115,512,512,512,51603.5
151839,512,512,512,56222.4
128572,512,512,512,50308.6
149774,512,512,512,54705.1
147527,512,512,512,53221.9
166724,512,512,512,55825.4
145068,512,512,512,53098
157919,512,512,512,56209.5
662743,2048,512,512,60528.3
529525,512,2048,512,55971.6
123866,512,512,512,51042.8
147677,512,512,512,54651.7
110753,512,512,512,47973.2
145625,512,512,512,54908.3
485342,2048,512,512,57773.1
372276,512,2048,512,52916.9
137762,512,512,512,52098
152588,512,512,512,54043.3
124825,512,512,512,50304.3
152847,512,512,512,53490.3
472169,2048,512,512,56751.6
364688,512,2048,512,57156.5
105892,512,512,512,49285.7
152424,512,512,512,55073.9
96613,512,512,512,48786.5
141359,512,512,512,52664.7
498329,2048,512,512,57575.5
374306,512,2048,512,57628.8
111037,512,512,512,50156.3
141993,512,512,512,54106.7
105115,512,512,512,49003.1
131116,512,512,512,51691.2
521358,2048,512,512,57948.8
382228,512,2048,512,57697.3
112897,512,512,512,49172.3
135583,512,512,512,54501.4
105657,512,512,512,48209.9
124591,512,512,512,51767.6
524195,2048,512,512,58213.6
379576,512,2048,512,57592.9
123414,512,512,512,51247.3
142424,512,512,512,55116.9
114404,512,512,512,48923.5
133618,512,512,512,53299.4
518126,2048,512,512,58398.7
360766,512,2048,512,53853.1
127963,512,512,512,51262.3
137811,512,512,512,54205.4
119801,512,512,512,49658.4
131226,512,512,512,51265.8
8449349,33288,512,512,60559.2
110054,512,512,512,45184.8
100849,512,512,512,51581.8
69340,512,512,512,36174.9
69926,512,512,512,36907.5
520881,2048,512,512,63761.6
420270,512,2048,512,59459.6
176573,512,512,512,58810.8
164906,512,512,512,58870.4
119346,512,512,512,51965.7
163179,512,512,512,55444.3
131179,512,512,512,55757.1
106332,512,512,512,53266.1
80702,512,512,512,47544.1
75910,512,512,512,47200.3
434108,2048,512,512,57126.8
364167,512,2048,512,48309.3
115824,512,512,512,45705.6
118372,512,512,512,47178.3
73184,512,512,512,39703.5
95756,512,512,512,46256.3
132447,512,512,512,49707.1
106685,512,512,512,48786.6
85843,512,512,512,43166
78662,512,512,512,42420.4
451905,2048,512,512,57589.7
377715,512,2048,512,48888.7
131164,512,512,512,49791.3
130939,512,512,512,49836.1
81929,512,512,512,43168.2
114764,512,512,512,49817
133557,512,512,512,52453.6
114906,512,512,512,51780.6
86931,512,512,512,46251.2
87415,512,512,512,48136.9
480220,2048,512,512,57961.5
389027,512,2048,512,50609
144587,512,512,512,51406.9
131025,512,512,512,50949.2
92656,512,512,512,44671.4
115987,512,512,512,52500
144703,512,512,512,53470.9
128707,512,512,512,54602.2
97146,512,512,512,46101.4
100981,512,512,512,51312.3
519534,2048,512,512,58814.4
435213,512,2048,512,54217.3
151362,512,512,512,52142
131393,512,512,512,52563.4
95590,512,512,512,45068.4
119793,512,512,512,52092.8
145197,512,512,512,54036.6
145080,512,512,512,55523.7
101998,512,512,512,49127.9
112628,512,512,512,53051.4
562881,2048,512,512,59108.1
463789,512,2048,512,50448.5
130724,512,512,512,52948.3
106538,512,512,512,48918.2
68242,512,512,512,45947.9
94758,512,512,512,48403.6
464225,2048,512,512,55886.7
348379,512,2048,512,48597.6
157973,512,512,512,53395.5
128921,512,512,512,53640.7
96673,512,512,512,45887.5
122165,512,512,512,50340.8
225571,2048,512,512,48021.8
205326,512,2048,512,42010.4
65235,512,512,512,41694.4
83880,512,512,512,49109.8
37002,512,512,512,37209.1
58084,512,512,512,34450.1
281342,2048,512,512,51154.5
253598,512,2048,512,45158.2
84469,512,512,512,46742.1
98998,512,512,512,50941.7
45258,512,512,512,40925.6
74105,512,512,512,39600
291371,2048,512,512,51378.3
256402,512,2048,512,45669
109587,512,512,512,48610.4
99608,512,512,512,51532.7
60842,512,512,512,42358
76770,512,512,512,41897.6
301623,2048,512,512,52566.9
236448,512,2048,512,43444.5
116101,512,512,512,48175.5
93737,512,512,512,50757.1
69341,512,512,512,42744.6
72872,512,512,512,39431.9
266304,2048,512,512,49458.7
179846,512,2048,512,38952.7
118976,512,512,512,50081.8
87654,512,512,512,47168.9
69802,512,512,512,45175.9
68146,512,512,512,42146.2
8099792,33288,512,512,60275.6
69048,512,512,512,33331.8
70699,512,512,512,41549.5
55824,512,512,512,32792.4
51977,512,512,512,34034.2
440834,2048,512,512,63535.1
349724,512,2048,512,59436.6
142988,512,512,512,56611.4
140146,512,512,512,59463.6
102718,512,512,512,52739.3
144324,512,512,512,55428
90907,512,512,512,44232.2
79001,512,512,512,51948.6
71333,512,512,512,41729.3
59864,512,512,512,39818.6
350127,2048,512,512,60695.8
278118,512,2048,512,52623.4
77453,512,512,512,41256.7
97490,512,512,512,48678.4
58782,512,512,512,35421.1
79224,512,512,512,46141.2
72798,512,512,512,46241
80140,512,512,512,51020.2
60387,512,512,512,44996.4
59524,512,512,512,44790.1
377531,2048,512,512,56425.2
301616,512,2048,512,53342.3
85602,512,512,512,40609
106244,512,512,512,51455
64319,512,512,512,38186.8
92139,512,512,512,49449.9
80374,512,512,512,47170.4
91729,512,512,512,52118.5
68532,512,512,512,46798.5
70060,512,512,512,48496.9
413100,2048,512,512,57636.5
326865,512,2048,512,55379.8
100219,512,512,512,48805.9
112406,512,512,512,53078.7
76218,512,512,512,46175
99957,512,512,512,52238.4
89251,512,512,512,48352.3
113306,512,512,512,53598.8
75834,512,512,512,47006.1
88878,512,512,512,52201.7
454699,2048,512,512,58345.5
370593,512,2048,512,54122
99341,512,512,512,47113.5
113026,512,512,512,49010.6
75788,512,512,512,45213.6
103039,512,512,512,49571
95971,512,512,512,50229.6
126777,512,512,512,54065.6
84980,512,512,512,49420.4
99415,512,512,512,51866.5
483495,2048,512,512,58836.7
392291,512,2048,512,50559.3
78700,512,512,512,46558.9
89338,512,512,512,44892.6
60344,512,512,512,46553.1
81600,512,512,512,50502.2
377485,2048,512,512,54250.4
263284,512,2048,512,46261.1
125652,512,512,512,50180.4
98723,512,512,512,51641
91651,512,512,512,44902.5
101724,512,512,512,48181.2
139876,2048,512,512,43697.9
104165,512,2048,512,37454.6
40729,512,512,512,34665.9
59136,512,512,512,45797.1
32292,512,512,512,35239.5
38547,512,512,512,35856
194581,2048,512,512,47459.3
150283,512,2048,512,43337
42786,512,512,512,39535.2
66156,512,512,512,48046.9
33491,512,512,512,38048.2
47033,512,512,512,37053.2
247017,2048,512,512,51337.1
179358,512,2048,512,43530.7
55210,512,512,512,41308.7
68722,512,512,512,48543.7
40973,512,512,512,41338.3
52095,512,512,512,39338.7
248270,2048,512,512,52062.4
172574,512,2048,512,40858.2
71451,512,512,512,42616.3
73260,512,512,512,48855.9
54975,512,512,512,42550.6
59423,512,512,512,39902.4
222621,2048,512,512,48311.3
136351,512,2048,512,34071.5
74612,512,512,512,46572.8
68003,512,512,512,44277.4
58713,512,512,512,45791.6
55485,512,512,512,44327.4
5628498,33288,512,512,57959.2
55839,512,512,512,33276.6
47152,512,512,512,41625.6
40749,512,512,512,29029.5
31688,512,512,512,29359.9
246942,2048,512,512,52647.5
187181,512,2048,512,42300.3
108105,512,512,512,47076.1
107497,512,512,512,50786.4
65349,512,512,512,37396.5
112066,512,512,512,49413.6
53552,512,512,512,37429
46022,512,512,512,40976
38979,512,512,512,34691.7
28332,512,512,512,28264.4
181465,2048,512,512,47682.3
138731,512,2048,512,41327.3
44787,512,512,512,31250.6
56702,512,512,512,40450.6
30654,512,512,512,26513.8
40235,512,512,512,37235.1
49209,512,512,512,40796.7
55295,512,512,512,41853.9
37240,512,512,512,38838.7
33400,512,512,512,38267.5
209478,2048,512,512,50750.1
170877,512,2048,512,45852
59402,512,512,512,41262.9
78627,512,512,512,46240.5
40400,512,512,512,41711.6
58892,512,512,512,43696.4
51857,512,512,512,40889.8
60576,512,512,512,44576.1
42887,512,512,512,41628.8
40323,512,512,512,42440.9
249613,2048,512,512,53826.6
196462,512,2048,512,47065.6
65126,512,512,512,37798.1
73887,512,512,512,46319.3
44367,512,512,512,34743.1
60688,512,512,512,47402.4
60021,512,512,512,40614.2
83964,512,512,512,52482.3
47934,512,512,512,43566.7
56646,512,512,512,46495.5
302452,2048,512,512,55293.7
246814,512,2048,512,49134.4
65341,512,512,512,38280.9
81599,512,512,512,48221
45839,512,512,512,37753.7
66444,512,512,512,47493.1
63673,512,512,512,41484.5
94580,512,512,512,53152.9
54191,512,512,512,41866.2
65642,512,512,512,47896.1
343356,2048,512,512,56292.4
257197,512,2048,512,41459.2
41783,512,512,512,38102.9
52641,512,512,512,40207.7
29547,512,512,512,40666.8
42360,512,512,512,41678.3
216719,2048,512,512,47083.3
149618,512,2048,512,46769.9
81604,512,512,512,40564.3
64242,512,512,512,47602.2
43030,512,512,512,31445.3
61783,512,512,512,41095
48481,2048,512,512,28658.2
38360,512,2048,512,32371
18164,512,512,512,22763.4
29508,512,512,512,39178.2
13422,512,512,512,26405.6
18682,512,512,512,24885
101911,2048,512,512,39920
82333,512,2048,512,39304.9
19741,512,512,512,20918.7
38241,512,512,512,41982.1
15129,512,512,512,25074.2
25640,512,512,512,27563.2
114133,2048,512,512,40939.6
85304,512,2048,512,34936.3
36347,512,512,512,34264.1
44755,512,512,512,43312.7
25265,512,512,512,36364.3
30012,512,512,512,32180.4
115983,2048,512,512,40426.4
83975,512,2048,512,34535
48912,512,512,512,41568.5
44247,512,512,512,42315.1
33185,512,512,512,40867.6
27808,512,512,512,31395.1
83494,2048,512,512,35302
48292,512,2048,512,26853.7
42541,512,512,512,34006.2
43863,512,512,512,38120.7
30263,512,512,512,37633.5
31688,512,512,512,33330.1
4570384,33288,512,512,57189
34247,512,512,512,23363.7
19404,512,512,512,33127.2
16396,512,512,512,15068.7
11969,512,512,512,16640.1
104673,2048,512,512,40369.5
81975,512,2048,512,28965.1
97078,512,512,512,44766.2
69893,512,512,512,44134.3
25760,512,512,512,21492
69617,512,512,512,39433.5
48869,512,512,512,33508.7
21820,512,512,512,28823.1
15338,512,512,512,24716.5
10662,512,512,512,18017.8
41663,2048,512,512,28287.3
36012,512,2048,512,28993.1
42364,512,512,512,27945.2
32657,512,512,512,30351
13187,512,512,512,18378.3
17178,512,512,512,27857
50871,512,512,512,39523.4
27364,512,512,512,34523.2
15168,512,512,512,28021
13381,512,512,512,24608.7
52212,2048,512,512,32577.8
48390,512,2048,512,31530.2
55223,512,512,512,35767.5
42626,512,512,512,35161.1
15872,512,512,512,24931.6
24727,512,512,512,30982.5
54011,512,512,512,37445.7
38147,512,512,512,40473
17464,512,512,512,30470.5
16461,512,512,512,29190.5
72869,2048,512,512,37260.5
71587,512,2048,512,37241
66349,512,512,512,40150.9
49036,512,512,512,36655.7
18628,512,512,512,29439.1
30148,512,512,512,38342.6
63533,512,512,512,40434.9
47347,512,512,512,45524.3
19514,512,512,512,28874.1
23243,512,512,512,37785.1
100398,2048,512,512,41596.4
85572,512,2048,512,34808
58607,512,512,512,41086.9
37223,512,512,512,37791.3
14595,512,512,512,24647.9
23119,512,512,512,32242.2
70285,512,512,512,39669.2
56422,512,512,512,48594.2
21842,512,512,512,32986.1
27155,512,512,512,41808.3
130289,2048,512,512,45166
90678,512,2048,512,27892.1
48564,512,512,512,38347.9
26377,512,512,512,35967.8
9201,512,512,512,23286.8
16237,512,512,512,28470.4
58872,2048,512,512,29362.9
55804,512,2048,512,32336.4
69433,512,512,512,39987.3
57004,512,512,512,40470.1
12532,512,512,512,21183.2
53312,512,512,512,36968.6
19051,2048,512,512,19079.9
20119,512,2048,512,29029
10834,512,512,512,13569.8
21594,512,512,512,35783.2
3649,512,512,512,11350.5
14972,512,512,512,22376.6
19537,2048,512,512,19942.1
20744,512,2048,512,30441.2
32975,512,512,512,30195.8
19159,512,512,512,33139.9
8520,512,512,512,20393.8
9463,512,512,512,16903.8
21054,2048,512,512,20532.7
21606,512,2048,512,30906.7
19284,512,512,512,22552.3
16852,512,512,512,31050.7
5429,512,512,512,14183.7
8863,512,512,512,14823.5
20900,2048,512,512,19989.4
18007,512,2048,512,24592.1
29744,512,512,512,30195.2
15941,512,512,512,31042.3
7369,512,512,512,19210.4
9554,512,512,512,17651.4
16100,2048,512,512,18350.8
9871,512,2048,512,19122
32053,512,512,512,31687.8
18132,512,512,512,29399.4
7471,512,512,512,19556
12811,512,512,512,22373.1
2802367,33288,512,512,54680.4
17538,512,512,512,16812.3
9689,512,512,512,24320.5
9630,512,512,512,12169.7
5732,512,512,512,11036.1
49727,2048,512,512,33148.1
41575,512,2048,512,26975.5
60339,512,512,512,37668.2
33846,512,512,512,36278.1
10762,512,512,512,10957.8
34845,512,512,512,30205.1
27165,512,512,512,28436.9
12022,512,512,512,26101
7018,512,512,512,16102.2
4981,512,512,512,14148.5
18329,2048,512,512,20748.3
18724,512,2048,512,26572.5
20384,512,512,512,20358.2
20795,512,512,512,27919.3
5704,512,512,512,11573
9461,512,512,512,21847
21954,512,512,512,29054.5
12498,512,512,512,28149
5460,512,512,512,17224.4
4860,512,512,512,15117.4
19355,2048,512,512,22215.5
20125,512,2048,512,29486.3
29397,512,512,512,31171.7
26491,512,512,512,31618.1
6978,512,512,512,19425
12252,512,512,512,27637.5
23425,512,512,512,31051.4
20550,512,512,512,32411.5
6200,512,512,512,20670
7340,512,512,512,20916
25190,2048,512,512,25577.2
29575,512,2048,512,33871.8
33448,512,512,512,31355.1
35320,512,512,512,37434.9
8490,512,512,512,15874.7
16466,512,512,512,30095.8
25495,512,512,512,28818.7
36244,512,512,512,35895.2
7017,512,512,512,22828.9
11888,512,512,512,27952.5
33082,2048,512,512,29003.4
44738,512,2048,512,34404.8
25079,512,512,512,28404.9
31458,512,512,512,33499.4
6391,512,512,512,18194
14370,512,512,512,27858.5
44130,512,512,512,34864.1
37424,512,512,512,43632.2
10100,512,512,512,23968.5
15476,512,512,512,33811.4
42127,2048,512,512,31977.8
29857,512,2048,512,19473
18768,512,512,512,24107.4
14559,512,512,512,24444
3701,512,512,512,14509.3
9011,512,512,512,22245.1
26707,2048,512,512,20979.6
26895,512,2048,512,26212.8
46041,512,512,512,32353.8
39819,512,512,512,34899.3
5371,512,512,512,11261.1
35052,512,512,512,32428.3
3789,2048,512,512,7440.67
3298,512,2048,512,12024.8
10357,512,512,512,12160.3
5954,512,512,512,20476.6
2109,512,512,512,8077.86
2920,512,512,512,9127.23
3678,2048,512,512,6407.4
3035,512,2048,512,13116
3920,512,512,512,7388.33
6539,512,512,512,20195.9
1294,512,512,512,4787.05
3906,512,512,512,10006.9
6591,2048,512,512,11291.9
6228,512,2048,512,16723.4
10973,512,512,512,17200.7
10235,512,512,512,24634.2
2888,512,512,512,8370.54
6614,512,512,512,15761.5
5856,2048,512,512,10209.5
5056,512,2048,512,17254.9
21060,512,512,512,26545.3
9576,512,512,512,23639.9
4067,512,512,512,14659
4228,512,512,512,11184.4
4933,2048,512,512,9074.63
2797,512,2048,512,9362.96
16062,512,512,512,24010.9
8583,512,512,512,21763
3442,512,512,512,13247.9
6578,512,512,512,16915.8
1362291,33288,512,512,50477
0,512,512,512,0
929,512,512,512,6314.61
0,512,512,512,0
246,512,512,512,1105.08
14047,2048,512,512,18895.4
20596,512,2048,512,26492
22905,512,512,512,24334.4
27236,512,512,512,31556.5
5473,512,512,512,6954.15
25435,512,512,512,29911.5
0,512,512,512,0
77,512,512,512,569.711
0,512,512,512,0
19,512,512,512,138.428
1932,2048,512,512,4253.64
1833,512,2048,512,9065.4
8299,512,512,512,16128.6
20258,512,512,512,28285
4656,512,512,512,12181.3
6968,512,512,512,19842.1
39,512,512,512,213.219
6,512,512,512,50.0122
8,512,512,512,65.4052
20,512,512,512,142.47
1005,2048,512,512,2381.67
960,512,2048,512,5918.36
15889,512,512,512,20836.7
26465,512,512,512,29079
4629,512,512,512,13244.2
9380,512,512,512,20142.9
2992,512,512,512,5108.05
1844,512,512,512,9925.13
640,512,512,512,2843.21
401,512,512,512,2001.09
1423,2048,512,512,3231.65
1698,512,2048,512,9340.6
13471,512,512,512,20383.2
25799,512,512,512,27583.6
5084,512,512,512,15489.5
10880,512,512,512,17847.2
10658,512,512,512,13271.5
7785,512,512,512,23053.3
5360,512,512,512,9140.88
2762,512,512,512,8853.62
1185,2048,512,512,2598.37
1198,512,2048,512,7132.28
4459,512,512,512,8611.06
4413,512,512,512,16459.3
1897,512,512,512,6403.59
1883,512,512,512,6988.73
30410,512,512,512,27005.3
23696,512,512,512,34408.3
14210,512,512,512,24824.8
7168,512,512,512,18233.8
1373,2048,512,512,2474.18
1671,512,2048,512,9805.75
5531,512,512,512,8249.57
2353,512,512,512,10261.8
2904,512,512,512,8361.3
743,512,512,512,3462.26
0,2048,512,512,0
0,512,2048,512,0
9554,512,512,512,15310.3
19357,512,512,512,27099
5442,512,512,512,11493.5
13274,512,512,512,17364
0,2048,512,512,0
0,512,2048,512,0
1670,512,512,512,4678.1
1644,512,512,512,9277.8
1203,512,512,512,3008.6
301,512,512,512,1365.94
159,2048,512,512,340.157
274,512,2048,512,2166.61
87,512,512,512,447.678
193,512,512,512,1444.68
15,512,512,512,116.496
19,512,512,512,150.88
0,2048,512,512,0
0,512,2048,512,0
0,512,512,512,0
0,512,512,512,0
0,512,512,512,0
0,512,512,512,0
0,2048,512,512,0
0,512,2048,512,0
0,512,512,512,0
0,512,512,512,0
0,512,512,512,0
0,512,512,512,0
0,2048,512,512,0
0,512,2048,512,0
0,512,512,512,0
0,512,512,512,0
0,512,512,512,0
0,512,512,512,0
850094,33288,512,512,46802
