128761,512,512,512,1588.73
132877,512,512,512,6449.55
142349,512,512,512,7775.44
122501,512,512,512,6982.22
657561,2048,512,512,13932.6
587093,512,2048,512,10472.4
158760,512,512,512,8690.69
161312,512,512,512,8707.5
154701,512,512,512,8542.14
163812,512,512,512,8959.12
138452,512,512,512,8046.46
140197,512,512,512,8269.22
139415,512,512,512,7015.91
130440,512,512,512,7397.83
615379,2048,512,512,13551.4
552458,512,2048,512,9635.98
122396,512,512,512,7132.63
163814,512,512,512,8794.2
119017,512,512,512,7145.22
156550,512,512,512,8728.74
130692,512,512,512,7427
144385,512,512,512,8697.4
131820,512,512,512,7542.26
133155,512,512,512,8094.37
629035,2048,512,512,13630.1
550086,512,2048,512,10077.1
129969,512,512,512,7807.26
164324,512,512,512,8977.15
131426,512,512,512,8012.4
157607,512,512,512,8797.79
132401,512,512,512,7587.99
158040,512,512,512,8837.69
136023,512,512,512,8203.57
146596,512,512,512,8317.35
640824,2048,512,512,13650.4
560424,512,2048,512,11369.1
133334,512,512,512,8218.13
165516,512,512,512,9101.47
134172,512,512,512,8281.74
161231,512,512,512,8973.47
128782,512,512,512,7745.56
171580,512,512,512,9685.91
135490,512,512,512,8144.57
157572,512,512,512,8869.48
655737,2048,512,512,13681.4
588044,512,2048,512,11185.7
125661,512,512,512,7175.63
154825,512,512,512,8557.41
127452,512,512,512,7027.1
153730,512,512,512,8136.41
129316,512,512,512,7577.98
176891,512,512,512,9280.13
141501,512,512,512,8246.12
161782,512,512,512,8943.79
673253,2048,512,512,13949.3
611291,512,2048,512,9997.81
102691,512,512,512,6381.79
136832,512,512,512,7082.05
105460,512,512,512,6556.04
134494,512,512,512,8160.73
546132,2048,512,512,11961.5
478771,512,2048,512,8243.21
126309,512,512,512,7035.61
127433,512,512,512,6917.01
124950,512,512,512,7557.98
136926,512,512,512,7691.39
512834,2048,512,512,12505.6
430911,512,2048,512,7905.26
89535,512,512,512,5451.66
142150,512,512,512,7873.84
83912,512,512,512,5280.7
126151,512,512,512,7139.27
526135,2048,512,512,12068.3
434134,512,2048,512,7669.28
100634,512,512,512,6298.85
132334,512,512,512,7717.53
96583,512,512,512,5928.4
120956,512,512,512,6912.75
527460,2048,512,512,11943
428269,512,2048,512,7543.81
103808,512,512,512,6400.49
127274,512,512,512,7477.36
102659,512,512,512,6318.2
119034,512,512,512,7318.97
529427,2048,512,512,11894.9
424951,512,2048,512,7676.92
117377,512,512,512,7229.32
122898,512,512,512,7283.11
114955,512,512,512,6887.78
118573,512,512,512,7194.96
504860,2048,512,512,11102.4
400093,512,2048,512,6126.18
115234,512,512,512,7018.3
120376,512,512,512,6322.26
114692,512,512,512,7083.85
119087,512,512,512,7235.62
7941902,33288,512,512,18068
82388,512,512,512,4090.76
95040,512,512,512,4929.38
95047,512,512,512,4988.6
81972,512,512,512,4700.14
559163,2048,512,512,13015.2
479025,512,2048,512,8515.01
123005,512,512,512,7524.82
134139,512,512,512,7089.21
117970,512,512,512,7250.49
136606,512,512,512,7678.8
108827,512,512,512,6065.42
113602,512,512,512,6949.73
110167,512,512,512,6387.53
103331,512,512,512,6427.18
500782,2048,512,512,12160.1
433174,512,2048,512,7856.34
83660,512,512,512,5247.4
139159,512,512,512,7904.93
79680,512,512,512,5438.56
128804,512,512,512,7311.52
93269,512,512,512,5861.94
116477,512,512,512,7208.43
96336,512,512,512,6106.88
100708,512,512,512,6775.7
513866,2048,512,512,12321.3
431100,512,2048,512,8305.31
94610,512,512,512,6025.51
138919,512,512,512,7800.74
97046,512,512,512,5989.91
129913,512,512,512,7930.29
91737,512,512,512,5911.48
128003,512,512,512,7798.08
97528,512,512,512,6036.55
111611,512,512,512,6857.03
530735,2048,512,512,12688.6
446252,512,2048,512,8709.16
96734,512,512,512,6192.34
139126,512,512,512,7770.23
97673,512,512,512,6612.23
132027,512,512,512,8161.94
99926,512,512,512,6287.74
146522,512,512,512,8406
105672,512,512,512,7081.83
131348,512,512,512,7839.18
560299,2048,512,512,13112.2
483219,512,2048,512,8648.46
99871,512,512,512,6231.83
139835,512,512,512,7299.34
100632,512,512,512,6221.21
135476,512,512,512,7681.81
100073,512,512,512,6777.58
158983,512,512,512,8854.83
110849,512,512,512,6804.59
140232,512,512,512,8139.56
584554,2048,512,512,13525.5
515851,512,2048,512,8136.21
72786,512,512,512,4861.62
111169,512,512,512,5897.46
75465,512,512,512,5693.19
108697,512,512,512,6860.96
418763,2048,512,512,9682.31
331624,512,2048,512,7200.76
104724,512,512,512,6375.52
104369,512,512,512,6361.29
100685,512,512,512,6239.19
114837,512,512,512,7086.24
384080,2048,512,512,9907.66
294467,512,2048,512,7440.73
52376,512,512,512,3854.9
108226,512,512,512,6659.29
49216,512,512,512,3898.69
88225,512,512,512,5620.54
390912,2048,512,512,10061.3
292071,512,2048,512,6941.98
68275,512,512,512,4776.46
97898,512,512,512,6497.03
65237,512,512,512,4569.92
82951,512,512,512,5751.38
395711,2048,512,512,9592.33
291221,512,2048,512,7469
71474,512,512,512,5009.46
99155,512,512,512,6643.97
69597,512,512,512,4863.42
91595,512,512,512,5630.44
386282,2048,512,512,9381.25
286061,512,2048,512,6821.02
74946,512,512,512,5230.47
93347,512,512,512,5982.82
73526,512,512,512,5014.03
87577,512,512,512,5621
372892,2048,512,512,9495.67
268393,512,2048,512,5178.27
83966,512,512,512,5689.36
91238,512,512,512,5723.61
82765,512,512,512,5616.54
85516,512,512,512,5385.14
6970877,33288,512,512,17367.8
48820,512,512,512,2612.66
61079,512,512,512,3243.17
59699,512,512,512,3193.63
49720,512,512,512,2967.97
457008,2048,512,512,11285.8
380232,512,2048,512,7002.76
100329,512,512,512,6310
112503,512,512,512,6179.04
94479,512,512,512,5857.12
114846,512,512,512,6968.15
82527,512,512,512,4622.63
86541,512,512,512,5728.7
84021,512,512,512,4732.66
74658,512,512,512,4797.97
371268,2048,512,512,9363.26
296938,512,2048,512,5621.33
59207,512,512,512,3973.37
110975,512,512,512,6716.47
55989,512,512,512,4073.13
99131,512,512,512,6120.26
59373,512,512,512,4223.58
88269,512,512,512,6058.79
64712,512,512,512,4488.34
69763,512,512,512,4835.84
383955,2048,512,512,9777.07
302682,512,2048,512,6662.55
75307,512,512,512,5100.8
120987,512,512,512,7459.55
74395,512,512,512,4997.46
110489,512,512,512,6823.07
69106,512,512,512,5220.72
107546,512,512,512,7326.49
74384,512,512,512,5021.6
86780,512,512,512,5921.4
406737,2048,512,512,10363.7
316678,512,2048,512,6763.6
75207,512,512,512,5132.71
115311,512,512,512,7015.52
77122,512,512,512,5286.29
106452,512,512,512,6758.32
75019,512,512,512,5175.62
125521,512,512,512,7639.02
83525,512,512,512,5689.59
105434,512,512,512,6590.78
445126,2048,512,512,11188.2
360576,512,2048,512,6744.46
66207,512,512,512,4640.1
107436,512,512,512,5989.88
69103,512,512,512,4798.3
100659,512,512,512,6362.01
80509,512,512,512,5454.54
140067,512,512,512,7875.7
94610,512,512,512,6438.25
117697,512,512,512,7383.75
469702,2048,512,512,11787.1
393501,512,2048,512,6366.4
53044,512,512,512,3801.16
91720,512,512,512,5183.66
54347,512,512,512,4185.07
87767,512,512,512,5957.5
319674,2048,512,512,8317.06
246891,512,2048,512,5373.77
64552,512,512,512,4598.64
73664,512,512,512,4240.42
61364,512,512,512,4465.88
83434,512,512,512,5703.55
237924,2048,512,512,7483.95
152630,512,2048,512,4400.82
32419,512,512,512,2779.09
75766,512,512,512,5173.07
30510,512,512,512,2613
57281,512,512,512,4079.3
239685,2048,512,512,7448.4
155797,512,2048,512,4148.78
43886,512,512,512,3695.86
73089,512,512,512,5133.78
39292,512,512,512,3208
62094,512,512,512,4380.82
241817,2048,512,512,7217.88
154531,512,2048,512,4104.37
49628,512,512,512,3631.93
57036,512,512,512,4445.09
48540,512,512,512,3811.36
49310,512,512,512,3976.62
219154,2048,512,512,6909.36
147362,512,2048,512,3677.7
33528,512,512,512,2850.42
53373,512,512,512,3833.49
34631,512,512,512,2881.27
44365,512,512,512,3529.44
195846,2048,512,512,6696.09
120625,512,2048,512,2616.38
54241,512,512,512,4258.9
71756,512,512,512,4585.78
51254,512,512,512,4075.26
64594,512,512,512,4518.64
5924545,33288,512,512,17234.4
45935,512,512,512,2711.23
46296,512,512,512,2789.02
52919,512,512,512,3143.62
38370,512,512,512,2938.82
331367,2048,512,512,8792.7
265406,512,2048,512,5305.4
65174,512,512,512,4348.29
85635,512,512,512,5078.99
59884,512,512,512,4286.52
89665,512,512,512,5475.83
45262,512,512,512,3374.22
57303,512,512,512,4365.01
48014,512,512,512,3490.74
44781,512,512,512,3147.36
250381,2048,512,512,7472.04
189258,512,2048,512,4372.46
40322,512,512,512,2928.92
85967,512,512,512,5567.59
36932,512,512,512,3054.21
74639,512,512,512,5151.63
44052,512,512,512,3522.23
61540,512,512,512,4716.95
47508,512,512,512,3737.94
46746,512,512,512,3684.14
265383,2048,512,512,7848.15
195030,512,2048,512,5136.29
42118,512,512,512,3380.68
91334,512,512,512,6306.92
42774,512,512,512,3340.82
79227,512,512,512,5444.1
38467,512,512,512,3046.29
71031,512,512,512,5303.79
44005,512,512,512,3456.37
53746,512,512,512,4223.14
283233,2048,512,512,8331.68
202509,512,2048,512,5178.64
46461,512,512,512,3664.84
78908,512,512,512,5436.66
48194,512,512,512,3735.7
72580,512,512,512,4924.96
43854,512,512,512,3751.61
96524,512,512,512,6499.8
51673,512,512,512,4031.94
76538,512,512,512,5819
320489,2048,512,512,8663.32
247453,512,2048,512,5134.05
40847,512,512,512,3246.74
81975,512,512,512,5542.71
42541,512,512,512,3487.51
75412,512,512,512,5268.39
49860,512,512,512,3878.27
110313,512,512,512,7242.99
61547,512,512,512,4672.61
88378,512,512,512,6065.62
345592,2048,512,512,9098.19
274829,512,2048,512,4738.46
25374,512,512,512,2122.46
60536,512,512,512,3472.53
25890,512,512,512,2557.35
57422,512,512,512,4456.07
209395,2048,512,512,6427.04
151186,512,2048,512,3861.37
32695,512,512,512,2760.17
42140,512,512,512,3364.98
30524,512,512,512,2616.93
49135,512,512,512,3917
126254,2048,512,512,5417.98
76575,512,2048,512,2852.29
17164,512,512,512,1851.56
52044,512,512,512,4134.48
14299,512,512,512,1563.8
37690,512,512,512,3176.66
146819,2048,512,512,5922.36
84761,512,2048,512,3347.39
23183,512,512,512,2364.03
49133,512,512,512,3981.51
21266,512,512,512,2153.59
36818,512,512,512,3055.12
144374,2048,512,512,5691.3
87498,512,2048,512,3249.05
20567,512,512,512,2126.34
39685,512,512,512,3200.81
19186,512,512,512,1961.01
32050,512,512,512,2718.55
133310,2048,512,512,5197.09
81004,512,2048,512,2996.99
25603,512,512,512,2560.62
40168,512,512,512,3307.37
23381,512,512,512,2377.1
32959,512,512,512,2805.47
117647,2048,512,512,5092.4
69633,512,2048,512,1993.45
23953,512,512,512,2408.32
31670,512,512,512,2384.79
22904,512,512,512,2245.15
28133,512,512,512,2340.15
4045117,33288,512,512,16465.2
34335,512,512,512,2765.4
29747,512,512,512,2642.64
42332,512,512,512,2940.68
23730,512,512,512,2099.71
165318,2048,512,512,5955.2
114116,512,2048,512,4661.19
34464,512,512,512,2875
60724,512,512,512,4559.82
30956,512,512,512,2649.35
62144,512,512,512,4322.78
27947,512,512,512,2123.99
32084,512,512,512,2984.38
31500,512,512,512,2474.05
26063,512,512,512,2246.93
144805,2048,512,512,5528.43
93516,512,2048,512,4358.07
19984,512,512,512,1821.38
51570,512,512,512,4003.11
18956,512,512,512,1966.2
45617,512,512,512,3644.35
17384,512,512,512,1785.84
30722,512,512,512,2852.8
20613,512,512,512,2086.99
23618,512,512,512,2337.76
150601,2048,512,512,5885.3
91018,512,2048,512,4238.69
22986,512,512,512,2302.27
50560,512,512,512,3915.59
23332,512,512,512,1958.98
48332,512,512,512,3730.31
18710,512,512,512,1873.52
48771,512,512,512,3763.74
22976,512,512,512,2254.9
37207,512,512,512,3295.75
158689,2048,512,512,5993.85
91220,512,2048,512,3978.9
25803,512,512,512,2173
51980,512,512,512,4053.52
27000,512,512,512,2227.72
50793,512,512,512,4047.66
22110,512,512,512,2141.6
70194,512,512,512,5339.35
27829,512,512,512,2680.29
55987,512,512,512,4315.93
166966,2048,512,512,6053.2
100492,512,2048,512,4228.52
16560,512,512,512,1514.49
39864,512,512,512,3658.4
17972,512,512,512,1590.84
38720,512,512,512,3133.48
24537,512,512,512,2342.29
65081,512,512,512,4829.87
35051,512,512,512,2823.21
54980,512,512,512,4225.58
189128,2048,512,512,6517.86
109440,512,2048,512,3236.4
6244,512,512,512,816.343
26927,512,512,512,2196.22
7420,512,512,512,982.334
26093,512,512,512,2573.91
53227,2048,512,512,3218.02
34630,512,2048,512,2381.55
13396,512,512,512,1415.51
27558,512,512,512,2354.19
12282,512,512,512,1386.82
32402,512,512,512,3038.61
59715,2048,512,512,3033.24
31978,512,2048,512,2349.54
8006,512,512,512,1106.8
25723,512,512,512,2179.86
7531,512,512,512,1044.66
18901,512,512,512,1966.74
73174,2048,512,512,3690.06
37471,512,2048,512,2591.69
7276,512,512,512,809.906
25171,512,512,512,2522.77
6459,512,512,512,728.005
19734,512,512,512,2112.71
77994,2048,512,512,4116.79
38793,512,2048,512,2568.81
11015,512,512,512,1186.08
24419,512,512,512,2442.74
10472,512,512,512,1136.56
20582,512,512,512,2095.66
70998,2048,512,512,3678.71
35760,512,2048,512,2753.09
8285,512,512,512,1110.92
20839,512,512,512,2117.65
7826,512,512,512,1009.24
17985,512,512,512,1858.85
61917,2048,512,512,3393
28848,512,2048,512,1653.18
11904,512,512,512,1260.97
21574,512,512,512,1922.71
11724,512,512,512,1290.3
20289,512,512,512,2091.72
1938914,33288,512,512,14444.5
13591,512,512,512,1124.53
11834,512,512,512,1166.31
18364,512,512,512,1347.32
8842,512,512,512,985.009
107573,2048,512,512,4910.96
80849,512,2048,512,2979.96
16771,512,512,512,1831.71
28842,512,512,512,2270.13
13807,512,512,512,1499.79
31600,512,512,512,2685.08
13156,512,512,512,1183.89
15612,512,512,512,1626.94
15414,512,512,512,1416.77
10938,512,512,512,1279.39
48981,2048,512,512,3070.07
34082,512,2048,512,2004.31
7091,512,512,512,794.788
27698,512,512,512,2605.11
6302,512,512,512,867.484
21599,512,512,512,2144.22
6119,512,512,512,930.691
11183,512,512,512,1503.72
7324,512,512,512,999.267
7750,512,512,512,1021.25
55048,2048,512,512,3294.81
35955,512,2048,512,2059.53
8454,512,512,512,932.951
27387,512,512,512,2628.94
8560,512,512,512,1093.45
22070,512,512,512,2218.23
7508,512,512,512,972.185
18737,512,512,512,2149.89
9838,512,512,512,1270.96
12906,512,512,512,1595.3
63204,2048,512,512,3627
40951,512,2048,512,2228.25
10143,512,512,512,1075.4
31538,512,512,512,2972.83
10640,512,512,512,1131.43
26736,512,512,512,2545.3
10085,512,512,512,1262.25
31635,512,512,512,2916.84
12905,512,512,512,1622
23675,512,512,512,2259.47
75648,2048,512,512,3924.09
51508,512,2048,512,2103.98
8793,512,512,512,927.164
23635,512,512,512,1980.16
8673,512,512,512,938.382
20949,512,512,512,2056.59
11498,512,512,512,1189.92
50919,512,512,512,3945.21
15955,512,512,512,1624.43
35619,512,512,512,3287.59
90763,2048,512,512,4485.03
66881,512,2048,512,1747.37
2012,512,512,512,332.958
9731,512,512,512,817.431
2143,512,512,512,335.434
8160,512,512,512,1096.27
53936,2048,512,512,2933.89
37885,512,2048,512,2293.54
4860,512,512,512,658.453
8693,512,512,512,1196.82
4594,512,512,512,643.953
10765,512,512,512,1193.75
19771,2048,512,512,1864.53
11460,512,2048,512,1155.06
3116,512,512,512,471.407
17085,512,512,512,1787.13
2706,512,512,512,462.985
11679,512,512,512,1302.32
21492,2048,512,512,1964.53
12675,512,2048,512,1244.17
3128,512,512,512,430.891
8602,512,512,512,1275.79
2649,512,512,512,422.762
5842,512,512,512,776.571
21069,2048,512,512,1687.04
12926,512,2048,512,974.169
3130,512,512,512,485.248
8456,512,512,512,1150.18
2888,512,512,512,443.753
5920,512,512,512,678.753
16569,2048,512,512,1483.85
10555,512,2048,512,915.488
3975,512,512,512,593.755
9829,512,512,512,1345.46
3688,512,512,512,557.548
6880,512,512,512,778.776
14652,2048,512,512,1319.89
9374,512,2048,512,607.407
2878,512,512,512,438.219
5607,512,512,512,639.817
2627,512,512,512,420.341
4187,512,512,512,575.014
1251031,33288,512,512,12311.4
7994,512,512,512,782.718
6230,512,512,512,911.277
10825,512,512,512,907.853
4266,512,512,512,496.01
37336,2048,512,512,2812.51
28863,512,2048,512,1945.44
5646,512,512,512,801.704
17872,512,512,512,1838.8
4679,512,512,512,706.065
21603,512,512,512,2213.85
5126,512,512,512,592.472
5757,512,512,512,902.352
6474,512,512,512,765.05
3865,512,512,512,538.371
18332,2048,512,512,1943.75
14699,512,2048,512,1474.46
3668,512,512,512,508.892
11791,512,512,512,1545.47
3797,512,512,512,530.238
10070,512,512,512,1289.63
3401,512,512,512,496.134
5162,512,512,512,849.232
4111,512,512,512,602.097
3691,512,512,512,575.371
13036,2048,512,512,1316.39
9863,512,2048,512,1219.21
4359,512,512,512,643.336
13924,512,512,512,1771.15
4174,512,512,512,642.371
11995,512,512,512,1504.08
3302,512,512,512,550.822
7543,512,512,512,1134.55
4222,512,512,512,662.178
6012,512,512,512,876.665
12635,2048,512,512,1280.59
9668,512,2048,512,1162.89
4405,512,512,512,647.229
10699,512,512,512,1412.99
4559,512,512,512,686.08
9516,512,512,512,1283.4
4352,512,512,512,678.477
15753,512,512,512,1897.52
5559,512,512,512,795.635
12052,512,512,512,1595.5
14538,2048,512,512,1651.22
11200,512,2048,512,986.702
2258,512,512,512,391.589
8183,512,512,512,1224.83
2408,512,512,512,411.251
6857,512,512,512,975.262
4500,512,512,512,702.2
23566,512,512,512,2324.71
5989,512,512,512,900.814
17053,512,512,512,2019.6
17556,2048,512,512,1632.17
14256,512,2048,512,663.706
742,512,512,512,133.716
2728,512,512,512,430.009
806,512,512,512,153.817
2370,512,512,512,374.63
21989,2048,512,512,1976.37
16969,512,2048,512,1594.74
1040,512,512,512,185.033
6990,512,512,512,1044.06
971,512,512,512,181.697
10210,512,512,512,1295.53
4276,2048,512,512,474.402
3145,512,2048,512,377.863
1083,512,512,512,201.817
7508,512,512,512,1090.93
989,512,512,512,189.214
5246,512,512,512,606.036
3167,2048,512,512,416.078
2309,512,2048,512,317.812
1566,512,512,512,273.463
4323,512,512,512,694.982
1368,512,512,512,247.113
3317,512,512,512,489.031
2099,2048,512,512,290.758
1606,512,2048,512,276.777
1259,512,512,512,210.855
3983,512,512,512,645.74
1243,512,512,512,220.929
2880,512,512,512,442.248
1483,2048,512,512,191.239
1166,512,2048,512,165.39
827,512,512,512,153.691
1872,512,512,512,313.798
712,512,512,512,135.813
1394,512,512,512,242.831
1887,2048,512,512,246.254
1200,512,2048,512,143.815
419,512,512,512,81.9409
812,512,512,512,140.477
391,512,512,512,74.4806
645,512,512,512,120.469
584680,33288,512,512,8248.66
131072,512,512,512,7502.69
131072,512,512,512,6827.22
131072,512,512,512,7999.97
131072,512,512,512,7632.53
524288,2048,512,512,12382.8
524288,512,2048,512,9239.01
131072,512,512,512,7583.4
131072,512,512,512,6941.33
131072,512,512,512,7552.26
131072,512,512,512,7381.22
131072,512,512,512,7581.62
131072,512,512,512,6942.25
131072,512,512,512,7467.95
131072,512,512,512,7566.71
524288,2048,512,512,12434.9
524288,512,2048,512,9218.3
131072,512,512,512,7279.25
131072,512,512,512,6997.62
131072,512,512,512,7327.19
131072,512,512,512,7484.21
131071,512,512,512,8034.08
131072,512,512,512,7697.1
131072,512,512,512,8054.97
131072,512,512,512,8045.08
524288,2048,512,512,12163.7
524288,512,2048,512,9343.62
131072,512,512,512,7567.12
131072,512,512,512,6904.54
131072,512,512,512,7485.15
131072,512,512,512,7416.06
131072,512,512,512,7983.52
131072,512,512,512,7508.46
131072,512,512,512,7989.91
131072,512,512,512,7836.74
524288,2048,512,512,12422.6
524287,512,2048,512,8966.96
131072,512,512,512,8033.99
131072,512,512,512,6956.99
131072,512,512,512,8135.12
131072,512,512,512,7258.08
131072,512,512,512,7823.73
131072,512,512,512,7407.94
131072,512,512,512,7802.48
131072,512,512,512,7943
524288,2048,512,512,12593.6
524288,512,2048,512,8496.69
131072,512,512,512,7892.48
131072,512,512,512,7021.04
131072,512,512,512,7834.98
131072,512,512,512,8005.92
131072,512,512,512,7898.13
131072,512,512,512,7304.09
131072,512,512,512,7864.37
131072,512,512,512,7968.66
524288,2048,512,512,12181.8
524288,512,2048,512,8441.2
131072,512,512,512,7768.81
131072,512,512,512,6923.57
131072,512,512,512,7744.28
131072,512,512,512,7563.16
524288,2048,512,512,11445
524288,512,2048,512,10214.6
131072,512,512,512,6738.16
131072,512,512,512,7238.04
131072,512,512,512,7219.6
131072,512,512,512,7413.83
524288,2048,512,512,11288.3
524288,512,2048,512,10425.9
131072,512,512,512,7224.83
131072,512,512,512,7481.81
131072,512,512,512,7408.2
131072,512,512,512,7341.68
524288,2048,512,512,11409
524288,512,2048,512,10357.4
131072,512,512,512,7376.41
131072,512,512,512,7552.94
131072,512,512,512,8024.61
131072,512,512,512,7930.39
524288,2048,512,512,11225.5
524288,512,2048,512,9925.17
131072,512,512,512,7471.28
131072,512,512,512,7321.3
131072,512,512,512,7224.21
131072,512,512,512,8030.29
524288,2048,512,512,11532.6
524288,512,2048,512,9993.4
131072,512,512,512,7396.44
131072,512,512,512,7263.61
131072,512,512,512,7440.27
131072,512,512,512,8103.37
524288,2048,512,512,11619.3
524288,512,2048,512,8883.69
131072,512,512,512,7990.97
131072,512,512,512,6850.97
131072,512,512,512,7586.69
131072,512,512,512,7336.16
8521728,33288,512,512,17638
104857,512,512,512,6396.89
104857,512,512,512,5726.07
104857,512,512,512,6483.28
104857,512,512,512,6166.58
419430,2048,512,512,10583.7
419430,512,2048,512,7264.98
104857,512,512,512,6357.01
104857,512,512,512,5562.42
104857,512,512,512,6405.68
104857,512,512,512,6490.81
104857,512,512,512,6445.05
104857,512,512,512,6008.78
104857,512,512,512,6558.81
104857,512,512,512,6682.91
419430,2048,512,512,10398.8
419430,512,2048,512,7066.31
104857,512,512,512,6511.47
104857,512,512,512,6034.93
104857,512,512,512,6447.03
104857,512,512,512,6542.95
104857,512,512,512,6551.77
104856,512,512,512,5974.7
104857,512,512,512,6521.97
104857,512,512,512,6481.15
419430,2048,512,512,10663.2
419430,512,2048,512,7002.13
104857,512,512,512,6572.3
104857,512,512,512,6016.1
104857,512,512,512,6517.79
104857,512,512,512,6395.42
104857,512,512,512,6550.49
104857,512,512,512,5948.28
104857,512,512,512,6440.72
104857,512,512,512,6480.78
419429,2048,512,512,10451
419429,512,2048,512,7346.2
104857,512,512,512,7051.28
104857,512,512,512,6078.44
104857,512,512,512,6366.66
104857,512,512,512,6606.2
104857,512,512,512,5937.22
104857,512,512,512,5921.3
104857,512,512,512,7288.07
104857,512,512,512,7272.27
419430,2048,512,512,10882.4
419430,512,2048,512,6929.87
104857,512,512,512,7300.43
104857,512,512,512,6265.14
104857,512,512,512,6792.91
104857,512,512,512,6575.14
104857,512,512,512,7507.89
104857,512,512,512,5756.23
104857,512,512,512,7538.25
104857,512,512,512,6782.06
419430,2048,512,512,10155.8
419430,512,2048,512,6959.04
104857,512,512,512,7514.45
104857,512,512,512,5295.14
104857,512,512,512,6646.77
104857,512,512,512,6926.11
419430,2048,512,512,9958.64
419430,512,2048,512,9221.97
104857,512,512,512,6723.08
104857,512,512,512,6200.88
104857,512,512,512,6745.52
104857,512,512,512,6699.59
419430,2048,512,512,10621.6
419430,512,2048,512,9113.4
104857,512,512,512,6509.32
104857,512,512,512,6333.62
104857,512,512,512,6392.01
104857,512,512,512,6295.82
419430,2048,512,512,10371.8
419430,512,2048,512,9034.88
104857,512,512,512,6539.26
104857,512,512,512,5953.34
104857,512,512,512,6599.06
104857,512,512,512,6674.27
419430,2048,512,512,9906.16
419430,512,2048,512,8866.57
104857,512,512,512,6558.3
104857,512,512,512,6582.1
104857,512,512,512,6557.53
104857,512,512,512,6719.99
419429,2048,512,512,9923.78
419430,512,2048,512,8277.12
104857,512,512,512,6406.41
104857,512,512,512,6101.1
104857,512,512,512,6524.63
104857,512,512,512,6408.98
419430,2048,512,512,10097.8
419430,512,2048,512,7130.05
104857,512,512,512,6597.63
104857,512,512,512,6047.77
104857,512,512,512,6591.15
104857,512,512,512,6689.97
6817381,33288,512,512,17590.8
78643,512,512,512,5327.78
78642,512,512,512,4524.77
78643,512,512,512,4939.01
78643,512,512,512,4971.21
314572,2048,512,512,8433
314572,512,2048,512,5724.01
78643,512,512,512,5394.94
78643,512,512,512,4556.87
78643,512,512,512,5469.16
78643,512,512,512,5396.67
78643,512,512,512,5392.86
78643,512,512,512,4572.93
78643,512,512,512,5340.9
78643,512,512,512,5412.23
314572,2048,512,512,8661.86
314571,512,2048,512,5572.78
78643,512,512,512,5473.68
78643,512,512,512,4506.52
78643,512,512,512,5406.99
78643,512,512,512,5464.05
78643,512,512,512,5338.52
78643,512,512,512,4468.59
78643,512,512,512,5311.81
78643,512,512,512,5422.84
314572,2048,512,512,8646.24
314572,512,2048,512,5666.24
78643,512,512,512,5420.04
78643,512,512,512,4862.95
78643,512,512,512,5432.56
78643,512,512,512,5404.21
78643,512,512,512,5331.28
78643,512,512,512,5114.99
78643,512,512,512,5305.09
78643,512,512,512,5506.73
314572,2048,512,512,8724.78
314572,512,2048,512,5627.88
78643,512,512,512,5499.39
78643,512,512,512,4676.61
78643,512,512,512,5321.7
78643,512,512,512,5432.44
78643,512,512,512,5526.57
78643,512,512,512,4867.46
78643,512,512,512,5429.74
78643,512,512,512,5274.63
314572,2048,512,512,8808.53
314572,512,2048,512,5621.31
78643,512,512,512,5457.29
78643,512,512,512,4514.2
78643,512,512,512,5494.47
78643,512,512,512,4895.58
78643,512,512,512,5964.58
78643,512,512,512,4758.49
78643,512,512,512,5970.81
78643,512,512,512,5429.74
314572,2048,512,512,8574.58
314572,512,2048,512,5176.12
78643,512,512,512,5419.45
78643,512,512,512,4409.78
78643,512,512,512,5431.73
78643,512,512,512,5976.06
314572,2048,512,512,8744.25
314572,512,2048,512,8024.79
78643,512,512,512,5080.91
78643,512,512,512,5349.98
78643,512,512,512,5004.63
78643,512,512,512,5675
314572,2048,512,512,8732.72
314572,512,2048,512,7711.87
78643,512,512,512,5376.61
78643,512,512,512,5147.95
78643,512,512,512,5320.91
78643,512,512,512,5362.52
314572,2048,512,512,8862.27
314572,512,2048,512,7278.17
78643,512,512,512,5316.86
78643,512,512,512,4975.14
78643,512,512,512,5390.55
78643,512,512,512,5402.81
314572,2048,512,512,8729.47
314571,512,2048,512,6904.4
78643,512,512,512,5449.02
78643,512,512,512,4828.7
78643,512,512,512,5430.21
78643,512,512,512,5383.28
314572,2048,512,512,8855.18
314572,512,2048,512,6707.16
78643,512,512,512,5353.74
78643,512,512,512,5035.06
78643,512,512,512,5466.54
78643,512,512,512,5429.51
314572,2048,512,512,8864.3
314572,512,2048,512,5601.54
78643,512,512,512,5382.25
78643,512,512,512,4889.88
78643,512,512,512,5273.63
78643,512,512,512,5411.53
5113037,33288,512,512,17154.5
52428,512,512,512,4079.71
52428,512,512,512,2784.05
52428,512,512,512,4149.12
52428,512,512,512,4087.66
209715,2048,512,512,6835.63
209715,512,2048,512,4122.87
52428,512,512,512,4183.37
52428,512,512,512,2796.44
52428,512,512,512,4204.65
52428,512,512,512,4118.87
52428,512,512,512,4165.29
52428,512,512,512,3363.8
52428,512,512,512,4120.59
52428,512,512,512,4174.93
209715,2048,512,512,6882.39
209715,512,2048,512,4586.13
52428,512,512,512,4160.85
52428,512,512,512,3301.71
52428,512,512,512,4175.45
52428,512,512,512,4115.63
52428,512,512,512,4174.41
52428,512,512,512,3396.42
52428,512,512,512,4139.5
52428,512,512,512,4160.85
209715,2048,512,512,6965.32
209715,512,2048,512,4365.14
52428,512,512,512,4204.65
52428,512,512,512,3827.13
52428,512,512,512,4198.55
52428,512,512,512,4233.62
52428,512,512,512,4137.97
52428,512,512,512,3876.29
52428,512,512,512,4069.71
52428,512,512,512,4088.06
209715,2048,512,512,7005.31
209715,512,2048,512,4468.68
52428,512,512,512,4107.87
52428,512,512,512,3595.88
52428,512,512,512,4162.92
52428,512,512,512,4028.66
52428,512,512,512,4107.57
52428,512,512,512,3849.34
52428,512,512,512,4042.16
52428,512,512,512,4132.46
209715,2048,512,512,6936.24
209715,512,2048,512,4313.07
52428,512,512,512,4109.28
52428,512,512,512,3426.95
52428,512,512,512,4126.16
52428,512,512,512,4147.38
52428,512,512,512,4089.45
52428,512,512,512,3846.16
52428,512,512,512,4130.94
52428,512,512,512,4103.35
209715,2048,512,512,6851.82
209715,512,2048,512,3495.94
52428,512,512,512,4155.8
52428,512,512,512,2832.32
52428,512,512,512,4136.64
52428,512,512,512,4164.88
209715,2048,512,512,6643.38
209715,512,2048,512,4600.65
52428,512,512,512,4255.2
52428,512,512,512,3489.89
52428,512,512,512,4200.44
52428,512,512,512,3419.61
209715,2048,512,512,7084.37
209715,512,2048,512,4725.7
52428,512,512,512,4089.05
52428,512,512,512,3635.55
52428,512,512,512,4111.8
52428,512,512,512,4126.87
209715,2048,512,512,6934.3
209715,512,2048,512,4774.79
52428,512,512,512,4152.41
52428,512,512,512,3495.56
52428,512,512,512,4097.04
52428,512,512,512,4075.64
209715,2048,512,512,6317.96
209715,512,2048,512,4594.95
52428,512,512,512,4150.87
52428,512,512,512,3429.19
52428,512,512,512,4183.05
52428,512,512,512,4156.63
209715,2048,512,512,6446.01
209715,512,2048,512,4555.22
52428,512,512,512,4196.97
52428,512,512,512,3400.48
52428,512,512,512,4125.05
52428,512,512,512,4174.52
209715,2048,512,512,6985.99
209715,512,2048,512,3893.84
52428,512,512,512,4135.62
52428,512,512,512,3121.06
52428,512,512,512,4082.29
52428,512,512,512,4079.71
3408691,33288,512,512,15899.9
26214,512,512,512,2541.5
26214,512,512,512,1418.19
26214,512,512,512,2561.99
26214,512,512,512,2578.53
104857,2048,512,512,4213.35
104857,512,2048,512,3165.58
26214,512,512,512,2580.35
26214,512,512,512,1631.71
26214,512,512,512,2556.84
26214,512,512,512,2565.05
26214,512,512,512,2563.4
26214,512,512,512,2139.97
26214,512,512,512,2546.05
26214,512,512,512,2546.59
104857,2048,512,512,4946.59
104857,512,2048,512,3445.98
26214,512,512,512,2646.46
26214,512,512,512,2243.45
26214,512,512,512,2620.17
26214,512,512,512,2555.59
26214,512,512,512,2565.68
26214,512,512,512,2208.95
26214,512,512,512,2509.64
26214,512,512,512,2540.88
104857,2048,512,512,4853.43
104857,512,2048,512,3251.82
26214,512,512,512,2545.9
26214,512,512,512,2434.26
26214,512,512,512,2559.26
26214,512,512,512,2184.44
26214,512,512,512,2527.64
26214,512,512,512,2226.89
26214,512,512,512,2501.11
26214,512,512,512,2504.47
104857,2048,512,512,4948.34
104857,512,2048,512,3146.5
26214,512,512,512,2539.88
26214,512,512,512,2258.61
26214,512,512,512,2525.58
26214,512,512,512,2190.49
26214,512,512,512,2462.78
26214,512,512,512,2196.34
26214,512,512,512,2432.36
26214,512,512,512,2541.65
104857,2048,512,512,4832.68
104857,512,2048,512,3268.35
26214,512,512,512,2516.04
26214,512,512,512,1997.31
26214,512,512,512,2508.89
26214,512,512,512,2564.26
26214,512,512,512,2457.01
26214,512,512,512,2360.56
26214,512,512,512,2466.84
26214,512,512,512,2478.94
104857,2048,512,512,4888.79
104857,512,2048,512,2225.82
26214,512,512,512,2484.81
26214,512,512,512,1804.17
26214,512,512,512,2525.36
26214,512,512,512,2505.89
104857,2048,512,512,4792.23
104857,512,2048,512,3089.62
26214,512,512,512,2325.48
26214,512,512,512,2121.14
26214,512,512,512,2628.46
26214,512,512,512,2048.52
104857,2048,512,512,4915.07
104857,512,2048,512,2990.17
26214,512,512,512,2554.35
26214,512,512,512,2038.61
26214,512,512,512,2550.77
26214,512,512,512,2564.89
104857,2048,512,512,4735.22
104857,512,2048,512,3302.45
26214,512,512,512,2519.21
26214,512,512,512,2221.59
26214,512,512,512,2506.12
26214,512,512,512,2466.98
104857,2048,512,512,4262.86
104857,512,2048,512,3040.08
26214,512,512,512,2506.42
26214,512,512,512,2038.22
26214,512,512,512,2543.12
26214,512,512,512,2577.74
104857,2048,512,512,4144.34
104857,512,2048,512,2961.96
26214,512,512,512,2590.95
26214,512,512,512,1957.14
26214,512,512,512,2574.49
26214,512,512,512,2504.85
104857,2048,512,512,4967.54
104857,512,2048,512,2696.64
26214,512,512,512,2537.5
26214,512,512,512,1807.01
26214,512,512,512,2472
26214,512,512,512,2501.48
1704346,33288,512,512,13232.7
13107,512,512,512,1668.95
13107,512,512,512,828.983
13107,512,512,512,1613.73
13107,512,512,512,1593.13
52428,2048,512,512,2796.9
52428,512,2048,512,2202.57
13107,512,512,512,1628.45
13107,512,512,512,821.965
13107,512,512,512,1669.81
13107,512,512,512,1413.91
13107,512,512,512,1664.71
13107,512,512,512,1069.58
13107,512,512,512,1638.44
13107,512,512,512,1602.51
52428,2048,512,512,3417.73
52428,512,2048,512,2147.34
13107,512,512,512,1725.74
13107,512,512,512,1204.96
13107,512,512,512,1687.96
13107,512,512,512,1396.36
13107,512,512,512,1701.03
13107,512,512,512,1190.77
13107,512,512,512,1686.33
13107,512,512,512,1680.92
52428,2048,512,512,3409.81
52428,512,2048,512,2193.44
13107,512,512,512,1402.24
13107,512,512,512,1347.29
13107,512,512,512,1617.84
13107,512,512,512,1390.48
13107,512,512,512,1622.15
13107,512,512,512,1210.84
13107,512,512,512,1644.48
13107,512,512,512,1695.74
52428,2048,512,512,3389.97
52427,512,2048,512,2051.49
13107,512,512,512,1713.82
13107,512,512,512,1271.87
13107,512,512,512,1615.47
13107,512,512,512,1664.38
13107,512,512,512,1692.73
13107,512,512,512,1208.89
13107,512,512,512,1675.22
13107,512,512,512,1726.95
52428,2048,512,512,3402.83
52428,512,2048,512,2192.21
13107,512,512,512,1704.14
13107,512,512,512,1055.61
13107,512,512,512,1694.78
13107,512,512,512,1654.6
13107,512,512,512,1700.55
13107,512,512,512,1355.47
13107,512,512,512,1703.11
13107,512,512,512,1729.73
52428,2048,512,512,3608.26
52428,512,2048,512,1387.94
13107,512,512,512,1699.52
13107,512,512,512,1009.47
13107,512,512,512,1698.62
13107,512,512,512,1658.26
52428,2048,512,512,3458.17
52428,512,2048,512,2382.92
13107,512,512,512,1513.56
13107,512,512,512,1213.05
13107,512,512,512,1553.88
13107,512,512,512,1125.73
52428,2048,512,512,3176.85
52427,512,2048,512,2224.02
13107,512,512,512,1797.56
13107,512,512,512,1181.31
13107,512,512,512,1828.27
13107,512,512,512,1771.89
52427,2048,512,512,2690.33
52428,512,2048,512,2141.42
13107,512,512,512,1788.06
13107,512,512,512,1254.26
13107,512,512,512,1674.48
13107,512,512,512,1653.88
52428,2048,512,512,2680.15
52428,512,2048,512,2130.79
13107,512,512,512,1374.75
13107,512,512,512,1169.75
13107,512,512,512,1358.5
13107,512,512,512,1576.25
52428,2048,512,512,2999.63
52428,512,2048,512,2166.62
13107,512,512,512,1651.99
13107,512,512,512,1184.88
13107,512,512,512,1665.17
13107,512,512,512,1665.11
52428,2048,512,512,3429.54
52428,512,2048,512,2122.94
13107,512,512,512,1393.43
13107,512,512,512,1180.38
13107,512,512,512,1358.77
13107,512,512,512,1629.46
852171,33288,512,512,10503.5
5242,512,512,512,851.018
5242,512,512,512,403.367
5242,512,512,512,801.07
5242,512,512,512,848.521
20971,2048,512,512,1673.87
20971,512,2048,512,1474.69
5242,512,512,512,802.373
5242,512,512,512,538.02
5242,512,512,512,832.56
5242,512,512,512,761.227
5242,512,512,512,803.95
5242,512,512,512,597.762
5242,512,512,512,803.526
5242,512,512,512,796.392
20971,2048,512,512,2168.87
20971,512,2048,512,1479.4
5242,512,512,512,798.287
5242,512,512,512,620.883
5242,512,512,512,760.606
5242,512,512,512,800.956
5242,512,512,512,869.952
5242,512,512,512,609.313
5242,512,512,512,862.793
5242,512,512,512,863.592
20971,2048,512,512,1913.03
20971,512,2048,512,1444.84
5242,512,512,512,819.904
5242,512,512,512,719.561
5242,512,512,512,804.798
5242,512,512,512,804.104
5242,512,512,512,873.122
5242,512,512,512,665.097
5242,512,512,512,846.936
5242,512,512,512,815.638
20971,2048,512,512,2074.73
20971,512,2048,512,1352.31
5242,512,512,512,843.402
5242,512,512,512,685.229
5242,512,512,512,872.168
5242,512,512,512,828.857
5242,512,512,512,855.401
5242,512,512,512,681.803
5242,512,512,512,871.127
5242,512,512,512,867.522
20971,2048,512,512,1881.86
20971,512,2048,512,1396.58
5242,512,512,512,866.805
5242,512,512,512,613.66
5242,512,512,512,855.706
5242,512,512,512,875.766
5242,512,512,512,858.334
5242,512,512,512,620.676
5242,512,512,512,885.801
5242,512,512,512,856.843
20971,2048,512,512,2198.43
20971,512,2048,512,999.139
5242,512,512,512,859.962
5242,512,512,512,429.629
5242,512,512,512,861.375
5242,512,512,512,825.391
20971,2048,512,512,2241.76
20971,512,2048,512,1696.94
5242,512,512,512,761.608
5242,512,512,512,615.71
5242,512,512,512,819.944
5242,512,512,512,509.612
20971,2048,512,512,1906.45
20971,512,2048,512,1673
5242,512,512,512,817.945
5242,512,512,512,522.355
5242,512,512,512,791.843
5242,512,512,512,769.186
20971,2048,512,512,1631.99
20971,512,2048,512,1587.21
5242,512,512,512,855.139
5242,512,512,512,581.979
5242,512,512,512,795.486
5242,512,512,512,855.794
20971,2048,512,512,1401.72
20971,512,2048,512,1367.11
5242,512,512,512,826.529
5242,512,512,512,577.511
5242,512,512,512,818.144
5242,512,512,512,831.322
20970,2048,512,512,1436.58
20971,512,2048,512,1204.9
5242,512,512,512,847.107
5242,512,512,512,618.137
5242,512,512,512,792.105
5242,512,512,512,877.048
20971,2048,512,512,1885.93
20971,512,2048,512,1201.65
5242,512,512,512,788.531
5242,512,512,512,557.307
5242,512,512,512,771.805
5242,512,512,512,817.546
340867,33288,512,512,6726.74
131072,512,512,512,7856.12
131072,512,512,512,7881.06
131072,512,512,512,8079.8
131072,512,512,512,7891.15
524288,2048,512,512,13061
524288,512,2048,512,11388.1
131072,512,512,512,7962.76
131072,512,512,512,7937.59
131072,512,512,512,7953.55
131072,512,512,512,7975.17
131072,512,512,512,7918.11
131072,512,512,512,7912.43
131072,512,512,512,7948.27
131072,512,512,512,7943.15
524288,2048,512,512,13052.4
524288,512,2048,512,11369.4
131072,512,512,512,7935.49
131072,512,512,512,7986.87
131072,512,512,512,7907.51
131072,512,512,512,7919.46
131072,512,512,512,7913.78
131072,512,512,512,7922.3
131072,512,512,512,7888.48
131072,512,512,512,7763.49
524288,2048,512,512,13017.6
524288,512,2048,512,11248
131072,512,512,512,7962.91
131072,512,512,512,7949.78
131072,512,512,512,7961.7
131072,512,512,512,7922.3
131072,512,512,512,7901.4
131072,512,512,512,7904.53
131072,512,512,512,7956.26
131072,512,512,512,7954.9
524288,2048,512,512,13079.1
524288,512,2048,512,11325.7
131072,512,512,512,7930.39
131072,512,512,512,7889.66
131072,512,512,512,7958.22
131072,512,512,512,7868.35
131072,512,512,512,7918.86
131072,512,512,512,7879.29
131072,512,512,512,7845.54
131072,512,512,512,8005.31
524288,2048,512,512,13053.8
524288,512,2048,512,11426.8
131072,512,512,512,7956.56
131072,512,512,512,7973.2
131072,512,512,512,7996.61
131072,512,512,512,7910.05
131072,512,512,512,7941.8
131072,512,512,512,7937.14
131072,512,512,512,7919.16
131072,512,512,512,7974.11
524288,2048,512,512,12955.1
524288,512,2048,512,11283.8
131072,512,512,512,8039.84
131072,512,512,512,7881.51
131072,512,512,512,7971.38
131072,512,512,512,7896.64
524288,2048,512,512,12982.4
524288,512,2048,512,11354.9
131072,512,512,512,7967.9
131072,512,512,512,8021.08
131072,512,512,512,8019.55
131072,512,512,512,7982.15
524288,2048,512,512,12969.8
524288,512,2048,512,11359.5
131072,512,512,512,8026.45
131072,512,512,512,7987.32
131072,512,512,512,7928.14
131072,512,512,512,7891.89
524288,2048,512,512,12868.1
524288,512,2048,512,11291.1
131072,512,512,512,7960.49
131072,512,512,512,7870.71
131072,512,512,512,7903.34
131072,512,512,512,7988.23
524288,2048,512,512,12921.9
524288,512,2048,512,11320.6
131072,512,512,512,7886.1
131072,512,512,512,7952.04
131072,512,512,512,7916.77
131072,512,512,512,7966.39
524288,2048,512,512,13072.8
524288,512,2048,512,11321.8
131072,512,512,512,7899.62
131072,512,512,512,7851.26
131072,512,512,512,7846.12
131072,512,512,512,7905.72
524288,2048,512,512,13001
524288,512,2048,512,11504.6
131072,512,512,512,8159.49
131072,512,512,512,7831.04
131072,512,512,512,7928.29
131072,512,512,512,7999.51
8521728,33288,512,512,16700.2
104857,512,512,512,6496.46
104857,512,512,512,7516.97
104857,512,512,512,7461.64
104857,512,512,512,7510.07
419430,2048,512,512,11597.4
419430,512,2048,512,9893.23
104857,512,512,512,7511.08
104857,512,512,512,7522.03
104857,512,512,512,7527.26
104857,512,512,512,7462.64
104857,512,512,512,7466.29
104857,512,512,512,7473.61
104857,512,512,512,7543.84
104857,512,512,512,7220.78
419430,2048,512,512,11432.1
419431,512,2048,512,9777.44
104857,512,512,512,7259.68
104857,512,512,512,7174.92
104857,512,512,512,7261.25
104857,512,512,512,7227
104857,512,512,512,7248.08
104857,512,512,512,7244.64
104857,512,512,512,7222.34
104857,512,512,512,7191.99
419430,2048,512,512,11594.1
419430,512,2048,512,9769.66
104857,512,512,512,7240.41
104857,512,512,512,7153.66
104857,512,512,512,7217.21
104857,512,512,512,7194.77
104857,512,512,512,7211
104857,512,512,512,7187.68
104857,512,512,512,7309.82
104857,512,512,512,7177.23
419430,2048,512,512,11498.1
419430,512,2048,512,9702.77
104857,512,512,512,6844.73
104857,512,512,512,7311.25
104857,512,512,512,7386.9
104857,512,512,512,7479.94
104857,512,512,512,7469.95
104857,512,512,512,7539.43
104857,512,512,512,7554.54
104857,512,512,512,7559.99
419430,2048,512,512,11618.8
419430,512,2048,512,9941.97
104857,512,512,512,7517.98
104857,512,512,512,7524.73
104857,512,512,512,7513.6
104857,512,512,512,7493.14
104857,512,512,512,7109.4
104857,512,512,512,7224.98
104857,512,512,512,7213.33
104857,512,512,512,7252.46
419430,2048,512,512,11510.5
419430,512,2048,512,9690.1
104857,512,512,512,7286.96
104857,512,512,512,7228.4
104857,512,512,512,7228.4
104857,512,512,512,7309.66
419430,2048,512,512,11639.3
419430,512,2048,512,9894.62
104857,512,512,512,7498.99
104857,512,512,512,7509.74
104857,512,512,512,7457.83
104857,512,512,512,7570.91
419430,2048,512,512,11698.2
419430,512,2048,512,9806.2
104857,512,512,512,7499.67
104857,512,512,512,7633.25
104857,512,512,512,7571.76
104857,512,512,512,7183.22
419430,2048,512,512,11849.6
419430,512,2048,512,9818.04
104857,512,512,512,7508.23
104857,512,512,512,7522.7
104857,512,512,512,7540.28
104857,512,512,512,7503.86
419430,2048,512,512,11733.1
419430,512,2048,512,10040.1
104857,512,512,512,7563.57
104857,512,512,512,7558.45
104857,512,512,512,7497.15
104857,512,512,512,7487.45
419430,2048,512,512,11714.9
419430,512,2048,512,9945.28
104857,512,512,512,7583.4
104857,512,512,512,7502.52
104857,512,512,512,7477.94
104857,512,512,512,7530.97
419430,2048,512,512,11697.8
419430,512,2048,512,9854.23
104857,512,512,512,7502.35
104857,512,512,512,7508.06
104857,512,512,512,7533.68
104857,512,512,512,7522.2
6817382,33288,512,512,17283.2
78643,512,512,512,6227.15
78643,512,512,512,6242.91
78643,512,512,512,6322.43
78643,512,512,512,5718.06
314572,2048,512,512,9257.82
314572,512,2048,512,8180.92
78643,512,512,512,5896.11
78643,512,512,512,6167.02
78643,512,512,512,6156.31
78643,512,512,512,6171.41
78643,512,512,512,6169.14
78643,512,512,512,5876.56
78643,512,512,512,5652.82
78643,512,512,512,5698.51
314572,2048,512,512,9254.67
314572,512,2048,512,8065.95
78643,512,512,512,6260.61
78643,512,512,512,6277.16
78643,512,512,512,5675.64
78643,512,512,512,6289.87
78643,512,512,512,6237.8
78643,512,512,512,5692.97
78643,512,512,512,6214.85
78643,512,512,512,6279.36
314572,2048,512,512,9347.04
314572,512,2048,512,8225.71
78643,512,512,512,6172.17
78643,512,512,512,6303.42
78643,512,512,512,6278.42
78643,512,512,512,6284.85
78643,512,512,512,6264.82
78643,512,512,512,5702.64
78643,512,512,512,6245.7
78643,512,512,512,6236.72
314572,2048,512,512,9206.76
314572,512,2048,512,8103.54
78643,512,512,512,5630.18
78643,512,512,512,6281.87
78643,512,512,512,5711.7
78643,512,512,512,6277.48
78643,512,512,512,6198.62
78643,512,512,512,5731.48
78643,512,512,512,6278.26
78643,512,512,512,5699.54
314572,2048,512,512,9376.47
314572,512,2048,512,8181.98
78643,512,512,512,5753.75
78643,512,512,512,6294.91
78643,512,512,512,6184.61
78643,512,512,512,6269.81
78643,512,512,512,6242.75
78643,512,512,512,6279.67
78643,512,512,512,5686.28
78643,512,512,512,6278.89
314572,2048,512,512,9267.7
314572,512,2048,512,8196.84
78643,512,512,512,6262.17
78643,512,512,512,6191.3
78643,512,512,512,6261.55
78643,512,512,512,5657.01
314572,2048,512,512,9365.66
314572,512,2048,512,8219.73
78643,512,512,512,6270.6
78643,512,512,512,6301.05
78643,512,512,512,5669.12
78643,512,512,512,6293.18
314572,2048,512,512,9271.71
314572,512,2048,512,8138.33
78643,512,512,512,6213.62
78643,512,512,512,6267
78643,512,512,512,5803.38
78643,512,512,512,6210.4
314572,2048,512,512,9239.38
314572,512,2048,512,8276.71
78643,512,512,512,6227.3
78643,512,512,512,6154.36
78643,512,512,512,6213.47
78643,512,512,512,6255.79
314572,2048,512,512,9212.4
314572,512,2048,512,8108.24
78643,512,512,512,5644.07
78643,512,512,512,6285.16
78643,512,512,512,5661.59
78643,512,512,512,6228.54
314572,2048,512,512,9304.19
314572,512,2048,512,8152.57
78643,512,512,512,6241.51
78643,512,512,512,6188.87
78643,512,512,512,6295.38
78643,512,512,512,6238.11
314572,2048,512,512,9357.12
314572,512,2048,512,8205.73
78643,512,512,512,6302.79
78643,512,512,512,5688.47
78643,512,512,512,5726
78643,512,512,512,5675.25
5113038,33288,512,512,16696.5
52428,512,512,512,4120.08
52428,512,512,512,4330.88
52428,512,512,512,4407.45
52428,512,512,512,4326.42
209715,2048,512,512,7194.42
209715,512,2048,512,6509.79
52428,512,512,512,4293.53
52428,512,512,512,4295.4
52428,512,512,512,4308.97
52428,512,512,512,4310.85
52428,512,512,512,4374.93
52428,512,512,512,4305.65
52428,512,512,512,4327.09
52428,512,512,512,4336.03
209715,2048,512,512,7197.27
209715,512,2048,512,6347.24
52428,512,512,512,4279.73
52428,512,512,512,4293.53
52428,512,512,512,4208.24
52428,512,512,512,4279.62
52428,512,512,512,4342.88
52428,512,512,512,4322.74
52428,512,512,512,4289.36
52428,512,512,512,4280.6
209715,2048,512,512,7172.5
209715,512,2048,512,6533.94
52428,512,512,512,4303.78
52428,512,512,512,4315.73
52428,512,512,512,4228.71
52428,512,512,512,4303
52428,512,512,512,4280.82
52428,512,512,512,4337.15
52428,512,512,512,4337.49
52428,512,512,512,4279.84
209715,2048,512,512,7162.09
209715,512,2048,512,6492.97
52428,512,512,512,4340.74
52428,512,512,512,4270.8
52428,512,512,512,4298.04
52428,512,512,512,4268.19
52428,512,512,512,4261.47
52428,512,512,512,4262.01
52428,512,512,512,4355.28
52428,512,512,512,4305.32
209715,2048,512,512,7149.35
209715,512,2048,512,6508.78
52428,512,512,512,4324.52
52428,512,512,512,4313.96
52428,512,512,512,4324.3
52428,512,512,512,4335.47
52428,512,512,512,4274.93
52428,512,512,512,4330.66
52428,512,512,512,4312.18
52428,512,512,512,4314.4
209715,2048,512,512,7140.07
209715,512,2048,512,6524.47
52428,512,512,512,4295.95
52428,512,512,512,4311.52
52428,512,512,512,4267.43
52428,512,512,512,4335.36
209716,2048,512,512,7167.41
209715,512,2048,512,6531.4
52428,512,512,512,4281.59
52428,512,512,512,4295.18
52428,512,512,512,4345.92
52428,512,512,512,4311.52
209715,2048,512,512,7169.75
209715,512,2048,512,6730.87
52428,512,512,512,4345.58
52428,512,512,512,4451.66
52428,512,512,512,4291.66
52428,512,512,512,4302.23
209715,2048,512,512,7178.1
209715,512,2048,512,6404.67
52428,512,512,512,4293.31
52428,512,512,512,4785.89
52428,512,512,512,4267.97
52428,512,512,512,4354.26
209715,2048,512,512,7116.75
209715,512,2048,512,6479.06
52428,512,512,512,4320.96
52428,512,512,512,4312.51
52428,512,512,512,4352.57
52428,512,512,512,4336.03
209715,2048,512,512,7185.71
209715,512,2048,512,6392.04
52428,512,512,512,4392.8
52429,512,512,512,4344.87
52428,512,512,512,4207.81
52428,512,512,512,4237.25
209715,2048,512,512,7167.75
209715,512,2048,512,6496.37
52428,512,512,512,4284.43
52428,512,512,512,4282.68
52428,512,512,512,4284.32
52428,512,512,512,4326.86
3408692,33288,512,512,15843.1
26214,512,512,512,2609.9
26214,512,512,512,2563.64
26214,512,512,512,2612.74
26214,512,512,512,2615.6
104857,2048,512,512,4934.01
104857,512,2048,512,4761.02
26214,512,512,512,2601.32
26214,512,512,512,2567.01
26214,512,512,512,2593.2
26214,512,512,512,2586.64
26214,512,512,512,1914.35
26214,512,512,512,2239.56
26214,512,512,512,2385.53
26214,512,512,512,2517.02
104857,2048,512,512,4867.73
104857,512,2048,512,4665.1
26214,512,512,512,2581.94
26214,512,512,512,2588.96
26214,512,512,512,2561.6
26214,512,512,512,2623.61
26214,512,512,512,2608.52
26214,512,512,512,2577.66
26214,512,512,512,2576.63
26214,512,512,512,2570.55
104857,2048,512,512,4948.27
104857,512,2048,512,4817.96
26214,512,512,512,2571.89
26214,512,512,512,2573.7
26214,512,512,512,2653.32
26214,512,512,512,2625.91
26214,512,512,512,2615.6
26214,512,512,512,2604.63
26214,512,512,512,2585.6
26214,512,512,512,2592.4
104857,2048,512,512,4957.63
104857,512,2048,512,4758.86
26214,512,512,512,2600.43
26214,512,512,512,2579.4
26214,512,512,512,2582.26
26214,512,512,512,2618.7
26214,512,512,512,2579.64
26214,512,512,512,2612.09
26214,512,512,512,2565.91
26214,512,512,512,2620.09
104857,2048,512,512,4915.22
104857,512,2048,512,4574.6
26214,512,512,512,2595.04
26214,512,512,512,2589.99
26214,512,512,512,2612.09
26214,512,512,512,2548.14
26214,512,512,512,2683.54
26214,512,512,512,2605.68
26214,512,512,512,2593.6
26214,512,512,512,2608.6
104857,2048,512,512,4945.79
104857,512,2048,512,4828.5
26214,512,512,512,2597.94
26214,512,512,512,2589.68
26214,512,512,512,2597.21
26214,512,512,512,2595.6
104857,2048,512,512,4953.02
104857,512,2048,512,4507.44
26214,512,512,512,2595.44
26214,512,512,512,2635.15
26214,512,512,512,2604.79
26214,512,512,512,2603.82
104857,2048,512,512,4915.87
104857,512,2048,512,4800.8
26214,512,512,512,2638.22
26214,512,512,512,2604.87
26214,512,512,512,2608.36
26214,512,512,512,2615.02
104857,2048,512,512,4952.21
104857,512,2048,512,4745.87
26214,512,512,512,2602.29
26214,512,512,512,2572.44
26214,512,512,512,2604.15
26214,512,512,512,2685.52
104857,2048,512,512,4939.38
104857,512,2048,512,4806.85
26214,512,512,512,2025.86
26214,512,512,512,2203.38
26214,512,512,512,2076
26214,512,512,512,2236.15
104857,2048,512,512,4787.51
104857,512,2048,512,4739.3
26214,512,512,512,2596.01
26214,512,512,512,2580.2
26214,512,512,512,2576
26214,512,512,512,2603.82
104857,2048,512,512,4931.69
104857,512,2048,512,4773.21
26214,512,512,512,2619.52
26214,512,512,512,2623.61
26214,512,512,512,2607.55
26214,512,512,512,2568.19
1704346,33288,512,512,12476.8
13107,512,512,512,1834.83
13107,512,512,512,1801.96
13107,512,512,512,1776.32
13107,512,512,512,1801.57
52428,2048,512,512,3884.1
52428,512,2048,512,3636.97
13107,512,512,512,1818.92
13107,512,512,512,1832.03
13107,512,512,512,1837.81
13107,512,512,512,1846.3
13107,512,512,512,1780.09
13107,512,512,512,1852.17
13107,512,512,512,1771.96
13107,512,512,512,1866.6
52428,2048,512,512,3882.57
52428,512,2048,512,3322.1
13107,512,512,512,1838.69
13107,512,512,512,1837
13107,512,512,512,1811.38
13107,512,512,512,1848.09
13107,512,512,512,1824.61
13107,512,512,512,1818.37
13107,512,512,512,1836.76
13107,512,512,512,1818.92
52428,2048,512,512,3932.72
52428,512,2048,512,3377
13107,512,512,512,1838.05
13107,512,512,512,1859.15
13107,512,512,512,1866.26
13107,512,512,512,1842.89
13107,512,512,512,1814.75
13107,512,512,512,1858.41
13107,512,512,512,1819.55
13107,512,512,512,1863.78
52428,2048,512,512,3841.15
52428,512,2048,512,3412.38
13107,512,512,512,1846.95
13107,512,512,512,1840.06
13107,512,512,512,1853.24
13107,512,512,512,1829.79
13107,512,512,512,1777
13107,512,512,512,1825.81
13107,512,512,512,1845.41
13107,512,512,512,1811.22
52428,2048,512,512,3935.02
52428,512,2048,512,3359.96
13107,512,512,512,1852.5
13107,512,512,512,1834.51
13107,512,512,512,1829.39
13107,512,512,512,1822.24
13107,512,512,512,1858.66
13107,512,512,512,1806.15
13107,512,512,512,1829.15
13107,512,512,512,1731.94
52428,2048,512,512,3933.45
52428,512,2048,512,3313.31
13107,512,512,512,1837
13107,512,512,512,1827.56
13107,512,512,512,1840.14
13107,512,512,512,1814.67
52428,2048,512,512,3900.53
52428,512,2048,512,3299.11
13107,512,512,512,1818.37
13107,512,512,512,1798.71
13107,512,512,512,1852.91
13107,512,512,512,1822.39
52428,2048,512,512,3923.79
52428,512,2048,512,3358.35
13107,512,512,512,1788.06
13107,512,512,512,1848.99
13107,512,512,512,1772.49
13107,512,512,512,1823.27
52428,2048,512,512,3906.89
52428,512,2048,512,3302.16
13107,512,512,512,1839.34
13107,512,512,512,1790.12
13107,512,512,512,1836.52
13107,512,512,512,1850.05
52428,2048,512,512,3921.32
52428,512,2048,512,3340.49
13107,512,512,512,1791.72
13107,512,512,512,1752.05
13107,512,512,512,1829.95
13107,512,512,512,1830.83
52428,2048,512,512,3907.98
52428,512,2048,512,3371.17
13107,512,512,512,1850.05
13107,512,512,512,1815.61
13107,512,512,512,1782.28
13107,512,512,512,1787.83
52428,2048,512,512,3896.91
52428,512,2048,512,3295.16
13107,512,512,512,1837.97
13107,512,512,512,1833.79
13107,512,512,512,1852.74
13107,512,512,512,1856.85
852173,33288,512,512,9651.7
5242,512,512,512,942.435
5242,512,512,512,959.634
5242,512,512,512,955.262
5242,512,512,512,919.65
20971,2048,512,512,2470.9
20971,512,2048,512,1971.07
5242,512,512,512,925.995
5242,512,512,512,920.356
5242,512,512,512,932.585
5242,512,512,512,942.594
5242,512,512,512,948.671
5242,512,512,512,952.334
5242,512,512,512,911.306
5242,512,512,512,946.851
20971,2048,512,512,2436.8
20971,512,2048,512,1934.65
5242,512,512,512,947.439
5242,512,512,512,938.009
5242,512,512,512,937.013
5242,512,512,512,949.961
5242,512,512,512,952.226
5242,512,512,512,969.338
5242,512,512,512,918.29
5242,512,512,512,923.04
20971,2048,512,512,2429.22
20971,512,2048,512,2050.51
5242,512,512,512,962.387
5242,512,512,512,942.065
5242,512,512,512,947.332
5242,512,512,512,942.594
5242,512,512,512,950.23
5242,512,512,512,949.047
5242,512,512,512,956.079
5242,512,512,512,947.171
20971,2048,512,512,2464.37
20971,512,2048,512,1957.79
5242,512,512,512,945.516
5242,512,512,512,968.499
5242,512,512,512,932.896
5242,512,512,512,934.924
5242,512,512,512,944.345
5242,512,512,512,932.378
5242,512,512,512,924.261
5242,512,512,512,937.642
20971,2048,512,512,2463.37
20971,512,2048,512,2319.72
5242,512,512,512,954.501
5242,512,512,512,930.258
5242,512,512,512,940.164
5242,512,512,512,960.513
5242,512,512,512,945.836
5242,512,512,512,903.356
5242,512,512,512,908.837
5242,512,512,512,947.867
20971,2048,512,512,2481.59
20971,512,2048,512,1978.75
5242,512,512,512,941.325
5242,512,512,512,966.267
5242,512,512,512,942.329
5242,512,512,512,944.079
20971,2048,512,512,2446.58
20971,512,2048,512,2292.85
5242,512,512,512,934.299
5242,512,512,512,962.608
5242,512,512,512,944.292
5242,512,512,512,942.012
20971,2048,512,512,2457.6
20971,512,2048,512,1968.07
5242,512,512,512,952.929
5242,512,512,512,948.028
5242,512,512,512,951.415
5242,512,512,512,933.571
20971,2048,512,512,2422.73
20971,512,2048,512,2306.33
5242,512,512,512,942.965
5242,512,512,512,943.92
5242,512,512,512,958.866
5242,512,512,512,957.279
20971,2048,512,512,2448.81
20971,512,2048,512,2343.7
5242,512,512,512,955.915
5242,512,512,512,940.164
5242,512,512,512,943.389
5242,512,512,512,946.37
20971,2048,512,512,2473.45
20971,512,2048,512,2010.64
5242,512,512,512,568.971
5242,512,512,512,722.879
5242,512,512,512,761.677
5242,512,512,512,823.042
20971,2048,512,512,2373.37
20971,512,2048,512,1986.95
5242,512,512,512,928.045
5242,512,512,512,937.432
5242,512,512,512,949.746
5242,512,512,512,944.186
340868,33288,512,512,6286.11
144656,512,512,512,7813.83
145219,512,512,512,8487.06
143086,512,512,512,7193.07
134140,512,512,512,7377.04
617373,2048,512,512,13906.9
511909,512,2048,512,11158.5
152784,512,512,512,8557.37
177501,512,512,512,10232.6
138819,512,512,512,7414.55
175788,512,512,512,9535.71
148318,512,512,512,8488.19
146820,512,512,512,8753.94
139898,512,512,512,7608.57
135158,512,512,512,7850.89
605239,2048,512,512,13874.2
498916,512,2048,512,10932.3
135302,512,512,512,7926.15
167130,512,512,512,9588.81
127129,512,512,512,7726.88
160282,512,512,512,9377.32
137228,512,512,512,7407.84
141001,512,512,512,9008.75
127709,512,512,512,7532.78
127997,512,512,512,8168.12
614701,2048,512,512,13927.7
495116,512,2048,512,10980.8
141404,512,512,512,7640.87
162547,512,512,512,9373.76
133241,512,512,512,7383.05
157924,512,512,512,9313.1
140148,512,512,512,8239.3
155781,512,512,512,9094.21
131610,512,512,512,7911.48
141524,512,512,512,8684.95
622718,2048,512,512,13916.7
500156,512,2048,512,10484.7
145809,512,512,512,7931.13
161899,512,512,512,9363.05
134961,512,512,512,7564.01
157923,512,512,512,9185.07
144846,512,512,512,8472.38
169827,512,512,512,10055.3
137419,512,512,512,8075.9
157723,512,512,512,9205.9
638805,2048,512,512,14039.3
520728,512,2048,512,11149.9
138115,512,512,512,8178.38
151839,512,512,512,8979.4
128572,512,512,512,7158.54
149774,512,512,512,8868.92
147527,512,512,512,8134.09
166724,512,512,512,9277.74
145068,512,512,512,8181.77
157919,512,512,512,9158.87
662743,2048,512,512,14043
529525,512,2048,512,10266.2
123866,512,512,512,7342.79
147677,512,512,512,9154.71
110753,512,512,512,6513.68
145625,512,512,512,8534.32
485342,2048,512,512,11009.7
372276,512,2048,512,7369.21
137762,512,512,512,8144.67
152588,512,512,512,8864.95
124825,512,512,512,7330.65
152847,512,512,512,8841.47
472169,2048,512,512,10814.5
364688,512,2048,512,8892.66
105892,512,512,512,6590.57
152424,512,512,512,8958.7
96613,512,512,512,6407.36
141359,512,512,512,8376.98
498329,2048,512,512,11944.5
374306,512,2048,512,9248.19
111037,512,512,512,7203.03
141993,512,512,512,8157.58
105115,512,512,512,6249.29
131116,512,512,512,7785.84
521358,2048,512,512,11770.4
382228,512,2048,512,9075.54
112897,512,512,512,6699.49
135583,512,512,512,8233.84
105657,512,512,512,6833.66
124591,512,512,512,7457.05
524195,2048,512,512,11906
379576,512,2048,512,9321.03
123414,512,512,512,7411
142424,512,512,512,8480.77
114404,512,512,512,7487.02
133618,512,512,512,8106.81
518126,2048,512,512,12307.3
360766,512,2048,512,8046.24
127963,512,512,512,7550.97
137811,512,512,512,8049.26
119801,512,512,512,7237.09
131226,512,512,512,7717.19
8449349,33288,512,512,18056.2
110054,512,512,512,5813.44
100849,512,512,512,5972.92
69340,512,512,512,3657.65
69926,512,512,512,3780.61
520881,2048,512,512,12335.9
420270,512,2048,512,8523.08
176573,512,512,512,9293.15
164906,512,512,512,9431.61
119346,512,512,512,6599.74
163179,512,512,512,8965.26
131179,512,512,512,7701.26
106332,512,512,512,6318.35
80702,512,512,512,5687.87
75910,512,512,512,5039.67
434108,2048,512,512,10817.5
364167,512,2048,512,6598.46
115824,512,512,512,6524.37
118372,512,512,512,6523.22
73184,512,512,512,4399.89
95756,512,512,512,6376.69
132447,512,512,512,7918.95
106685,512,512,512,6264.42
85843,512,512,512,5525.56
78662,512,512,512,5058.04
451905,2048,512,512,11060.3
377715,512,2048,512,6818.3
131164,512,512,512,7739.28
130939,512,512,512,7298.46
81929,512,512,512,4916.51
114764,512,512,512,7069.6
133557,512,512,512,7947.9
114906,512,512,512,7429.77
86931,512,512,512,5594.35
87415,512,512,512,6258.46
480220,2048,512,512,11929
389027,512,2048,512,7196.84
144587,512,512,512,7927.73
131025,512,512,512,7881.5
92656,512,512,512,5502.95
115987,512,512,512,7487.26
144703,512,512,512,8469.59
128707,512,512,512,8115.2
97146,512,512,512,6598.75
100981,512,512,512,7105.56
519534,2048,512,512,12705.4
435213,512,2048,512,8677.09
151362,512,512,512,8827.86
131393,512,512,512,7925.38
95590,512,512,512,5993.22
119793,512,512,512,7600.02
145197,512,512,512,8462.28
145080,512,512,512,8911.2
101998,512,512,512,6616.27
112628,512,512,512,7063.25
562881,2048,512,512,13228.7
463789,512,2048,512,7569.52
130724,512,512,512,8313.96
106538,512,512,512,6387.17
68242,512,512,512,5248.38
94758,512,512,512,6235.23
464225,2048,512,512,10537.3
348379,512,2048,512,6392.61
157973,512,512,512,8772.31
128921,512,512,512,8175.56
96673,512,512,512,5938.26
122165,512,512,512,7197.15
225571,2048,512,512,7916.51
205326,512,2048,512,4496.69
65235,512,512,512,4837.04
83880,512,512,512,6050.31
37002,512,512,512,3236.39
58084,512,512,512,3322.88
281342,2048,512,512,8526.97
253598,512,2048,512,5237.94
84469,512,512,512,5603.02
98998,512,512,512,6584.91
45258,512,512,512,3121.71
74105,512,512,512,3824.65
291371,2048,512,512,8481.95
256402,512,2048,512,5202.77
109587,512,512,512,7104.79
99608,512,512,512,7061.43
60842,512,512,512,4416.24
76770,512,512,512,4937.27
301623,2048,512,512,8953.89
236448,512,2048,512,4792.49
116101,512,512,512,6760.13
93737,512,512,512,6284.75
69341,512,512,512,5053.21
72872,512,512,512,4696.5
266304,2048,512,512,8497.51
179846,512,2048,512,3817.98
118976,512,512,512,7235.19
87654,512,512,512,6184.39
69802,512,512,512,5099.34
68146,512,512,512,5003.95
8099792,33288,512,512,18058.6
69048,512,512,512,3440.2
70699,512,512,512,4553.51
55824,512,512,512,3189.03
51977,512,512,512,3390.26
440834,2048,512,512,11196
349724,512,2048,512,7843.59
142988,512,512,512,8248.36
140146,512,512,512,8473.15
102718,512,512,512,6724.86
144324,512,512,512,8657.87
90907,512,512,512,5907.01
79001,512,512,512,5953.22
71333,512,512,512,4776.23
59864,512,512,512,3907.09
350127,2048,512,512,9298.9
278118,512,2048,512,6570.33
77453,512,512,512,4919.21
97490,512,512,512,5806
58782,512,512,512,3512.58
79224,512,512,512,5734.12
72798,512,512,512,5116.37
80140,512,512,512,5792.17
60387,512,512,512,4494.76
59524,512,512,512,4405.92
377531,2048,512,512,9660.54
301616,512,2048,512,6938.38
85602,512,512,512,5122.13
106244,512,512,512,7029.48
64319,512,512,512,4130.54
92139,512,512,512,6196.04
80374,512,512,512,5828.3
91729,512,512,512,6525.27
68532,512,512,512,4950.62
70060,512,512,512,5124.04
413100,2048,512,512,10991.5
326865,512,2048,512,7694.95
100219,512,512,512,6264.18
112406,512,512,512,7155.2
76218,512,512,512,4925.73
99957,512,512,512,7070.97
89251,512,512,512,5736.85
113306,512,512,512,7275.16
75834,512,512,512,5317.95
88878,512,512,512,6330.49
454699,2048,512,512,11750.7
370593,512,2048,512,7730
99341,512,512,512,5952.57
113026,512,512,512,6586.35
75788,512,512,512,4943.77
103039,512,512,512,6829.71
95971,512,512,512,6193.67
126777,512,512,512,7973.71
84980,512,512,512,6034.17
99415,512,512,512,7067.32
483495,2048,512,512,12035
392291,512,2048,512,6942.4
78700,512,512,512,5081.31
89338,512,512,512,5457.42
60344,512,512,512,4857.28
81600,512,512,512,5779.68
377485,2048,512,512,9506.26
263284,512,2048,512,5405.38
125652,512,512,512,7175.5
98723,512,512,512,6758.67
91651,512,512,512,5705.45
101724,512,512,512,6746.6
139876,2048,512,512,6340.97
104165,512,2048,512,3428.45
40729,512,512,512,3273.3
59136,512,512,512,4920.96
32292,512,512,512,2828.99
38547,512,512,512,2980.63
194581,2048,512,512,7083.48
150283,512,2048,512,4519.28
42786,512,512,512,3489.8
66156,512,512,512,5220.83
33491,512,512,512,2853.26
47033,512,512,512,3532.83
247017,2048,512,512,7853.42
179358,512,2048,512,4526.88
55210,512,512,512,4053.79
68722,512,512,512,5462.8
40973,512,512,512,3435.26
52095,512,512,512,3863.81
248270,2048,512,512,7867.93
172574,512,2048,512,4083.41
71451,512,512,512,4847.11
73260,512,512,512,5265.3
54975,512,512,512,4537.65
59423,512,512,512,4115.61
222621,2048,512,512,7495.11
136351,512,2048,512,3312.86
74612,512,512,512,5209.88
68003,512,512,512,4962.03
58713,512,512,512,4419.5
55485,512,512,512,4585.42
5628498,33288,512,512,17287.7
55839,512,512,512,3041.96
47152,512,512,512,3639.94
40749,512,512,512,2646.25
31688,512,512,512,2619.73
246942,2048,512,512,7627.77
187181,512,2048,512,4316.65
108105,512,512,512,6469.11
107497,512,512,512,6962.24
65349,512,512,512,4076.51
112066,512,512,512,7295.07
53552,512,512,512,3619.68
46022,512,512,512,3459.57
38979,512,512,512,2992.49
28332,512,512,512,2316.72
181465,2048,512,512,6708.12
138731,512,2048,512,3977.7
44787,512,512,512,2795.31
56702,512,512,512,4141.29
30654,512,512,512,2183.09
40235,512,512,512,3493.76
49209,512,512,512,3672.32
55295,512,512,512,4146.61
37240,512,512,512,3520.16
33400,512,512,512,2852.8
209478,2048,512,512,7052.02
170877,512,2048,512,4804.76
59402,512,512,512,4343.54
78627,512,512,512,5061.28
40400,512,512,512,3423.19
58892,512,512,512,4340.97
51857,512,512,512,3822.15
60576,512,512,512,4776.58
42887,512,512,512,3623.75
40323,512,512,512,3348.83
249613,2048,512,512,7730.65
196462,512,2048,512,5122.32
65126,512,512,512,3876.91
73887,512,512,512,4870.3
44367,512,512,512,3014.25
60688,512,512,512,4857.96
60021,512,512,512,4111.64
83964,512,512,512,5945.01
47934,512,512,512,3872.09
56646,512,512,512,4615.22
302452,2048,512,512,8621.39
246814,512,2048,512,5491.96
65341,512,512,512,4271.26
81599,512,512,512,5759.09
45839,512,512,512,3467.4
66444,512,512,512,4829.77
63673,512,512,512,4241.42
94580,512,512,512,6564.07
54191,512,512,512,4052.04
65642,512,512,512,5163.84
343356,2048,512,512,9116.5
257197,512,2048,512,4496.47
41783,512,512,512,3154.92
52641,512,512,512,3821.06
29547,512,512,512,2930.25
42360,512,512,512,3543.85
216719,2048,512,512,7075.6
149618,512,2048,512,4712.98
81604,512,512,512,5247.11
64242,512,512,512,4944.31
43030,512,512,512,2385.96
61783,512,512,512,4123.16
48481,2048,512,512,3494.91
38360,512,2048,512,2385.57
18164,512,512,512,1490.95
29508,512,512,512,3054.16
13422,512,512,512,1541.1
18682,512,512,512,1780.93
101911,2048,512,512,5527.28
82333,512,2048,512,3646.99
19741,512,512,512,1609.13
38241,512,512,512,3458.96
15129,512,512,512,1713.67
25640,512,512,512,2158.36
114133,2048,512,512,5576.98
85304,512,2048,512,3036.85
36347,512,512,512,3012.76
44755,512,512,512,3736.59
25265,512,512,512,2616.61
30012,512,512,512,2669.51
115983,2048,512,512,5955.48
83975,512,2048,512,2923.16
48912,512,512,512,4063.2
44247,512,512,512,3777.06
33185,512,512,512,2948.38
27808,512,512,512,2513.93
83494,2048,512,512,4485
48292,512,2048,512,2201.53
42541,512,512,512,3254.86
43863,512,512,512,3293.72
30263,512,512,512,2684.53
31688,512,512,512,2837.12
4570384,33288,512,512,16982.3
34247,512,512,512,1998.18
19404,512,512,512,2349.86
16396,512,512,512,1131.64
11969,512,512,512,1091.44
104673,2048,512,512,5394.03
81975,512,2048,512,2555.38
97078,512,512,512,5822.53
69893,512,512,512,5038.02
25760,512,512,512,1668.56
69617,512,512,512,4684.47
48869,512,512,512,3365.34
21820,512,512,512,2232.22
15338,512,512,512,1475.43
10662,512,512,512,1046.64
41663,2048,512,512,3445.27
36012,512,2048,512,2360.86
42364,512,512,512,2657.14
32657,512,512,512,2551.27
13187,512,512,512,1267.1
17178,512,512,512,1912.98
50871,512,512,512,3860.08
27364,512,512,512,2619.74
15168,512,512,512,1709.55
13381,512,512,512,1518.46
52212,2048,512,512,3985.37
48390,512,2048,512,2613.47
55223,512,512,512,3585.04
42626,512,512,512,3085.07
15872,512,512,512,1504.14
24727,512,512,512,2190.11
54011,512,512,512,3653.48
38147,512,512,512,3325.26
17464,512,512,512,1873.06
16461,512,512,512,1776.57
72869,2048,512,512,4492.19
71587,512,2048,512,3111.85
66349,512,512,512,3823.6
49036,512,512,512,3411.87
18628,512,512,512,1800.89
30148,512,512,512,2957.32
63533,512,512,512,4275.71
47347,512,512,512,3943.02
19514,512,512,512,1831.23
23243,512,512,512,2449.93
100398,2048,512,512,5360.27
85572,512,2048,512,3078.37
58607,512,512,512,4307.56
37223,512,512,512,3159.6
14595,512,512,512,1508.77
23119,512,512,512,2439.76
70285,512,512,512,4519.75
56422,512,512,512,4580.29
21842,512,512,512,2295.68
27155,512,512,512,2827.08
130289,2048,512,512,5790.94
90678,512,2048,512,2441.02
48564,512,512,512,3648
26377,512,512,512,2706.46
9201,512,512,512,1111.57
16237,512,512,512,1846.88
58872,2048,512,512,3602.94
55804,512,2048,512,2702.33
69433,512,512,512,4698.66
57004,512,512,512,4366.97
12532,512,512,512,1310.24
53312,512,512,512,4237.31
19051,2048,512,512,1817.19
20119,512,2048,512,1891.22
10834,512,512,512,931.932
21594,512,512,512,2388.05
3649,512,512,512,448.624
14972,512,512,512,1466.4
19537,2048,512,512,1857.46
20744,512,2048,512,2130.32
32975,512,512,512,2758.33
19159,512,512,512,2234.45
8520,512,512,512,1214.22
9463,512,512,512,959.705
21054,2048,512,512,2125.59
21606,512,2048,512,2098.05
19284,512,512,512,1894.83
16852,512,512,512,1974.67
5429,512,512,512,656.171
8863,512,512,512,1042.74
20900,2048,512,512,2025.38
18007,512,2048,512,1688.72
29744,512,512,512,2542.63
15941,512,512,512,1827.83
7369,512,512,512,864.874
9554,512,512,512,995.661
16100,2048,512,512,1559.23
9871,512,2048,512,1149.75
32053,512,512,512,2757.77
18132,512,512,512,2066.91
7471,512,512,512,907.019
12811,512,512,512,1516.37
2802367,33288,512,512,15589.9
17538,512,512,512,1334.83
9689,512,512,512,1291.01
9630,512,512,512,821.213
5732,512,512,512,592.761
49727,2048,512,512,3652.37
41575,512,2048,512,2103.3
60339,512,512,512,4148.97
33846,512,512,512,3012.05
10762,512,512,512,772.768
34845,512,512,512,2842.97
27165,512,512,512,2264.22
12022,512,512,512,1696.83
7018,512,512,512,829.581
4981,512,512,512,613.022
18329,2048,512,512,1915.32
18724,512,2048,512,1773.05
20384,512,512,512,1523.11
20795,512,512,512,1934.47
5704,512,512,512,590.82
9461,512,512,512,1103.89
21954,512,512,512,1990.22
12498,512,512,512,1414.4
5460,512,512,512,818.898
4860,512,512,512,760.155
19355,2048,512,512,2022.4
20125,512,2048,512,1828.56
29397,512,512,512,2610.75
26491,512,512,512,2355.93
6978,512,512,512,847.166
12252,512,512,512,1372.82
23425,512,512,512,2135.55
20550,512,512,512,2217.35
6200,512,512,512,969.461
7340,512,512,512,1077.73
25190,2048,512,512,2415.94
29575,512,2048,512,2403.31
33448,512,512,512,2536.22
35320,512,512,512,3051.4
8490,512,512,512,855.415
16466,512,512,512,1820.58
25495,512,512,512,2275.96
36244,512,512,512,3053.09
7017,512,512,512,1064.75
11888,512,512,512,1637.54
33082,2048,512,512,3018.6
44738,512,2048,512,2989.01
25079,512,512,512,2205.11
31458,512,512,512,2800.62
6391,512,512,512,794.468
14370,512,512,512,1636.79
44130,512,512,512,3312.52
37424,512,512,512,3540.58
10100,512,512,512,1165.94
15476,512,512,512,2056.1
42127,2048,512,512,3253.84
29857,512,2048,512,1477.86
18768,512,512,512,1718.83
14559,512,512,512,1576.45
3701,512,512,512,592.664
9011,512,512,512,1018.16
26707,2048,512,512,2271.12
26895,512,2048,512,1993.79
46041,512,512,512,3403.67
39819,512,512,512,3117.03
5371,512,512,512,552.323
35052,512,512,512,2838.87
3789,2048,512,512,439.591
3298,512,2048,512,556.977
10357,512,512,512,774.482
5954,512,512,512,1013.02
2109,512,512,512,342.596
2920,512,512,512,355.029
3678,2048,512,512,422.652
3035,512,2048,512,545.067
3920,512,512,512,418.454
6539,512,512,512,1026.18
1294,512,512,512,177.869
3906,512,512,512,483.023
6591,2048,512,512,749.323
6228,512,2048,512,762.68
10973,512,512,512,1156.61
10235,512,512,512,1491.92
2888,512,512,512,385.774
6614,512,512,512,822.445
5856,2048,512,512,681.277
5056,512,2048,512,788.499
21060,512,512,512,2185.35
9576,512,512,512,1156.09
4067,512,512,512,663.493
4228,512,512,512,591.691
4933,2048,512,512,562.205
2797,512,2048,512,436.073
16062,512,512,512,1564.83
8583,512,512,512,1038.55
3442,512,512,512,568.486
6578,512,512,512,804.341
1362291,33288,512,512,12583.2
0,512,512,512,0
929,512,512,512,203.227
0,512,512,512,0
246,512,512,512,41.4796
14047,2048,512,512,1537.34
20596,512,2048,512,1847.95
22905,512,512,512,1909.3
27236,512,512,512,2657.66
5473,512,512,512,358.496
25435,512,512,512,2140.71
0,512,512,512,0
77,512,512,512,14.6484
0,512,512,512,0
19,512,512,512,4.39148
1932,2048,512,512,221.774
1833,512,2048,512,349.976
8299,512,512,512,1010.42
20258,512,512,512,1882.55
4656,512,512,512,557.772
6968,512,512,512,1037.19
39,512,512,512,7.52986
6,512,512,512,1.43038
8,512,512,512,1.85884
20,512,512,512,4.54287
1005,2048,512,512,118.318
960,512,2048,512,214.211
15889,512,512,512,1561.38
26465,512,512,512,2406.52
4629,512,512,512,670.627
9380,512,512,512,1126.64
2992,512,512,512,313.452
1844,512,512,512,379.961
640,512,512,512,112.49
401,512,512,512,74.9139
1423,2048,512,512,170.152
1698,512,2048,512,358.44
13471,512,512,512,1387.47
25799,512,512,512,2403.47
5084,512,512,512,763.579
10880,512,512,512,1090.08
10658,512,512,512,911.476
7785,512,512,512,1204.64
5360,512,512,512,555.674
2762,512,512,512,423.518
1185,2048,512,512,141.077
1198,512,2048,512,257.565
4459,512,512,512,449.623
4413,512,512,512,742.188
1897,512,512,512,235.973
1883,512,512,512,309.434
30410,512,512,512,2719.2
23696,512,512,512,2514.58
14210,512,512,512,1674.6
7168,512,512,512,1026.98
1373,2048,512,512,162.509
1671,512,2048,512,359.863
5531,512,512,512,494.267
2353,512,512,512,450.658
2904,512,512,512,374.634
743,512,512,512,141.904
0,2048,512,512,0
0,512,2048,512,0
9554,512,512,512,1035.1
19357,512,512,512,1950.82
5442,512,512,512,652.322
13274,512,512,512,1147.06
0,2048,512,512,0
0,512,2048,512,0
1670,512,512,512,217.209
1644,512,512,512,188.546
1203,512,512,512,120.897
301,512,512,512,47.0175
159,2048,512,512,18.312
274,512,2048,512,60.6488
87,512,512,512,16.9137
193,512,512,512,42.8056
15,512,512,512,3.40812
19,512,512,512,4.33759
0,2048,512,512,0
0,512,2048,512,0
0,512,512,512,0
0,512,512,512,0
0,512,512,512,0
0,512,512,512,0
0,2048,512,512,0
0,512,2048,512,0
0,512,512,512,0
0,512,512,512,0
0,512,512,512,0
0,512,512,512,0
0,2048,512,512,0
0,512,2048,512,0
0,512,512,512,0
0,512,512,512,0
0,512,512,512,0
0,512,512,512,0
850094,33288,512,512,10722.8
