128761,64,512,512,606.35
132877,64,512,512,660.431
142349,64,512,512,707.099
122501,64,512,512,609.758
657561,256,512,512,2004.26
587093,64,2048,512,751.985
158760,64,512,512,788.44
161312,64,512,512,802.055
154701,64,512,512,766.852
163812,64,512,512,814.95
138452,64,512,512,687.131
140197,64,512,512,695.327
139415,64,512,512,692.521
130440,64,512,512,648.369
615379,256,512,512,1874.53
552458,64,2048,512,709.18
122396,64,512,512,608.494
163814,64,512,512,1031.31
119017,64,512,512,748.729
156550,64,512,512,985.932
130692,64,512,512,818.076
144385,64,512,512,902.388
131820,64,512,512,825.116
133155,64,512,512,835.528
629035,256,512,512,2424.53
550086,64,2048,512,888.981
129969,64,512,512,817.264
164324,64,512,512,1035.34
131426,64,512,512,826.502
157607,64,512,512,986.143
132401,64,512,512,827.952
158040,64,512,512,989.536
136023,64,512,512,851.088
146596,64,512,512,921.937
640824,256,512,512,2469.51
560424,64,2048,512,905.55
133334,64,512,512,833.1
165516,64,512,512,1036.97
134172,64,512,512,821.556
161231,64,512,512,912.876
128782,64,512,512,728.164
171580,64,512,512,972.503
135490,64,512,512,762.736
157572,64,512,512,886.514
655737,256,512,512,2154.51
588044,64,2048,512,762.523
125661,64,512,512,632.938
154825,64,512,512,975.698
127452,64,512,512,802.265
153730,64,512,512,963.073
129316,64,512,512,809.129
176891,64,512,512,1108.17
141501,64,512,512,884.357
161782,64,512,512,1009.92
673253,256,512,512,2585.4
611291,64,2048,512,986.879
102691,64,512,512,647.464
136832,64,512,512,855.97
105460,64,512,512,664.739
134494,64,512,512,844.624
546132,256,512,512,2097.58
478771,64,2048,512,783.959
126309,64,512,512,791.751
127433,64,512,512,796.895
124950,64,512,512,788.235
136926,64,512,512,857.855
512834,256,512,512,1986.91
430911,64,2048,512,571.9
89535,64,512,512,454.656
142150,64,512,512,714.906
83912,64,512,512,425.908
126151,64,512,512,619.394
526135,256,512,512,1564.82
434134,64,2048,512,533.753
100634,64,512,512,468.014
132334,64,512,512,612.888
96583,64,512,512,481.259
120956,64,512,512,601.049
527460,256,512,512,1611.8
428269,64,2048,512,556.923
103808,64,512,512,517.732
127274,64,512,512,714.134
102659,64,512,512,648.923
119034,64,512,512,745.167
529427,256,512,512,2037.36
424951,64,2048,512,700.34
117377,64,512,512,736.031
122898,64,512,512,770.593
114955,64,512,512,720.653
118573,64,512,512,749.348
504860,256,512,512,1944.94
400093,64,2048,512,667.295
115234,64,512,512,722.576
120376,64,512,512,753.216
114692,64,512,512,717.396
119087,64,512,512,750.314
7941902,4161,512,512,1663.02
82388,64,512,512,512.341
95040,64,512,512,598.119
95047,64,512,512,593.66
81972,64,512,512,518.343
559163,256,512,512,2153.98
479025,64,2048,512,778.585
123005,64,512,512,775.262
134139,64,512,512,843.555
117970,64,512,512,745.099
136606,64,512,512,855.625
108827,64,512,512,682.79
113602,64,512,512,714.707
110167,64,512,512,690.518
103331,64,512,512,652.738
500782,256,512,512,1930.18
433174,64,2048,512,711.973
83660,64,512,512,531.855
139159,64,512,512,870.058
79680,64,512,512,504.591
128804,64,512,512,807.297
93269,64,512,512,595.269
116477,64,512,512,733.478
96336,64,512,512,610.252
100708,64,512,512,633.282
513866,256,512,512,1979.52
431100,64,2048,512,705.093
94610,64,512,512,598.711
138919,64,512,512,867.246
97046,64,512,512,617.386
129913,64,512,512,800.51
91737,64,512,512,499.242
128003,64,512,512,686.738
97528,64,512,512,528.987
111611,64,512,512,594.068
530735,256,512,512,1727.31
446252,64,2048,512,580.576
96734,64,512,512,478.358
139126,64,512,512,680.851
97673,64,512,512,523.389
132027,64,512,512,698.835
99926,64,512,512,529.898
146522,64,512,512,776.78
105672,64,512,512,563.535
131348,64,512,512,696.378
560299,256,512,512,1822.38
483219,64,2048,512,664.971
99871,64,512,512,532.98
139835,64,512,512,878.926
100632,64,512,512,633.522
135476,64,512,512,848.543
100073,64,512,512,629.417
158983,64,512,512,995.794
110849,64,512,512,700.006
140232,64,512,512,881.122
584554,256,512,512,2244.62
515851,64,2048,512,836.19
72786,64,512,512,470.467
111169,64,512,512,697.051
75465,64,512,512,496.79
108697,64,512,512,686.01
418763,256,512,512,1625.15
331624,64,2048,512,566.609
104724,64,512,512,658.405
104369,64,512,512,656.436
100685,64,512,512,637.343
114837,64,512,512,720.79
384080,256,512,512,1520.08
294467,64,2048,512,399.458
52376,64,512,512,283.361
108226,64,512,512,543.02
49216,64,512,512,271.926
88225,64,512,512,422.575
390912,256,512,512,1168.51
292071,64,2048,512,375.497
68275,64,512,512,319.195
97898,64,512,512,454.936
65237,64,512,512,304.604
82951,64,512,512,382.873
395711,256,512,512,1119.86
291221,64,2048,512,346.548
71474,64,512,512,310.3
99155,64,512,512,428.329
69597,64,512,512,410.601
91595,64,512,512,525.853
386282,256,512,512,1378.3
286061,64,2048,512,457.457
74946,64,512,512,438.168
93347,64,512,512,551.593
73526,64,512,512,472.793
87577,64,512,512,559.203
372892,256,512,512,1462.31
268393,64,2048,512,466.455
83966,64,512,512,538.62
91238,64,512,512,583.998
82765,64,512,512,531.434
85516,64,512,512,545.065
6970877,4161,512,512,1803.17
48820,64,512,512,309.843
61079,64,512,512,403.048
59699,64,512,512,383.359
49720,64,512,512,324.614
457008,256,512,512,1771.42
380232,64,2048,512,628.561
100329,64,512,512,635.482
112503,64,512,512,704.423
94479,64,512,512,597.131
114846,64,512,512,720.314
82527,64,512,512,521.489
86541,64,512,512,562.523
84021,64,512,512,534.294
74658,64,512,512,473.599
371268,256,512,512,1460.08
296938,64,2048,512,506.254
59207,64,512,512,391.951
110975,64,512,512,697.916
55989,64,512,512,373.853
99131,64,512,512,628.664
59373,64,512,512,396.523
88269,64,512,512,568.481
64712,64,512,512,426.197
69763,64,512,512,453.07
383955,256,512,512,1509.91
302682,64,2048,512,520.531
75307,64,512,512,489.905
120987,64,512,512,758.129
74395,64,512,512,484.267
110489,64,512,512,693.116
69106,64,512,512,425.025
107546,64,512,512,635.829
74384,64,512,512,447.507
86780,64,512,512,516.711
406737,256,512,512,1456.31
316678,64,2048,512,469.588
75207,64,512,512,416.705
115311,64,512,512,622.069
77122,64,512,512,424.702
106452,64,512,512,568.502
75019,64,512,512,409.819
125521,64,512,512,658.887
83525,64,512,512,449.924
105434,64,512,512,557.891
445126,256,512,512,1416.32
360576,64,2048,512,468.501
66207,64,512,512,335.325
107436,64,512,512,515.157
69103,64,512,512,455.2
100659,64,512,512,632.554
80509,64,512,512,514.687
140067,64,512,512,865.512
94610,64,512,512,593.303
117697,64,512,512,731.032
469702,256,512,512,1793.41
393501,64,2048,512,641.724
53044,64,512,512,358.925
91720,64,512,512,577.739
54347,64,512,512,367.738
87767,64,512,512,550.492
319674,256,512,512,1263.85
246891,64,2048,512,458.116
64552,64,512,512,414.882
73664,64,512,512,473.407
61364,64,512,512,410.204
83434,64,512,512,536.103
237924,256,512,512,1036.33
152630,64,2048,512,338.271
32419,64,512,512,258.083
75766,64,512,512,519.07
30510,64,512,512,249.512
57281,64,512,512,364.781
239685,256,512,512,1042.76
155797,64,2048,512,343.19
43886,64,512,512,299.117
73089,64,512,512,509.345
39292,64,512,512,270.325
62094,64,512,512,399.159
241817,256,512,512,1015.53
154531,64,2048,512,340.605
49628,64,512,512,334.373
57036,64,512,512,410.237
48540,64,512,512,331.492
49310,64,512,512,332.867
219154,256,512,512,941.382
147362,64,2048,512,318.643
33528,64,512,512,232.65
53373,64,512,512,381.833
34631,64,512,512,245.425
44365,64,512,512,280.157
195846,256,512,512,780.243
120625,64,2048,512,237.89
54241,64,512,512,321.119
71756,64,512,512,407.404
51254,64,512,512,332.576
64594,64,512,512,393.403
5924545,4161,512,512,1566.34
45935,64,512,512,283.55
46296,64,512,512,337.71
52919,64,512,512,331.129
38370,64,512,512,245.761
331367,256,512,512,1320.34
265406,64,2048,512,465.272
65174,64,512,512,416.747
85635,64,512,512,547.312
59884,64,512,512,389.563
89665,64,512,512,565.679
45262,64,512,512,296.057
57303,64,512,512,414.313
48014,64,512,512,310.323
44781,64,512,512,292.445
250381,256,512,512,1051.19
189258,64,2048,512,369.038
40322,64,512,512,292.838
85967,64,512,512,547.37
36932,64,512,512,268.503
74639,64,512,512,480.708
44052,64,512,512,306.49
61540,64,512,512,425.84
47508,64,512,512,334.083
46746,64,512,512,339.409
265383,256,512,512,1101.91
195030,64,2048,512,312.638
42118,64,512,512,243.004
91334,64,512,512,463.838
42774,64,512,512,239.302
79227,64,512,512,403.688
38467,64,512,512,227.069
71031,64,512,512,364.183
44005,64,512,512,249.539
53746,64,512,512,285.053
283233,256,512,512,891.725
202509,64,2048,512,294.014
46461,64,512,512,243.355
78908,64,512,512,383.132
48194,64,512,512,255.621
72580,64,512,512,342.713
43854,64,512,512,238.363
96524,64,512,512,447.101
51673,64,512,512,256.349
76538,64,512,512,362.469
320489,256,512,512,902.288
247453,64,2048,512,298.199
40847,64,512,512,197.966
81975,64,512,512,353.466
42541,64,512,512,301.578
75412,64,512,512,488.559
49860,64,512,512,361.558
110313,64,512,512,688.211
61547,64,512,512,412.281
88378,64,512,512,564.255
345592,256,512,512,1353.99
274829,64,2048,512,463.601
25374,64,512,512,191.382
60536,64,512,512,408.924
25890,64,512,512,206.898
57422,64,512,512,379.957
209395,256,512,512,910.861
151186,64,2048,512,331.488
32695,64,512,512,233.329
42140,64,512,512,316.799
30524,64,512,512,223.396
49135,64,512,512,330.522
126254,256,512,512,667.829
76575,64,2048,512,249.469
17164,64,512,512,179.421
52044,64,512,512,401.608
14299,64,512,512,160.232
37690,64,512,512,259.377
146819,256,512,512,748.521
84761,64,2048,512,257.987
23183,64,512,512,213.176
49133,64,512,512,397.058
21266,64,512,512,202.079
36818,64,512,512,252.545
144374,256,512,512,710.432
87498,64,2048,512,258.423
20567,64,512,512,178.656
39685,64,512,512,265.615
19186,64,512,512,142.844
32050,64,512,512,170.239
133310,256,512,512,500.743
81004,64,2048,512,178.544
25603,64,512,512,153.77
40168,64,512,512,249.961
23381,64,512,512,147.207
32959,64,512,512,171.921
117647,256,512,512,444.219
69633,64,2048,512,143.88
23953,64,512,512,140.327
31670,64,512,512,193.249
22904,64,512,512,148.232
28133,64,512,512,169.821
4045117,4161,512,512,1116.84
34335,64,512,512,222.501
29747,64,512,512,257.239
42332,64,512,512,273.731
23730,64,512,512,181.443
165318,256,512,512,785.115
114116,64,2048,512,287.312
34464,64,512,512,242.504
60724,64,512,512,405.884
30956,64,512,512,221.867
62144,64,512,512,399.679
27947,64,512,512,192.044
32084,64,512,512,288.668
31500,64,512,512,211.17
26063,64,512,512,188.297
144805,256,512,512,706.848
93516,64,2048,512,287.995
19984,64,512,512,210.211
51570,64,512,512,362.969
18956,64,512,512,195.031
45617,64,512,512,321.795
17384,64,512,512,203.663
30722,64,512,512,281.079
20613,64,512,512,197.779
23618,64,512,512,241.523
150601,256,512,512,746.212
91018,64,2048,512,272.943
22986,64,512,512,224.577
50560,64,512,512,361.525
23332,64,512,512,226.709
48332,64,512,512,286.705
18710,64,512,512,144.44
48771,64,512,512,296.995
22976,64,512,512,160.728
37207,64,512,512,250.974
158689,256,512,512,619.992
91220,64,2048,512,208.213
25803,64,512,512,161.001
51980,64,512,512,292.156
27000,64,512,512,170.627
50793,64,512,512,266.239
22110,64,512,512,183.242
70194,64,512,512,353.136
27829,64,512,512,194.249
55987,64,512,512,313.321
166966,256,512,512,585.595
100492,64,2048,512,199.275
16560,64,512,512,133.949
39864,64,512,512,229.229
17972,64,512,512,138.775
38720,64,512,512,208.943
24537,64,512,512,155.87
65081,64,512,512,312.156
35051,64,512,512,192.397
54980,64,512,512,288.014
189128,256,512,512,614.642
109440,64,2048,512,172.629
6244,64,512,512,92.6599
26927,64,512,512,174.469
7420,64,512,512,89.9666
26093,64,512,512,151.372
53227,256,512,512,282.997
34630,64,2048,512,138.21
13396,64,512,512,104.464
27558,64,512,512,145.973
12282,64,512,512,91.1796
32402,64,512,512,166.365
59715,256,512,512,290.55
31978,64,2048,512,145.105
8006,64,512,512,81.7523
25723,64,512,512,154.458
7531,64,512,512,78.508
18901,64,512,512,103.226
73174,256,512,512,281.536
37471,64,2048,512,134.485
7276,64,512,512,56.4018
25171,64,512,512,147.008
6459,64,512,512,50.4144
19734,64,512,512,98.0468
77994,256,512,512,298.8
38793,64,2048,512,125.54
11015,64,512,512,91.3825
24419,64,512,512,125.284
10472,64,512,512,83.6511
20582,64,512,512,111.573
70998,256,512,512,279.917
35760,64,2048,512,120.803
8285,64,512,512,90.9499
20839,64,512,512,101.82
7826,64,512,512,94.5226
17985,64,512,512,91.6076
61917,256,512,512,242.768
28848,64,2048,512,85.8428
11904,64,512,512,79.123
21574,64,512,512,119.735
11724,64,512,512,75.6895
20289,64,512,512,93.1853
1938914,4161,512,512,563.249
13591,64,512,512,93.747
11834,64,512,512,166.59
18364,64,512,512,122.059
8842,64,512,512,70.3824
107573,256,512,512,631.573
80849,64,2048,512,237.544
16771,64,512,512,156.737
28842,64,512,512,251.387
13807,64,512,512,135.047
31600,64,512,512,217.577
13156,64,512,512,110.263
15612,64,512,512,217.394
15414,64,512,512,118.749
10938,64,512,512,102.306
48981,256,512,512,413.772
34082,64,2048,512,204.797
7091,64,512,512,139.743
27698,64,512,512,253.524
6302,64,512,512,118.34
21599,64,512,512,194.411
6119,64,512,512,129.785
11183,64,512,512,191.52
7324,64,512,512,118.877
7750,64,512,512,134.09
55048,256,512,512,449.242
35955,64,2048,512,205.937
8454,64,512,512,147.362
27387,64,512,512,261.731
8560,64,512,512,141.216
22070,64,512,512,219.177
7508,64,512,512,143.346
18737,64,512,512,228.588
9838,64,512,512,157.135
12906,64,512,512,181.12
63204,256,512,512,460.715
40951,64,2048,512,199.934
10143,64,512,512,160.546
31538,64,512,512,245.322
10640,64,512,512,103.137
26736,64,512,512,178.723
10085,64,512,512,118.698
31635,64,512,512,199.447
12905,64,512,512,124.583
23675,64,512,512,163.161
75648,256,512,512,345.879
51508,64,2048,512,116.507
8793,64,512,512,70.0272
23635,64,512,512,150.781
8673,64,512,512,78.4825
20949,64,512,512,116.753
11498,64,512,512,101.361
50919,64,512,512,246.653
15955,64,512,512,117.43
35619,64,512,512,190.429
90763,256,512,512,374.831
66881,64,2048,512,102.696
2012,64,512,512,47.3088
9731,64,512,512,72.9643
2143,64,512,512,42.908
8160,64,512,512,75.739
53936,256,512,512,256.855
37885,64,2048,512,116.329
4860,64,512,512,38.5563
8693,64,512,512,95.7985
4594,64,512,512,38.0775
10765,64,512,512,65.9064
19771,256,512,512,162.627
11460,64,2048,512,86.3978
3116,64,512,512,55.3553
17085,64,512,512,148.773
2706,64,512,512,60.4148
11679,64,512,512,66.3535
21492,256,512,512,152.784
12675,64,2048,512,89.9563
3128,64,512,512,44.3197
8602,64,512,512,108.596
2649,64,512,512,40.0094
5842,64,512,512,51.7258
21069,256,512,512,153.319
12926,64,2048,512,72.593
3130,64,512,512,47.187
8456,64,512,512,93.7588
2888,64,512,512,44.2279
5920,64,512,512,35.7352
16569,256,512,512,123.305
10555,64,2048,512,68.7473
3975,64,512,512,41.556
9829,64,512,512,100.06
3688,64,512,512,38.9996
6880,64,512,512,40.1304
14652,256,512,512,106.251
9374,64,2048,512,43.1479
2878,64,512,512,42.8727
5607,64,512,512,64.5062
2627,64,512,512,39.2698
4187,64,512,512,37.3953
1251031,4161,512,512,439.869
7994,64,512,512,62.6202
6230,64,512,512,191.736
10825,64,512,512,78.5976
4266,64,512,512,46.4311
37336,256,512,512,414.069
28863,64,2048,512,185.909
5646,64,512,512,107.729
17872,64,512,512,233.038
4679,64,512,512,104.967
21603,64,512,512,179.724
5126,64,512,512,52.9011
5757,64,512,512,173.213
6474,64,512,512,59.4227
3865,64,512,512,51.0962
18332,256,512,512,273.298
14699,64,2048,512,188.66
3668,64,512,512,92.9939
11791,64,512,512,180.415
3797,64,512,512,111.201
10070,64,512,512,129.903
3401,64,512,512,77.4065
5162,64,512,512,152.033
4111,64,512,512,87.0025
3691,64,512,512,94.3891
13036,256,512,512,255.264
9863,64,2048,512,175.347
4359,64,512,512,103.478
13924,64,512,512,209.686
4174,64,512,512,123.113
11995,64,512,512,175.7
3302,64,512,512,115.272
7543,64,512,512,175.582
4222,64,512,512,117.013
6012,64,512,512,126.213
12635,256,512,512,259.446
9668,64,2048,512,170.845
4405,64,512,512,93.6058
10699,64,512,512,181.888
4559,64,512,512,87.9633
9516,64,512,512,156.038
4352,64,512,512,127.233
15753,64,512,512,213.337
5559,64,512,512,123.848
12052,64,512,512,176.586
14538,256,512,512,265.12
11200,64,2048,512,78.9462
2258,64,512,512,45.4341
8183,64,512,512,99.8806
2408,64,512,512,41.8403
6857,64,512,512,66.9386
4500,64,512,512,74.6466
23566,64,512,512,140.07
5989,64,512,512,68.0377
17053,64,512,512,110.998
17556,256,512,512,166.035
14256,64,2048,512,41.1264
742,64,512,512,23.2477
2728,64,512,512,52.7376
806,64,512,512,28.9892
2370,64,512,512,35.618
21989,256,512,512,165.788
16969,64,2048,512,98.2889
1040,64,512,512,31.6398
6990,64,512,512,87.6534
971,64,512,512,27.7201
10210,64,512,512,71.2877
4276,256,512,512,57.4357
3145,64,2048,512,52.9954
1083,64,512,512,33.8788
7508,64,512,512,103.392
989,64,512,512,32.8872
5246,64,512,512,46.581
3167,256,512,512,57.8481
2309,64,2048,512,44.5939
1566,64,512,512,33.6836
4323,64,512,512,64.4314
1368,64,512,512,29.6652
3317,64,512,512,30.7044
2099,256,512,512,48.019
1606,64,2048,512,49.6733
1259,64,512,512,30.6725
3983,64,512,512,70.9868
1243,64,512,512,29.7153
2880,64,512,512,36.3489
1483,256,512,512,33.7546
1166,64,2048,512,24.1906
827,64,512,512,23.0705
1872,64,512,512,42.8863
712,64,512,512,21.1184
1394,64,512,512,23.0619
1887,256,512,512,42.3759
1200,64,2048,512,19.9727
419,64,512,512,14.8376
812,64,512,512,24.0945
391,64,512,512,13.4315
645,64,512,512,18.3893
584680,4161,512,512,341.351
131072,64,512,512,815.313
131072,64,512,512,825.059
131072,64,512,512,825.628
131072,64,512,512,821.644
524288,256,512,512,2016.7
524288,64,2048,512,854.511
131072,64,512,512,824.845
131072,64,512,512,820.324
131072,64,512,512,820.552
131072,64,512,512,821.378
131072,64,512,512,820.161
131072,64,512,512,824.174
131072,64,512,512,824.493
131072,64,512,512,825.942
524288,256,512,512,2015.37
524288,64,2048,512,850.961
131072,64,512,512,821.023
131072,64,512,512,821.354
131072,64,512,512,819.903
131072,64,512,512,820.511
131071,64,512,512,825.56
131072,64,512,512,822.135
131072,64,512,512,819.667
131072,64,512,512,822.185
524288,256,512,512,2023.99
524288,64,2048,512,850.195
131072,64,512,512,820.755
131072,64,512,512,820.732
131072,64,512,512,819.845
131072,64,512,512,819.941
131072,64,512,512,820.697
131072,64,512,512,819.97
131072,64,512,512,820.145
131072,64,512,512,823.249
524288,256,512,512,2022.8
524287,64,2048,512,850.515
131072,64,512,512,821.739
131072,64,512,512,826.246
131072,64,512,512,819.568
131072,64,512,512,821.055
131072,64,512,512,819.938
131072,64,512,512,819.331
131072,64,512,512,819.528
131072,64,512,512,831.885
524288,256,512,512,2017.47
524288,64,2048,512,850.219
131072,64,512,512,825.316
131072,64,512,512,822.233
131072,64,512,512,820.146
131072,64,512,512,653.096
131072,64,512,512,655.539
131072,64,512,512,659.993
131072,64,512,512,650.855
131072,64,512,512,657.161
524288,256,512,512,1530.59
524288,64,2048,512,610.389
131072,64,512,512,588.729
131072,64,512,512,824.649
131072,64,512,512,824.326
131072,64,512,512,821.226
524288,256,512,512,2029.02
524288,64,2048,512,855.137
131072,64,512,512,822.08
131072,64,512,512,826.28
131072,64,512,512,822.496
131072,64,512,512,821.679
524288,256,512,512,2019.76
524288,64,2048,512,858.31
131072,64,512,512,820.824
131072,64,512,512,826.425
131072,64,512,512,824.835
131072,64,512,512,825.631
524288,256,512,512,2018.35
524288,64,2048,512,868.975
131072,64,512,512,821.876
131072,64,512,512,816.07
131072,64,512,512,817.007
131072,64,512,512,816.144
524288,256,512,512,1936.67
524288,64,2048,512,784.309
131072,64,512,512,747.177
131072,64,512,512,811.953
131072,64,512,512,812.356
131072,64,512,512,812.287
524288,256,512,512,1997.36
524288,64,2048,512,845.485
131072,64,512,512,811.869
131072,64,512,512,812.621
131072,64,512,512,812.969
131072,64,512,512,812.397
524288,256,512,512,2000.33
524288,64,2048,512,840.352
131072,64,512,512,811.927
131072,64,512,512,812.007
131072,64,512,512,811.993
131072,64,512,512,812.726
8521728,4161,512,512,1838.52
104857,64,512,512,644.944
104857,64,512,512,651.774
104857,64,512,512,659.191
104857,64,512,512,669.201
419430,256,512,512,1629.08
419430,64,2048,512,690.217
104857,64,512,512,663.025
104857,64,512,512,661.705
104857,64,512,512,660.693
104857,64,512,512,660.768
104857,64,512,512,659.648
104857,64,512,512,663.562
104857,64,512,512,664.952
104857,64,512,512,667.039
419430,256,512,512,1628.26
419430,64,2048,512,690.132
104857,64,512,512,660.809
104857,64,512,512,663.744
104857,64,512,512,661.272
104857,64,512,512,661.025
104857,64,512,512,659.868
104856,64,512,512,662.218
104857,64,512,512,660.842
104857,64,512,512,667.212
419430,256,512,512,1626.14
419430,64,2048,512,689.823
104857,64,512,512,661.546
104857,64,512,512,666.509
104857,64,512,512,657.378
104857,64,512,512,580.873
104857,64,512,512,554.57
104857,64,512,512,560.244
104857,64,512,512,556.198
104857,64,512,512,557.168
419429,256,512,512,1356.09
419429,64,2048,512,535.715
104857,64,512,512,504.899
104857,64,512,512,509.704
104857,64,512,512,632.888
104857,64,512,512,635.915
104857,64,512,512,634.752
104857,64,512,512,636.876
104857,64,512,512,633.186
104857,64,512,512,639.964
419430,256,512,512,1566.14
419430,64,2048,512,661.395
104857,64,512,512,636.233
104857,64,512,512,651.266
104857,64,512,512,654.349
104857,64,512,512,654.307
104857,64,512,512,656.646
104857,64,512,512,653.663
104857,64,512,512,654.643
104857,64,512,512,665.003
419430,256,512,512,1617.94
419430,64,2048,512,681.142
104857,64,512,512,657.684
104857,64,512,512,655.42
104857,64,512,512,657.389
104857,64,512,512,655.594
419430,256,512,512,1639.27
419430,64,2048,512,685.53
104857,64,512,512,653.91
104857,64,512,512,654.895
104857,64,512,512,654.706
104857,64,512,512,659.627
419430,256,512,512,1629.5
419430,64,2048,512,593.482
104857,64,512,512,562.859
104857,64,512,512,568.276
104857,64,512,512,571.183
104857,64,512,512,573.686
419430,256,512,512,1414.62
419430,64,2048,512,608.59
104857,64,512,512,573.883
104857,64,512,512,572.786
104857,64,512,512,574.232
104857,64,512,512,580.021
419430,256,512,512,1401.2
419430,64,2048,512,605.451
104857,64,512,512,572.668
104857,64,512,512,569.401
104857,64,512,512,567.728
104857,64,512,512,572.136
419429,256,512,512,1412.8
419430,64,2048,512,576.419
104857,64,512,512,491.181
104857,64,512,512,497.341
104857,64,512,512,491.482
104857,64,512,512,489.766
419430,256,512,512,1181.39
419430,64,2048,512,469.127
104857,64,512,512,444.553
104857,64,512,512,583.714
104857,64,512,512,641.081
104857,64,512,512,645.678
6817381,4161,512,512,1812.81
78643,64,512,512,490.216
78642,64,512,512,503.007
78643,64,512,512,495.596
78643,64,512,512,506.186
314572,256,512,512,1263.51
314572,64,2048,512,522.73
78643,64,512,512,505.181
78643,64,512,512,503.449
78643,64,512,512,506.11
78643,64,512,512,512.627
78643,64,512,512,506.513
78643,64,512,512,505.823
78643,64,512,512,503.681
78643,64,512,512,510.949
314572,256,512,512,1262.59
314571,64,2048,512,529.088
78643,64,512,512,502.778
78643,64,512,512,513.166
78643,64,512,512,506.012
78643,64,512,512,503.083
78643,64,512,512,510.015
78643,64,512,512,506.484
78643,64,512,512,504.319
78643,64,512,512,509.087
314572,256,512,512,1261.18
314572,64,2048,512,533.076
78643,64,512,512,503.494
78643,64,512,512,508.813
78643,64,512,512,499.567
78643,64,512,512,499.239
78643,64,512,512,506.137
78643,64,512,512,508.509
78643,64,512,512,501.483
78643,64,512,512,511.508
314572,256,512,512,1256.35
314572,64,2048,512,534.08
78643,64,512,512,505.969
78643,64,512,512,511.909
78643,64,512,512,507.241
78643,64,512,512,502.718
78643,64,512,512,482.042
78643,64,512,512,480.556
78643,64,512,512,480.054
78643,64,512,512,495.341
314572,256,512,512,1175.43
314572,64,2048,512,462.312
78643,64,512,512,446.426
78643,64,512,512,443.437
78643,64,512,512,442.977
78643,64,512,512,434.578
78643,64,512,512,439.304
78643,64,512,512,432.326
78643,64,512,512,437.471
78643,64,512,512,440.282
314572,256,512,512,1063.82
314572,64,2048,512,424.473
78643,64,512,512,405.466
78643,64,512,512,397.128
78643,64,512,512,399.729
78643,64,512,512,396.894
314572,256,512,512,992.959
314572,64,2048,512,397.037
78643,64,512,512,371.32
78643,64,512,512,370.771
78643,64,512,512,427.288
78643,64,512,512,440.414
314572,256,512,512,1088.48
314572,64,2048,512,459.166
78643,64,512,512,430.24
78643,64,512,512,431.579
78643,64,512,512,432.533
78643,64,512,512,433.489
314572,256,512,512,1074.76
314572,64,2048,512,468.107
78643,64,512,512,430.427
78643,64,512,512,434.524
78643,64,512,512,440.633
78643,64,512,512,444.962
314572,256,512,512,1104.3
314571,64,2048,512,471.772
78643,64,512,512,439.059
78643,64,512,512,439.516
78643,64,512,512,474.516
78643,64,512,512,484.534
314572,256,512,512,1195.47
314572,64,2048,512,510.694
78643,64,512,512,476.039
78643,64,512,512,479.163
78643,64,512,512,472.648
78643,64,512,512,478.545
314572,256,512,512,1196.84
314572,64,2048,512,504.394
78643,64,512,512,481.795
78643,64,512,512,473.637
78643,64,512,512,481.034
78643,64,512,512,488.798
5113037,4161,512,512,1131.85
52428,64,512,512,344.337
52428,64,512,512,343.111
52428,64,512,512,359.484
52428,64,512,512,379.777
209715,256,512,512,932.757
209715,64,2048,512,376.574
52428,64,512,512,355.229
52428,64,512,512,344.674
52428,64,512,512,354.419
52428,64,512,512,355.643
52428,64,512,512,363.331
52428,64,512,512,356.538
52428,64,512,512,367.998
52428,64,512,512,366.233
209715,256,512,512,934.835
209715,64,2048,512,385.492
52428,64,512,512,355.146
52428,64,512,512,368.206
52428,64,512,512,349.866
52428,64,512,512,359.592
52428,64,512,512,361.351
52428,64,512,512,378.205
52428,64,512,512,360.734
52428,64,512,512,356.819
209715,256,512,512,815.597
209715,64,2048,512,322.864
52428,64,512,512,309.02
52428,64,512,512,337.462
52428,64,512,512,321.634
52428,64,512,512,315.183
52428,64,512,512,328.77
52428,64,512,512,332.431
52428,64,512,512,328.014
52428,64,512,512,325.575
209715,256,512,512,817.963
209715,64,2048,512,341.875
52428,64,512,512,325.262
52428,64,512,512,333.35
52428,64,512,512,338.875
52428,64,512,512,354.73
52428,64,512,512,355.428
52428,64,512,512,348.027
52428,64,512,512,354.692
52428,64,512,512,361.339
209715,256,512,512,886.254
209715,64,2048,512,370.283
52428,64,512,512,350.251
52428,64,512,512,350.892
52428,64,512,512,362.15
52428,64,512,512,346.298
52428,64,512,512,371.829
52428,64,512,512,366.589
52428,64,512,512,372.296
52428,64,512,512,378.771
209715,256,512,512,930.362
209715,64,2048,512,372.406
52428,64,512,512,380.097
52428,64,512,512,351.695
52428,64,512,512,376.782
52428,64,512,512,353.088
209715,256,512,512,921.019
209715,64,2048,512,378.041
52428,64,512,512,368.989
52428,64,512,512,365.366
52428,64,512,512,390.06
52428,64,512,512,363.378
209715,256,512,512,936.945
209715,64,2048,512,393.514
52428,64,512,512,368.696
52428,64,512,512,370.482
52428,64,512,512,361.313
52428,64,512,512,376.367
209715,256,512,512,926.755
209715,64,2048,512,397.424
52428,64,512,512,369.001
52428,64,512,512,366.701
52428,64,512,512,372.437
52428,64,512,512,377.293
209715,256,512,512,884.619
209715,64,2048,512,390.953
52428,64,512,512,362.37
52428,64,512,512,357.745
52428,64,512,512,354.951
52428,64,512,512,361.07
209715,256,512,512,900.56
209715,64,2048,512,388.98
52428,64,512,512,367.76
52428,64,512,512,362.582
52428,64,512,512,363.346
52428,64,512,512,361.521
209715,256,512,512,922.83
209715,64,2048,512,386.302
52428,64,512,512,362.334
52428,64,512,512,345.864
52428,64,512,512,353.146
52428,64,512,512,370.626
3408691,4161,512,512,858.191
26214,64,512,512,212.389
26214,64,512,512,190.386
26214,64,512,512,214.682
26214,64,512,512,233.584
104857,256,512,512,567.933
104857,64,2048,512,262.827
26214,64,512,512,229.616
26214,64,512,512,197.228
26214,64,512,512,228.298
26214,64,512,512,229.894
26214,64,512,512,230.778
26214,64,512,512,232.003
26214,64,512,512,221.525
26214,64,512,512,237.326
104857,256,512,512,622.395
104857,64,2048,512,265.68
26214,64,512,512,213.471
26214,64,512,512,235.615
26214,64,512,512,211.522
26214,64,512,512,215.468
26214,64,512,512,246.007
26214,64,512,512,235.575
26214,64,512,512,233.633
26214,64,512,512,223.978
104857,256,512,512,610.269
104857,64,2048,512,258.929
26214,64,512,512,227.189
26214,64,512,512,255.346
26214,64,512,512,220.719
26214,64,512,512,200.268
26214,64,512,512,194.074
26214,64,512,512,182.138
26214,64,512,512,184.071
26214,64,512,512,186.814
104857,256,512,512,481.497
104857,64,2048,512,181.83
26214,64,512,512,164.703
26214,64,512,512,176.404
26214,64,512,512,191.841
26214,64,512,512,170.774
26214,64,512,512,224.673
26214,64,512,512,214.769
26214,64,512,512,216.254
26214,64,512,512,208.147
104857,256,512,512,534.119
104857,64,2048,512,222.883
26214,64,512,512,202.391
26214,64,512,512,193.06
26214,64,512,512,203.267
26214,64,512,512,187.893
26214,64,512,512,229.846
26214,64,512,512,205.491
26214,64,512,512,220.604
26214,64,512,512,217.36
104857,256,512,512,556.568
104857,64,2048,512,184.571
26214,64,512,512,215.643
26214,64,512,512,178.122
26214,64,512,512,221.737
26214,64,512,512,210.298
104857,256,512,512,541.989
104857,64,2048,512,214.126
26214,64,512,512,202.403
26214,64,512,512,185.512
26214,64,512,512,233.161
26214,64,512,512,180.207
104857,256,512,512,527.947
104857,64,2048,512,200.726
26214,64,512,512,199.77
26214,64,512,512,188.909
26214,64,512,512,196.499
26214,64,512,512,201.994
104857,256,512,512,487.432
104857,64,2048,512,222.512
26214,64,512,512,202.421
26214,64,512,512,207.994
26214,64,512,512,195.653
26214,64,512,512,207.944
104857,256,512,512,452.347
104857,64,2048,512,213.66
26214,64,512,512,192.736
26214,64,512,512,197.777
26214,64,512,512,183.939
26214,64,512,512,192.991
104857,256,512,512,458.862
104857,64,2048,512,208.027
26214,64,512,512,199.665
26214,64,512,512,189.981
26214,64,512,512,191.114
26214,64,512,512,205.581
104857,256,512,512,522.161
104857,64,2048,512,206.54
26214,64,512,512,206.159
26214,64,512,512,181.878
26214,64,512,512,199.835
26214,64,512,512,210.517
1704346,4161,512,512,687.891
13107,64,512,512,157.428
13107,64,512,512,111.218
13107,64,512,512,143.592
13107,64,512,512,155.027
52428,256,512,512,373.296
52428,64,2048,512,182.256
13107,64,512,512,153.699
13107,64,512,512,119.419
13107,64,512,512,153.839
13107,64,512,512,153.146
13107,64,512,512,160.216
13107,64,512,512,151.688
13107,64,512,512,159.636
13107,64,512,512,148.83
52428,256,512,512,466.235
52428,64,2048,512,181.094
13107,64,512,512,169.334
13107,64,512,512,159.953
13107,64,512,512,163.815
13107,64,512,512,156.34
13107,64,512,512,190.623
13107,64,512,512,158.154
13107,64,512,512,180.422
13107,64,512,512,164.109
52428,256,512,512,476.146
52428,64,2048,512,188.031
13107,64,512,512,146.025
13107,64,512,512,185.712
13107,64,512,512,145.241
13107,64,512,512,133.729
13107,64,512,512,183.229
13107,64,512,512,156.496
13107,64,512,512,166.745
13107,64,512,512,184.421
52428,256,512,512,482.925
52427,64,2048,512,126.341
13107,64,512,512,128.967
13107,64,512,512,112.197
13107,64,512,512,124.421
13107,64,512,512,119.588
13107,64,512,512,141.017
13107,64,512,512,108.861
13107,64,512,512,130.381
13107,64,512,512,134.366
52428,256,512,512,319.734
52428,64,2048,512,120.06
13107,64,512,512,125.256
13107,64,512,512,88.9419
13107,64,512,512,125.668
13107,64,512,512,114.197
13107,64,512,512,125.282
13107,64,512,512,108.647
13107,64,512,512,122.869
13107,64,512,512,123.719
52428,256,512,512,307.201
52428,64,2048,512,81.1627
13107,64,512,512,122.583
13107,64,512,512,81.426
13107,64,512,512,122.884
13107,64,512,512,121.119
52428,256,512,512,273.484
52428,64,2048,512,132.026
13107,64,512,512,93.3694
13107,64,512,512,90.3472
13107,64,512,512,107.891
13107,64,512,512,91.185
52428,256,512,512,274.596
52427,64,2048,512,118.279
13107,64,512,512,122.596
13107,64,512,512,98.0598
13107,64,512,512,119.017
13107,64,512,512,119.19
52427,256,512,512,232.381
52428,64,2048,512,123.01
13107,64,512,512,114.823
13107,64,512,512,97.394
13107,64,512,512,120.227
13107,64,512,512,125.229
52428,256,512,512,223.395
52428,64,2048,512,123.169
13107,64,512,512,106.548
13107,64,512,512,98.6098
13107,64,512,512,90.9209
13107,64,512,512,100.741
52428,256,512,512,273.934
52428,64,2048,512,102.144
13107,64,512,512,91.6424
13107,64,512,512,78.7011
13107,64,512,512,90.2016
13107,64,512,512,96.5034
52428,256,512,512,243.428
52428,64,2048,512,100.174
13107,64,512,512,84.6687
13107,64,512,512,76.4051
13107,64,512,512,77.9834
13107,64,512,512,101.761
852171,4161,512,512,431.559
5242,64,512,512,116.672
5242,64,512,512,62.7634
5242,64,512,512,105.628
5242,64,512,512,125.175
20971,256,512,512,244.659
20971,64,2048,512,128.645
5242,64,512,512,112.037
5242,64,512,512,91.4933
5242,64,512,512,117.975
5242,64,512,512,103.397
5242,64,512,512,108.442
5242,64,512,512,110.357
5242,64,512,512,103.746
5242,64,512,512,105.117
20971,256,512,512,336.283
20971,64,2048,512,146.914
5242,64,512,512,99.9988
5242,64,512,512,122.503
5242,64,512,512,94.8349
5242,64,512,512,111.97
5242,64,512,512,141.891
5242,64,512,512,115.876
5242,64,512,512,127.346
5242,64,512,512,134.261
20971,256,512,512,335.357
20971,64,2048,512,153.336
5242,64,512,512,117.041
5242,64,512,512,129.423
5242,64,512,512,116.375
5242,64,512,512,98.2746
5242,64,512,512,145.491
5242,64,512,512,133.14
5242,64,512,512,130.651
5242,64,512,512,110.42
20971,256,512,512,311.66
20971,64,2048,512,134.982
5242,64,512,512,136.578
5242,64,512,512,131.444
5242,64,512,512,127.702
5242,64,512,512,128.466
5242,64,512,512,155.615
5242,64,512,512,133.288
5242,64,512,512,146.006
5242,64,512,512,140.529
20971,256,512,512,334.639
20971,64,2048,512,82.3773
5242,64,512,512,83.2238
5242,64,512,512,57.7869
5242,64,512,512,79.0388
5242,64,512,512,79.3123
5242,64,512,512,86.6456
5242,64,512,512,70.0241
5242,64,512,512,76.6717
5242,64,512,512,81.3991
20971,256,512,512,190.886
20971,64,2048,512,58.2147
5242,64,512,512,83.3106
5242,64,512,512,35.4789
5242,64,512,512,78.6062
5242,64,512,512,64.0146
20971,256,512,512,217.269
20971,64,2048,512,93.3747
5242,64,512,512,57.7598
5242,64,512,512,57.6764
5242,64,512,512,73.5078
5242,64,512,512,40.2132
20971,256,512,512,174.912
20971,64,2048,512,81.1558
5242,64,512,512,70.2919
5242,64,512,512,51.8522
5242,64,512,512,63.4682
5242,64,512,512,77.2128
20971,256,512,512,145.737
20971,64,2048,512,79.9723
5242,64,512,512,71.4272
5242,64,512,512,60.1509
5242,64,512,512,65.8752
5242,64,512,512,72.884
20971,256,512,512,107.231
20971,64,2048,512,73.0157
5242,64,512,512,72.6397
5242,64,512,512,56.162
5242,64,512,512,66.9637
5242,64,512,512,68.501
20970,256,512,512,103.27
20971,64,2048,512,69.529
5242,64,512,512,63.4293
5242,64,512,512,56.3861
5242,64,512,512,59.4727
5242,64,512,512,79.6063
20971,256,512,512,148.321
20971,64,2048,512,69.9204
5242,64,512,512,58.165
5242,64,512,512,51.4303
5242,64,512,512,53.5518
5242,64,512,512,65.5993
340867,4161,512,512,314.072
131072,64,512,512,450.107
131072,64,512,512,449.633
131072,64,512,512,545.455
131072,64,512,512,545.033
524288,256,512,512,1343.73
524288,64,2048,512,563.908
131072,64,512,512,552.412
131072,64,512,512,798.934
131072,64,512,512,798.144
131072,64,512,512,798.361
131072,64,512,512,798.259
131072,64,512,512,798.56
131072,64,512,512,798.246
131072,64,512,512,798.893
524288,256,512,512,1959.67
524288,64,2048,512,827.281
131072,64,512,512,798.804
131072,64,512,512,798.249
131072,64,512,512,797.895
131072,64,512,512,798.144
131072,64,512,512,799.505
131072,64,512,512,799.479
131072,64,512,512,798.335
131072,64,512,512,798.502
524288,256,512,512,1958.59
524288,64,2048,512,826.084
131072,64,512,512,798.534
131072,64,512,512,798.305
131072,64,512,512,824.662
131072,64,512,512,823.058
131072,64,512,512,819.451
131072,64,512,512,819.404
131072,64,512,512,820.214
131072,64,512,512,818.57
524288,256,512,512,2023.47
524288,64,2048,512,848.793
131072,64,512,512,819.573
131072,64,512,512,822.779
131072,64,512,512,825.11
131072,64,512,512,825.058
131072,64,512,512,824.952
131072,64,512,512,818.124
131072,64,512,512,821.148
131072,64,512,512,820.243
524288,256,512,512,2017.74
524288,64,2048,512,848.543
131072,64,512,512,819.717
131072,64,512,512,820.063
131072,64,512,512,819.446
131072,64,512,512,819.52
131072,64,512,512,824.728
131072,64,512,512,824.056
131072,64,512,512,819.291
131072,64,512,512,820.358
524288,256,512,512,2024.04
524288,64,2048,512,849.364
131072,64,512,512,819.907
131072,64,512,512,820.092
131072,64,512,512,818.576
131072,64,512,512,661.737
524288,256,512,512,1642.97
524288,64,2048,512,651.849
131072,64,512,512,609.379
131072,64,512,512,615.455
131072,64,512,512,711.788
131072,64,512,512,711.001
524288,256,512,512,1750.17
524288,64,2048,512,737.416
131072,64,512,512,711.867
131072,64,512,512,764.822
131072,64,512,512,820.363
131072,64,512,512,820.092
524288,256,512,512,2016.99
524288,64,2048,512,849.63
131072,64,512,512,820.695
131072,64,512,512,820.089
131072,64,512,512,819.515
131072,64,512,512,819.606
524288,256,512,512,2016.37
524288,64,2048,512,848.42
131072,64,512,512,819.858
131072,64,512,512,819.446
131072,64,512,512,820.857
131072,64,512,512,823.84
524288,256,512,512,2015.87
524288,64,2048,512,849.316
131072,64,512,512,820.323
131072,64,512,512,819.451
131072,64,512,512,819.019
131072,64,512,512,824.044
524288,256,512,512,2017.33
524288,64,2048,512,849.296
131072,64,512,512,819.98
131072,64,512,512,823.873
131072,64,512,512,824.258
131072,64,512,512,824.813
8521728,4161,512,512,2142.95
104857,64,512,512,647.37
104857,64,512,512,654.348
104857,64,512,512,664.915
104857,64,512,512,662.572
419430,256,512,512,1630.45
419430,64,2048,512,687.636
104857,64,512,512,663.499
104857,64,512,512,663.079
104857,64,512,512,664.345
104857,64,512,512,663.844
104857,64,512,512,660.6
104857,64,512,512,660.384
104857,64,512,512,660.502
104857,64,512,512,661.22
419430,256,512,512,1635.34
419431,64,2048,512,686.018
104857,64,512,512,661.24
104857,64,512,512,665.77
104857,64,512,512,664.804
104857,64,512,512,665.111
104857,64,512,512,659.357
104857,64,512,512,657.159
104857,64,512,512,660.778
104857,64,512,512,663.898
419430,256,512,512,1637.71
419430,64,2048,512,687.734
104857,64,512,512,660.461
104857,64,512,512,662.239
104857,64,512,512,666.038
104857,64,512,512,665.238
104857,64,512,512,663.045
104857,64,512,512,660.964
104857,64,512,512,660.435
104857,64,512,512,659.658
419430,256,512,512,1636
419430,64,2048,512,688.16
104857,64,512,512,661.747
104857,64,512,512,664.24
104857,64,512,512,664.375
104857,64,512,512,635.964
104857,64,512,512,560.586
104857,64,512,512,564.583
104857,64,512,512,565.049
104857,64,512,512,558.707
419430,256,512,512,1381.23
419430,64,2048,512,545.203
104857,64,512,512,515.19
104857,64,512,512,517.734
104857,64,512,512,565.789
104857,64,512,512,566.666
104857,64,512,512,567.122
104857,64,512,512,566.168
104857,64,512,512,567.169
104857,64,512,512,566.843
419430,256,512,512,1396.45
419430,64,2048,512,587.899
104857,64,512,512,562.733
104857,64,512,512,651.767
104857,64,512,512,655.414
104857,64,512,512,655.057
419430,256,512,512,1619.65
419430,64,2048,512,682.67
104857,64,512,512,657.163
104857,64,512,512,665.317
104857,64,512,512,664.932
104857,64,512,512,662.52
419430,256,512,512,1628.95
419430,64,2048,512,686.792
104857,64,512,512,661.16
104857,64,512,512,663.752
104857,64,512,512,665.41
104857,64,512,512,660.418
419430,256,512,512,1629.03
419430,64,2048,512,687.807
104857,64,512,512,660.394
104857,64,512,512,664.943
104857,64,512,512,661.504
104857,64,512,512,661.764
419430,256,512,512,1627.14
419430,64,2048,512,687.74
104857,64,512,512,632.487
104857,64,512,512,589.258
104857,64,512,512,593.844
104857,64,512,512,593.586
419430,256,512,512,1444.88
419430,64,2048,512,573.311
104857,64,512,512,551.582
104857,64,512,512,552.673
104857,64,512,512,549.999
104857,64,512,512,536.216
419430,256,512,512,1326.27
419430,64,2048,512,542.694
104857,64,512,512,510.321
104857,64,512,512,511.14
104857,64,512,512,509.858
104857,64,512,512,509.201
6817382,4161,512,512,1347.1
78643,64,512,512,504.517
78643,64,512,512,511.331
78643,64,512,512,514.241
78643,64,512,512,510.857
314572,256,512,512,1263.98
314572,64,2048,512,534.683
78643,64,512,512,510.132
78643,64,512,512,512.332
78643,64,512,512,510.218
78643,64,512,512,510.304
78643,64,512,512,509.75
78643,64,512,512,512.881
78643,64,512,512,511.252
78643,64,512,512,512.65
314572,256,512,512,1260.79
314572,64,2048,512,535.661
78643,64,512,512,512.474
78643,64,512,512,510.023
78643,64,512,512,509.179
78643,64,512,512,511.94
78643,64,512,512,513.642
78643,64,512,512,511.09
78643,64,512,512,500.059
78643,64,512,512,498.238
314572,256,512,512,1174.59
314572,64,2048,512,468.356
78643,64,512,512,449.553
78643,64,512,512,447.219
78643,64,512,512,513.427
78643,64,512,512,511.755
78643,64,512,512,510.818
78643,64,512,512,511.722
78643,64,512,512,513.441
78643,64,512,512,513.298
314572,256,512,512,1265.79
314572,64,2048,512,537.575
78643,64,512,512,511.877
78643,64,512,512,513.026
78643,64,512,512,505.244
78643,64,512,512,513.126
78643,64,512,512,510.075
78643,64,512,512,514.757
78643,64,512,512,513.908
78643,64,512,512,512.68
314572,256,512,512,1266.65
314572,64,2048,512,536.652
78643,64,512,512,511.431
78643,64,512,512,510.665
78643,64,512,512,513.634
78643,64,512,512,510.702
78643,64,512,512,483.561
78643,64,512,512,479.357
78643,64,512,512,482.904
78643,64,512,512,481.478
314572,256,512,512,1181.26
314572,64,2048,512,467.056
78643,64,512,512,444.027
78643,64,512,512,442.593
78643,64,512,512,440.632
78643,64,512,512,444.703
314572,256,512,512,1083.69
314572,64,2048,512,435.065
78643,64,512,512,417.298
78643,64,512,512,417.125
78643,64,512,512,413.908
78643,64,512,512,400.474
314572,256,512,512,1001.86
314572,64,2048,512,412.646
78643,64,512,512,387.29
78643,64,512,512,390.888
78643,64,512,512,386.253
78643,64,512,512,389.152
314572,256,512,512,959.511
314572,64,2048,512,380.734
78643,64,512,512,358.036
78643,64,512,512,355.986
78643,64,512,512,444.064
78643,64,512,512,445.079
314572,256,512,512,1092.91
314572,64,2048,512,463.224
78643,64,512,512,445.444
78643,64,512,512,441.715
78643,64,512,512,511.111
78643,64,512,512,504.963
314572,256,512,512,1264.47
314572,64,2048,512,536.781
78643,64,512,512,513.424
78643,64,512,512,510.276
78643,64,512,512,512.25
78643,64,512,512,513.444
314572,256,512,512,1269.28
314572,64,2048,512,536.132
78643,64,512,512,513.441
78643,64,512,512,514.565
78643,64,512,512,512.888
78643,64,512,512,508.709
5113038,4161,512,512,1363.06
52428,64,512,512,369.847
52428,64,512,512,375.324
52428,64,512,512,376.505
52428,64,512,512,379.804
209715,256,512,512,943.86
209715,64,2048,512,400.617
52428,64,512,512,381.449
52428,64,512,512,380.83
52428,64,512,512,375.21
52428,64,512,512,377.556
52428,64,512,512,375.391
52428,64,512,512,375.165
52428,64,512,512,376.762
52428,64,512,512,383.422
209715,256,512,512,945.272
209715,64,2048,512,399.829
52428,64,512,512,379.423
52428,64,512,512,380.128
52428,64,512,512,379.986
52428,64,512,512,380.502
52428,64,512,512,379.724
52428,64,512,512,378.264
52428,64,512,512,378.547
52428,64,512,512,372.777
209715,256,512,512,941.497
209715,64,2048,512,297.756
52428,64,512,512,285.788
52428,64,512,512,309.261
52428,64,512,512,312.842
52428,64,512,512,305.983
52428,64,512,512,311.084
52428,64,512,512,310.48
52428,64,512,512,311.521
52428,64,512,512,314.676
209715,256,512,512,773.429
209715,64,2048,512,331.542
52428,64,512,512,312.63
52428,64,512,512,308.778
52428,64,512,512,310.057
52428,64,512,512,308.601
52428,64,512,512,309.838
52428,64,512,512,312.033
52428,64,512,512,309.795
52428,64,512,512,312.401
209715,256,512,512,775.925
209715,64,2048,512,332.698
52428,64,512,512,307.107
52428,64,512,512,312.648
52428,64,512,512,310.895
52428,64,512,512,312.129
52428,64,512,512,287.153
52428,64,512,512,287.843
52428,64,512,512,287.502
52428,64,512,512,282.039
209715,256,512,512,703.344
209715,64,2048,512,286.632
52428,64,512,512,269.994
52428,64,512,512,270.958
52428,64,512,512,272.099
52428,64,512,512,271.835
209716,256,512,512,668.997
209715,64,2048,512,274.333
52428,64,512,512,256.581
52428,64,512,512,257.985
52428,64,512,512,259.642
52428,64,512,512,257.07
209715,256,512,512,637.798
209715,64,2048,512,262.975
52428,64,512,512,258.319
52428,64,512,512,256.247
52428,64,512,512,253.232
52428,64,512,512,256.575
209715,256,512,512,637.67
209715,64,2048,512,271.214
52428,64,512,512,255.644
52428,64,512,512,253.63
52428,64,512,512,255.325
52428,64,512,512,255.524
209715,256,512,512,635.623
209715,64,2048,512,270.761
52428,64,512,512,255.169
52428,64,512,512,254.797
52428,64,512,512,255.49
52428,64,512,512,257.64
209715,256,512,512,634.674
209715,64,2048,512,266.095
52428,64,512,512,230.042
52429,64,512,512,230.444
52428,64,512,512,232.302
52428,64,512,512,241.703
209715,256,512,512,597.728
209715,64,2048,512,252.473
52428,64,512,512,238.578
52428,64,512,512,240.969
52428,64,512,512,271.205
52428,64,512,512,271.702
3408692,4161,512,512,897.973
26214,64,512,512,254.142
26214,64,512,512,261.713
26214,64,512,512,261.397
26214,64,512,512,259.713
104857,256,512,512,653.487
104857,64,2048,512,290.868
26214,64,512,512,265.823
26214,64,512,512,260.149
26214,64,512,512,263.079
26214,64,512,512,253.218
26214,64,512,512,264.728
26214,64,512,512,263.087
26214,64,512,512,260.319
26214,64,512,512,265.046
104857,256,512,512,656.448
104857,64,2048,512,288.75
26214,64,512,512,264.367
26214,64,512,512,260.653
26214,64,512,512,262.574
26214,64,512,512,258.682
26214,64,512,512,259.417
26214,64,512,512,259.248
26214,64,512,512,262.281
26214,64,512,512,260.611
104857,256,512,512,654.548
104857,64,2048,512,285.287
26214,64,512,512,262.653
26214,64,512,512,257.492
26214,64,512,512,252.633
26214,64,512,512,261.004
26214,64,512,512,261.591
26214,64,512,512,188.531
26214,64,512,512,189.381
26214,64,512,512,191.352
104857,256,512,512,457.993
104857,64,2048,512,197.058
26214,64,512,512,184.339
26214,64,512,512,182.7
26214,64,512,512,178.607
26214,64,512,512,181.371
26214,64,512,512,179.428
26214,64,512,512,178.211
26214,64,512,512,177.879
26214,64,512,512,176.097
104857,256,512,512,437.009
104857,64,2048,512,180.889
26214,64,512,512,166.483
26214,64,512,512,165.084
26214,64,512,512,192.439
26214,64,512,512,194.244
26214,64,512,512,196.145
26214,64,512,512,194.623
26214,64,512,512,192.245
26214,64,512,512,194.767
104857,256,512,512,484.782
104857,64,2048,512,211.246
26214,64,512,512,189.84
26214,64,512,512,194.139
26214,64,512,512,193.121
26214,64,512,512,187.412
104857,256,512,512,487.663
104857,64,2048,512,211.771
26214,64,512,512,194.347
26214,64,512,512,194.686
26214,64,512,512,194.706
26214,64,512,512,191.131
104857,256,512,512,482.583
104857,64,2048,512,209.044
26214,64,512,512,194.597
26214,64,512,512,191.021
26214,64,512,512,195.09
26214,64,512,512,193.454
104857,256,512,512,482.065
104857,64,2048,512,203.122
26214,64,512,512,184.5
26214,64,512,512,183.887
26214,64,512,512,181.926
26214,64,512,512,178.872
104857,256,512,512,444.397
104857,64,2048,512,181.496
26214,64,512,512,171.756
26214,64,512,512,168.72
26214,64,512,512,186.19
26214,64,512,512,197.875
104857,256,512,512,514.225
104857,64,2048,512,226.702
26214,64,512,512,204.866
26214,64,512,512,203.19
26214,64,512,512,206.629
26214,64,512,512,200.133
104857,256,512,512,512.702
104857,64,2048,512,223.631
26214,64,512,512,201.289
26214,64,512,512,203.619
26214,64,512,512,202.596
26214,64,512,512,204.793
1704346,4161,512,512,568.473
13107,64,512,512,192.102
13107,64,512,512,200.552
13107,64,512,512,197.274
13107,64,512,512,203.214
52428,256,512,512,503.525
52428,64,2048,512,233.902
13107,64,512,512,200.359
13107,64,512,512,204.513
13107,64,512,512,202.682
13107,64,512,512,198.517
13107,64,512,512,204.37
13107,64,512,512,204.611
13107,64,512,512,202.637
13107,64,512,512,203.284
52428,256,512,512,512.713
52428,64,2048,512,230.993
13107,64,512,512,204.278
13107,64,512,512,203.353
13107,64,512,512,201.195
13107,64,512,512,201.459
13107,64,512,512,201.535
13107,64,512,512,203.607
13107,64,512,512,200.567
13107,64,512,512,204.968
52428,256,512,512,518.214
52428,64,2048,512,229.487
13107,64,512,512,202.275
13107,64,512,512,206.706
13107,64,512,512,192.746
13107,64,512,512,204.944
13107,64,512,512,200.647
13107,64,512,512,201.059
13107,64,512,512,191.352
13107,64,512,512,200.003
52428,256,512,512,515.478
52428,64,2048,512,233.599
13107,64,512,512,197.786
13107,64,512,512,200.088
13107,64,512,512,142.145
13107,64,512,512,140.037
13107,64,512,512,138.549
13107,64,512,512,139.687
13107,64,512,512,142.647
13107,64,512,512,135.872
52428,256,512,512,353.369
52428,64,2048,512,149.577
13107,64,512,512,122.522
13107,64,512,512,129.856
13107,64,512,512,128.399
13107,64,512,512,127.675
13107,64,512,512,130.136
13107,64,512,512,128.837
13107,64,512,512,130.515
13107,64,512,512,131.125
52428,256,512,512,334.165
52428,64,2048,512,149.256
13107,64,512,512,129.399
13107,64,512,512,130.597
13107,64,512,512,127.966
13107,64,512,512,124.785
52428,256,512,512,332.934
52428,64,2048,512,151.952
13107,64,512,512,133.426
13107,64,512,512,133.424
13107,64,512,512,133.919
13107,64,512,512,130.125
52428,256,512,512,332.604
52428,64,2048,512,152.738
13107,64,512,512,133.091
13107,64,512,512,126.943
13107,64,512,512,129.172
13107,64,512,512,128.272
52428,256,512,512,334.602
52428,64,2048,512,150.656
13107,64,512,512,127.658
13107,64,512,512,129.429
13107,64,512,512,129.021
13107,64,512,512,134.575
52428,256,512,512,334.51
52428,64,2048,512,124.383
13107,64,512,512,108.598
13107,64,512,512,113.163
13107,64,512,512,107.176
13107,64,512,512,117.514
52428,256,512,512,295.941
52428,64,2048,512,133.624
13107,64,512,512,112.111
13107,64,512,512,112.819
13107,64,512,512,112.874
13107,64,512,512,113.083
52428,256,512,512,294.412
52428,64,2048,512,132.892
13107,64,512,512,113.854
13107,64,512,512,117.314
13107,64,512,512,114.351
13107,64,512,512,110.898
852173,4161,512,512,375.996
5242,64,512,512,86.7029
5242,64,512,512,154.234
5242,64,512,512,158.063
5242,64,512,512,149.703
20971,256,512,512,402.546
20971,64,2048,512,198.162
5242,64,512,512,145.531
5242,64,512,512,148.845
5242,64,512,512,152.392
5242,64,512,512,150.661
5242,64,512,512,141.697
5242,64,512,512,151.324
5242,64,512,512,144.882
5242,64,512,512,152.481
20971,256,512,512,396.114
20971,64,2048,512,194.694
5242,64,512,512,155.566
5242,64,512,512,142.348
5242,64,512,512,149.646
5242,64,512,512,151.25
5242,64,512,512,146.299
5242,64,512,512,151.381
5242,64,512,512,146.225
5242,64,512,512,151.693
20971,256,512,512,397.493
20971,64,2048,512,197.584
5242,64,512,512,146.102
5242,64,512,512,152.339
5242,64,512,512,155.359
5242,64,512,512,155.53
5242,64,512,512,150.956
5242,64,512,512,145.23
5242,64,512,512,156.434
5242,64,512,512,146.673
20971,256,512,512,391.243
20971,64,2048,512,190.559
5242,64,512,512,146.682
5242,64,512,512,152.797
5242,64,512,512,149.892
5242,64,512,512,146.536
5242,64,512,512,150
5242,64,512,512,150.366
5242,64,512,512,149.878
5242,64,512,512,149.078
20971,256,512,512,389.145
20971,64,2048,512,194.789
5242,64,512,512,160.824
5242,64,512,512,151.447
5242,64,512,512,139.04
5242,64,512,512,85.8408
5242,64,512,512,86.9374
5242,64,512,512,83.8557
5242,64,512,512,81.4992
5242,64,512,512,81.9795
20971,256,512,512,221.971
20971,64,2048,512,105.4
5242,64,512,512,81.1357
5242,64,512,512,82.3191
5242,64,512,512,80.6458
5242,64,512,512,83.6375
20971,256,512,512,213.404
20971,64,2048,512,107.179
5242,64,512,512,84.9591
5242,64,512,512,81.7084
5242,64,512,512,81.2033
5242,64,512,512,81.4117
20971,256,512,512,221.443
20971,64,2048,512,105.536
5242,64,512,512,81.3253
5242,64,512,512,86.6796
5242,64,512,512,84.4297
5242,64,512,512,81.5872
20971,256,512,512,216.006
20971,64,2048,512,108.198
5242,64,512,512,84.6666
5242,64,512,512,79.1048
5242,64,512,512,84.6871
5242,64,512,512,81.6797
20971,256,512,512,217.978
20971,64,2048,512,108.203
5242,64,512,512,80.7464
5242,64,512,512,84.4918
5242,64,512,512,79.6577
5242,64,512,512,84.2748
20971,256,512,512,218.253
20971,64,2048,512,108.002
5242,64,512,512,86.7989
5242,64,512,512,82.873
5242,64,512,512,79.0708
5242,64,512,512,78.7545
20971,256,512,512,213.6
20971,64,2048,512,107.41
5242,64,512,512,83.5587
5242,64,512,512,83.7385
5242,64,512,512,86.537
5242,64,512,512,79.2464
340868,4161,512,512,308.237
144656,64,512,512,496.861
145219,64,512,512,896.883
143086,64,512,512,887.392
134140,64,512,512,832.085
617373,256,512,512,2345.7
511909,64,2048,512,824.951
152784,64,512,512,952.589
177501,64,512,512,1106.15
138819,64,512,512,861.797
175788,64,512,512,1095.87
148318,64,512,512,921.866
146820,64,512,512,915.059
139898,64,512,512,870.695
135158,64,512,512,841.022
605239,256,512,512,2310.58
498916,64,2048,512,806.575
135302,64,512,512,842.695
167130,64,512,512,1041.96
127129,64,512,512,792.325
160282,64,512,512,998.763
137228,64,512,512,854.057
141001,64,512,512,875.918
127709,64,512,512,689.012
127997,64,512,512,653.487
614701,256,512,512,1877.45
495116,64,2048,512,597.362
141404,64,512,512,653.514
162547,64,512,512,817.964
133241,64,512,512,838.364
157924,64,512,512,994.705
140148,64,512,512,875.848
155781,64,512,512,975.905
131610,64,512,512,823.558
141524,64,512,512,890.543
622718,256,512,512,2403.37
500156,64,2048,512,809.73
145809,64,512,512,913.055
161899,64,512,512,1020.94
134961,64,512,512,848.704
157923,64,512,512,993.586
144846,64,512,512,907.435
169827,64,512,512,1063.4
137419,64,512,512,859.164
157723,64,512,512,985.886
638805,256,512,512,2452.97
520728,64,2048,512,842.94
138115,64,512,512,863.08
151839,64,512,512,950.588
128572,64,512,512,809.042
149774,64,512,512,937.866
147527,64,512,512,923.821
166724,64,512,512,1045.1
145068,64,512,512,907.861
157919,64,512,512,993.641
662743,256,512,512,2554.97
529525,64,2048,512,860.799
123866,64,512,512,779.201
147677,64,512,512,923.748
110753,64,512,512,670.231
145625,64,512,512,875.481
485342,256,512,512,1760.96
372276,64,2048,512,551.311
137762,64,512,512,750.671
152588,64,512,512,839.188
124825,64,512,512,781.122
152847,64,512,512,956.757
472169,256,512,512,1829.4
364688,64,2048,512,643.553
105892,64,512,512,664.388
152424,64,512,512,958.894
96613,64,512,512,608.67
141359,64,512,512,884.416
498329,256,512,512,1927.19
374306,64,2048,512,645.952
111037,64,512,512,695.536
141993,64,512,512,892.469
105115,64,512,512,664.09
131116,64,512,512,825.132
521358,256,512,512,2013.92
382228,64,2048,512,642.09
112897,64,512,512,707.886
135583,64,512,512,852.083
105657,64,512,512,666.331
124591,64,512,512,784.501
524195,256,512,512,2022.16
379576,64,2048,512,639.063
123414,64,512,512,773.008
142424,64,512,512,894.342
114404,64,512,512,719.765
133618,64,512,512,840.804
518126,256,512,512,1998.85
360766,64,2048,512,606.032
127963,64,512,512,802.051
137811,64,512,512,865.818
119801,64,512,512,755.108
131226,64,512,512,826.492
8449349,4161,512,512,2149.25
110054,64,512,512,675.164
100849,64,512,512,657.983
69340,64,512,512,439.357
69926,64,512,512,444.532
520881,256,512,512,2006.83
420270,64,2048,512,688.959
176573,64,512,512,1112.41
164906,64,512,512,1039.55
119346,64,512,512,752.107
163179,64,512,512,1019.5
131179,64,512,512,821.002
106332,64,512,512,673.025
80702,64,512,512,517.273
75910,64,512,512,485.949
434108,256,512,512,1684.76
364167,64,2048,512,602.448
115824,64,512,512,729.118
118372,64,512,512,749.333
73184,64,512,512,471.92
95756,64,512,512,603.125
132447,64,512,512,828.995
106685,64,512,512,678.831
85843,64,512,512,496.144
78662,64,512,512,401.923
451905,256,512,512,1406.8
377715,64,2048,512,471.618
131164,64,512,512,614.938
130939,64,512,512,616.434
81929,64,512,512,525.094
114764,64,512,512,724.862
133557,64,512,512,834.214
114906,64,512,512,722.082
86931,64,512,512,549.968
87415,64,512,512,560.551
480220,256,512,512,1860.99
389027,64,2048,512,638.951
144587,64,512,512,908.233
131025,64,512,512,824.643
92656,64,512,512,591.519
115987,64,512,512,727.63
144703,64,512,512,905.242
128707,64,512,512,806.501
97146,64,512,512,614.5
100981,64,512,512,645.168
519534,256,512,512,2006.34
435213,64,2048,512,711.739
151362,64,512,512,948.034
131393,64,512,512,826.942
95590,64,512,512,605.532
119793,64,512,512,754.095
145197,64,512,512,792.018
145080,64,512,512,789.539
101998,64,512,512,565.979
112628,64,512,512,606.362
562881,256,512,512,1853.99
463789,64,2048,512,611.336
130724,64,512,512,649.657
106538,64,512,512,530.828
68242,64,512,512,355.84
94758,64,512,512,475.243
464225,256,512,512,1364.58
348379,64,2048,512,448.203
157973,64,512,512,716.55
128921,64,512,512,615.99
96673,64,512,512,613.799
122165,64,512,512,770.642
225571,256,512,512,961.749
205326,64,2048,512,460.809
65235,64,512,512,419.999
83880,64,512,512,594.082
37002,64,512,512,283.927
58084,64,512,512,369.65
281342,256,512,512,1160.18
253598,64,2048,512,490.325
84469,64,512,512,540.681
98998,64,512,512,643.999
45258,64,512,512,329.391
74105,64,512,512,468.811
291371,256,512,512,1201.28
256402,64,2048,512,487.58
109587,64,512,512,687.086
99608,64,512,512,634.42
60842,64,512,512,400.008
76770,64,512,512,485.032
301623,256,512,512,1081.71
236448,64,2048,512,367.322
116101,64,512,512,616.405
93737,64,512,512,555.442
69341,64,512,512,404.917
72872,64,512,512,418.415
266304,256,512,512,986.799
179846,64,2048,512,350.193
118976,64,512,512,677.771
87654,64,512,512,513.621
69802,64,512,512,440.643
68146,64,512,512,429.599
8099792,4161,512,512,2061.83
69048,64,512,512,429.341
70699,64,512,512,481.426
55824,64,512,512,358.882
51977,64,512,512,333.004
440834,256,512,512,1710.26
349724,64,2048,512,584.574
142988,64,512,512,894.798
140146,64,512,512,876.152
102718,64,512,512,647.505
144324,64,512,512,906.076
90907,64,512,512,571.894
79001,64,512,512,521.154
71333,64,512,512,453.898
59864,64,512,512,383.809
350127,256,512,512,1391.17
278118,64,2048,512,487.909
77453,64,512,512,493.838
97490,64,512,512,622.966
58782,64,512,512,387.116
79224,64,512,512,502.717
72798,64,512,512,467.677
80140,64,512,512,521.818
60387,64,512,512,400.282
59524,64,512,512,313.355
377531,256,512,512,1177.55
301616,64,2048,512,399.354
85602,64,512,512,404.205
106244,64,512,512,502.144
64319,64,512,512,315.492
92139,64,512,512,438.743
80374,64,512,512,384.481
91729,64,512,512,439.192
68532,64,512,512,329.644
70060,64,512,512,343.576
413100,256,512,512,1151.61
326865,64,2048,512,380.604
100219,64,512,512,433.602
112406,64,512,512,688.036
76218,64,512,512,476.42
99957,64,512,512,616.851
89251,64,512,512,555.314
113306,64,512,512,695.215
75834,64,512,512,478.566
88878,64,512,512,552.88
454699,256,512,512,1707.88
370593,64,2048,512,599.359
99341,64,512,512,606.653
113026,64,512,512,689.682
75788,64,512,512,466.333
103039,64,512,512,629.334
95971,64,512,512,592.607
126777,64,512,512,772.98
84980,64,512,512,528.337
99415,64,512,512,617.201
483495,256,512,512,1812.78
392291,64,2048,512,630.073
78700,64,512,512,491.228
89338,64,512,512,555.818
60344,64,512,512,388.052
81600,64,512,512,488.901
377485,256,512,512,1364.52
263284,64,2048,512,424.669
125652,64,512,512,676.704
98723,64,512,512,541.912
91651,64,512,512,501.781
101724,64,512,512,547.338
139876,256,512,512,572.95
104165,64,2048,512,263.007
40729,64,512,512,243.263
59136,64,512,512,340.743
32292,64,512,512,210.967
38547,64,512,512,216.914
194581,256,512,512,694.368
150283,64,2048,512,263.589
42786,64,512,512,229.399
66156,64,512,512,344.503
33491,64,512,512,255.06
47033,64,512,512,280.749
247017,256,512,512,956.946
179358,64,2048,512,330.087
55210,64,512,512,341.833
68722,64,512,512,432.37
40973,64,512,512,275.174
52095,64,512,512,312.11
248270,256,512,512,948.311
172574,64,2048,512,314.859
71451,64,512,512,413.241
73260,64,512,512,450.157
54975,64,512,512,335.818
59423,64,512,512,351.212
222621,256,512,512,850.71
136351,64,2048,512,278.305
74612,64,512,512,436.592
68003,64,512,512,416.922
58713,64,512,512,354.92
55485,64,512,512,343.733
5628498,4161,512,512,1174.94
55839,64,512,512,328.211
47152,64,512,512,448.229
40749,64,512,512,260.728
31688,64,512,512,216.729
246942,256,512,512,1041.24
187181,64,2048,512,367.706
108105,64,512,512,677.519
107497,64,512,512,679.276
65349,64,512,512,426.285
112066,64,512,512,702.322
53552,64,512,512,342.121
46022,64,512,512,377.935
38979,64,512,512,259.584
28332,64,512,512,194.401
181465,256,512,512,812.114
138731,64,2048,512,334.064
44787,64,512,512,306.542
56702,64,512,512,416.842
30654,64,512,512,236.163
40235,64,512,512,277.112
49209,64,512,512,344.446
55295,64,512,512,394.574
37240,64,512,512,282.269
33400,64,512,512,265.51
209478,256,512,512,904.285
170877,64,2048,512,370.662
59402,64,512,512,398.07
78627,64,512,512,515.255
40400,64,512,512,307.873
58892,64,512,512,396.947
51857,64,512,512,353.937
60576,64,512,512,417.527
42887,64,512,512,322.342
40323,64,512,512,307.957
249613,256,512,512,1043.54
196462,64,2048,512,381.514
65126,64,512,512,424.029
73887,64,512,512,487.157
44367,64,512,512,302.431
60688,64,512,512,409.871
60021,64,512,512,411.607
83964,64,512,512,544.142
47934,64,512,512,346.655
56646,64,512,512,396.343
302452,256,512,512,1059.52
246814,64,2048,512,364.713
65341,64,512,512,348.852
81599,64,512,512,455.671
45839,64,512,512,273.838
66444,64,512,512,379.326
63673,64,512,512,369.353
94580,64,512,512,522.254
54191,64,512,512,326.452
65642,64,512,512,387.765
343356,256,512,512,1178.9
257197,64,2048,512,379.172
41783,64,512,512,262.549
52641,64,512,512,320.538
29547,64,512,512,222.64
42360,64,512,512,275.965
216719,256,512,512,798.896
149618,64,2048,512,322.433
81604,64,512,512,448.789
64242,64,512,512,394.943
43030,64,512,512,254.194
61783,64,512,512,344.116
48481,256,512,512,294.133
38360,64,2048,512,247.827
18164,64,512,512,127.091
29508,64,512,512,302.265
13422,64,512,512,99.5825
18682,64,512,512,101.571
101911,256,512,512,416.295
82333,64,2048,512,229.636
19741,64,512,512,126.578
38241,64,512,512,275.902
15129,64,512,512,107.119
25640,64,512,512,128.132
114133,256,512,512,403.597
85304,64,2048,512,208.401
36347,64,512,512,184.559
44755,64,512,512,250.855
25265,64,512,512,157.544
30012,64,512,512,153.854
115983,256,512,512,393.767
83975,64,2048,512,198.277
48912,64,512,512,221.399
44247,64,512,512,231.686
33185,64,512,512,195.223
27808,64,512,512,157.982
83494,256,512,512,338.297
48292,64,2048,512,170.827
42541,64,512,512,204.093
43863,64,512,512,244.758
30263,64,512,512,168.107
31688,64,512,512,157.95
4570384,4161,512,512,1088.99
34247,64,512,512,220.28
19404,64,512,512,368.735
16396,64,512,512,111.901
11969,64,512,512,90.2769
104673,256,512,512,550.671
81975,64,2048,512,262.343
97078,64,512,512,610.39
69893,64,512,512,504.949
25760,64,512,512,199.656
69617,64,512,512,442.372
48869,64,512,512,311.512
21820,64,512,512,311.013
15338,64,512,512,121.97
10662,64,512,512,84.4334
41663,256,512,512,319.047
36012,64,2048,512,261.484
42364,64,512,512,300.858
32657,64,512,512,289.455
13187,64,512,512,158.086
17178,64,512,512,158.005
50871,64,512,512,347.847
27364,64,512,512,289.43
15168,64,512,512,185.641
13381,64,512,512,145.492
52212,256,512,512,369.05
48390,64,2048,512,287.79
55223,64,512,512,376.641
42626,64,512,512,328.327
15872,64,512,512,188.7
24727,64,512,512,230.767
54011,64,512,512,364.347
38147,64,512,512,316.027
17464,64,512,512,172.064
16461,64,512,512,182.628
72869,256,512,512,368.148
71587,64,2048,512,235.132
66349,64,512,512,315.196
49036,64,512,512,250.726
18628,64,512,512,137.702
30148,64,512,512,172.569
63533,64,512,512,304.018
47347,64,512,512,251.546
19514,64,512,512,141.533
23243,64,512,512,165.383
100398,256,512,512,393.756
85572,64,2048,512,191.323
58607,64,512,512,266.861
37223,64,512,512,207.092
14595,64,512,512,138.914
23119,64,512,512,156.134
70285,64,512,512,341.426
56422,64,512,512,294.255
21842,64,512,512,165.447
27155,64,512,512,203.522
130289,256,512,512,481.224
90678,64,2048,512,175.511
48564,64,512,512,244.458
26377,64,512,512,201.727
9201,64,512,512,117.111
16237,64,512,512,135.329
58872,256,512,512,269.312
55804,64,2048,512,198.51
69433,64,512,512,327.217
57004,64,512,512,342.061
12532,64,512,512,101.761
53312,64,512,512,255.688
19051,256,512,512,132.987
20119,64,2048,512,206.824
10834,64,512,512,72.138
21594,64,512,512,271.592
3649,64,512,512,58.9508
14972,64,512,512,84.7994
19537,256,512,512,156.425
20744,64,2048,512,203.811
32975,64,512,512,169.278
19159,64,512,512,267.377
8520,64,512,512,82.1062
9463,64,512,512,57.3901
21054,256,512,512,152.374
21606,64,2048,512,174.792
19284,64,512,512,100.435
16852,64,512,512,176.672
5429,64,512,512,62.7797
8863,64,512,512,58.3222
20900,256,512,512,142.439
18007,64,2048,512,145.83
29744,64,512,512,139.289
15941,64,512,512,152.728
7369,64,512,512,73.1145
9554,64,512,512,62.3279
16100,256,512,512,124.901
9871,64,2048,512,110.79
32053,64,512,512,131.404
18132,64,512,512,130.997
7471,64,512,512,68.6334
12811,64,512,512,65.5512
2802367,4161,512,512,768.595
17538,64,512,512,107.821
9689,64,512,512,258.362
9630,64,512,512,67.6328
5732,64,512,512,51.3653
49727,256,512,512,389.764
41575,64,2048,512,207.768
60339,64,512,512,390.536
33846,64,512,512,340.625
10762,64,512,512,96.6437
34845,64,512,512,226.396
27165,64,512,512,179.994
12022,64,512,512,231.437
7018,64,512,512,81.2597
4981,64,512,512,60.3483
18329,256,512,512,224.132
18724,64,2048,512,218.145
20384,64,512,512,178.711
20795,64,512,512,228.699
5704,64,512,512,105.661
9461,64,512,512,120.462
21954,64,512,512,214.459
12498,64,512,512,220.105
5460,64,512,512,114.742
4860,64,512,512,93.4055
19355,256,512,512,242.096
20125,64,2048,512,212.348
29397,64,512,512,235.898
26491,64,512,512,239.024
6978,64,512,512,125.216
12252,64,512,512,157.639
23425,64,512,512,206.407
20550,64,512,512,241.063
6200,64,512,512,116.169
7340,64,512,512,114.968
25190,256,512,512,275.418
29575,64,2048,512,235.12
33448,64,512,512,255.154
35320,64,512,512,292.251
8490,64,512,512,89.3367
16466,64,512,512,108.336
25495,64,512,512,165.679
36244,64,512,512,191.002
7017,64,512,512,91.8906
11888,64,512,512,109.567
33082,256,512,512,204.64
44738,64,2048,512,168.144
25079,64,512,512,139.355
31458,64,512,512,178.214
6391,64,512,512,86.3864
14370,64,512,512,105.974
44130,64,512,512,206.882
37424,64,512,512,195.925
10100,64,512,512,100.158
15476,64,512,512,134.207
42127,256,512,512,221.926
29857,64,2048,512,103.507
18768,64,512,512,111.992
14559,64,512,512,121.359
3701,64,512,512,56.1739
9011,64,512,512,84.8126
26707,256,512,512,153.574
26895,64,2048,512,130.809
46041,64,512,512,183.889
39819,64,512,512,200.295
5371,64,512,512,52.8161
35052,64,512,512,140.424
3789,256,512,512,54.1743
3298,64,2048,512,76.3144
10357,64,512,512,57.0257
5954,64,512,512,117.089
2109,64,512,512,32.7707
2920,64,512,512,25.5633
3678,256,512,512,39.8628
3035,64,2048,512,76.674
3920,64,512,512,32.586
6539,64,512,512,105.465
1294,64,512,512,24.9622
3906,64,512,512,26.8088
6591,256,512,512,72.7802
6228,64,2048,512,84.3209
10973,64,512,512,64.3541
10235,64,512,512,123.923
2888,64,512,512,44.3083
6614,64,512,512,38.5224
5856,256,512,512,65.714
5056,64,2048,512,74.7525
21060,64,512,512,96.2541
9576,64,512,512,112.468
4067,64,512,512,49.9735
4228,64,512,512,40.6509
4933,256,512,512,57.2346
2797,64,2048,512,54.0888
16062,64,512,512,87.15
8583,64,512,512,97.9099
3442,64,512,512,51.4195
6578,64,512,512,45.9574
1362291,4161,512,512,490.883
0,64,512,512,0
929,64,512,512,80.446
0,64,512,512,0
246,64,512,512,12.7374
14047,256,512,512,216.652
20596,64,2048,512,224.264
22905,64,512,512,180.722
27236,64,512,512,295.216
5473,64,512,512,53.3085
25435,64,512,512,187.683
0,64,512,512,0
77,64,512,512,9.67564
0,64,512,512,0
19,64,512,512,2.25452
1932,256,512,512,48.7875
1833,64,2048,512,101.435
8299,64,512,512,120.12
20258,64,512,512,253.108
4656,64,512,512,84.0751
6968,64,512,512,104.588
39,64,512,512,2.62031
6,64,512,512,0.812458
8,64,512,512,1.06237
20,64,512,512,2.11305
1005,256,512,512,37.908
960,64,2048,512,72.5933
15889,64,512,512,154.199
26465,64,512,512,274.164
4629,64,512,512,108.175
9380,64,512,512,122.473
2992,64,512,512,40.8302
1844,64,512,512,127.701
640,64,512,512,28.1462
401,64,512,512,17.9657
1423,256,512,512,49.5264
1698,64,2048,512,115.594
13471,64,512,512,131.576
25799,64,512,512,262.123
5084,64,512,512,111.387
10880,64,512,512,130.844
10658,64,512,512,90.962
7785,64,512,512,216.391
5360,64,512,512,58.8108
2762,64,512,512,37.36
1185,256,512,512,27.2772
1198,64,2048,512,94.7107
4459,64,512,512,57.435
4413,64,512,512,147.212
1897,64,512,512,35.2138
1883,64,512,512,30.3416
30410,64,512,512,165.514
23696,64,512,512,208.099
14210,64,512,512,115.472
7168,64,512,512,74.5677
1373,256,512,512,21.9381
1671,64,2048,512,98.0705
5531,64,512,512,46.0477
2353,64,512,512,82.0701
2904,64,512,512,33.967
743,64,512,512,23.7777
0,256,512,512,0
0,64,2048,512,0
9554,64,512,512,63.4895
19357,64,512,512,139.112
5442,64,512,512,50.875
13274,64,512,512,58.686
0,256,512,512,0
0,64,2048,512,0
1670,64,512,512,23.0357
1644,64,512,512,78.065
1203,64,512,512,17.7812
301,64,512,512,11.2307
159,256,512,512,3.07903
274,64,2048,512,20.8544
87,64,512,512,3.35159
193,64,512,512,12.92
15,64,512,512,1.03957
19,64,512,512,1.34234
0,256,512,512,0
0,64,2048,512,0
0,64,512,512,0
0,64,512,512,0
0,64,512,512,0
0,64,512,512,0
0,256,512,512,0
0,64,2048,512,0
0,64,512,512,0
0,64,512,512,0
0,64,512,512,0
0,64,512,512,0
0,256,512,512,0
0,64,2048,512,0
0,64,512,512,0
0,64,512,512,0
0,64,512,512,0
0,64,512,512,0
850094,4161,512,512,409.585
