128761,64,512,512,3297.05
132877,64,512,512,4704.45
142349,64,512,512,5094.98
122501,64,512,512,4352.21
657561,256,512,512,10142.7
587093,64,2048,512,6795.62
158760,64,512,512,5604.95
161312,64,512,512,5735.8
154701,64,512,512,5464.84
163812,64,512,512,5782.67
138452,64,512,512,4924.05
140197,64,512,512,4977.04
139415,64,512,512,4960.01
130440,64,512,512,4647.99
615379,256,512,512,9496.09
552458,64,2048,512,6492.37
122396,64,512,512,4372.85
163814,64,512,512,5821.4
119017,64,512,512,4236.28
156550,64,512,512,5565.55
130692,64,512,512,4683.31
144385,64,512,512,5099.02
131820,64,512,512,4679.29
133155,64,512,512,4732.67
629035,256,512,512,9709.53
550086,64,2048,512,6477.84
129969,64,512,512,3360.43
164324,64,512,512,4188
131426,64,512,512,3378.42
157607,64,512,512,4046.81
132401,64,512,512,3394.19
158040,64,512,512,4039.17
136023,64,512,512,3490.79
146596,64,512,512,3754.48
640824,256,512,512,7013.34
560424,64,2048,512,4675.51
133334,64,512,512,3388.97
165516,64,512,512,4223.29
134172,64,512,512,3444.64
161231,64,512,512,4090.89
128782,64,512,512,3299.22
171580,64,512,512,4362.4
135490,64,512,512,3448.98
157572,64,512,512,4019.53
655737,256,512,512,7165.57
588044,64,2048,512,4798.43
125661,64,512,512,3246.4
154825,64,512,512,3980.52
127452,64,512,512,3282.6
153730,64,512,512,3920.12
129316,64,512,512,3320.66
176891,64,512,512,4500.43
141501,64,512,512,3604.29
161782,64,512,512,4094.97
673253,256,512,512,7353.41
611291,64,2048,512,5012.7
102691,64,512,512,2646.78
136832,64,512,512,3503.77
105460,64,512,512,2723.44
134494,64,512,512,3451.88
546132,256,512,512,5939.21
478771,64,2048,512,4127.5
126309,64,512,512,3272.01
127433,64,512,512,3297.98
124950,64,512,512,3231.24
136926,64,512,512,3533.43
512834,256,512,512,5612.35
430911,64,2048,512,3690.59
89535,64,512,512,2348.84
142150,64,512,512,3647.68
83912,64,512,512,2242.72
126151,64,512,512,3261.03
526135,256,512,512,5742.11
434134,64,2048,512,3707.96
100634,64,512,512,2657.37
132334,64,512,512,3419.54
96583,64,512,512,2527.94
120956,64,512,512,3078.67
527460,256,512,512,5727.54
428269,64,2048,512,3681.04
103808,64,512,512,2703.95
127274,64,512,512,3287.38
102659,64,512,512,2674.26
119034,64,512,512,3091.24
529427,256,512,512,5762.57
424951,64,2048,512,3654.25
117377,64,512,512,3030.01
122898,64,512,512,3182.49
114955,64,512,512,2950.71
118573,64,512,512,3042.92
504860,256,512,512,5500.24
400093,64,2048,512,3472.86
115234,64,512,512,2972.53
120376,64,512,512,3131.5
114692,64,512,512,2985.09
119087,64,512,512,3093.24
7941902,4161,512,512,6047.11
82388,64,512,512,3801.99
95040,64,512,512,4274.82
95047,64,512,512,4330.77
81972,64,512,512,3753.19
559163,256,512,512,10661.3
479025,64,2048,512,7055.25
123005,64,512,512,5423.58
134139,64,512,512,5988.18
117970,64,512,512,5274.02
136606,64,512,512,6078.13
108827,64,512,512,4826.63
113602,64,512,512,5010.57
110167,64,512,512,4879.17
103331,64,512,512,4649.83
500782,256,512,512,9607.28
433174,64,2048,512,6472.17
83660,64,512,512,3790.23
139159,64,512,512,6108.99
79680,64,512,512,3599.98
128804,64,512,512,5747.29
93269,64,512,512,4266.59
116477,64,512,512,5174.82
96336,64,512,512,4367.12
100708,64,512,512,4528.11
513866,256,512,512,9822.77
431100,64,2048,512,6427.86
94610,64,512,512,3544.77
138919,64,512,512,3533.54
97046,64,512,512,2572.84
129913,64,512,512,3353.16
91737,64,512,512,2377.99
128003,64,512,512,3296.52
97528,64,512,512,2571.51
111611,64,512,512,2861.15
530735,256,512,512,5796.07
446252,64,2048,512,3775.67
96734,64,512,512,2525.65
139126,64,512,512,3538.1
97673,64,512,512,2563.49
132027,64,512,512,3402.34
99926,64,512,512,2616.01
146522,64,512,512,3763.12
105672,64,512,512,2704.1
131348,64,512,512,3397.27
560299,256,512,512,6124.22
483219,64,2048,512,4054.48
99871,64,512,512,2606.21
139835,64,512,512,3596.55
100632,64,512,512,2652.61
135476,64,512,512,3472.38
100073,64,512,512,2609.31
158983,64,512,512,4068.95
110849,64,512,512,2867.95
140232,64,512,512,3605.17
584554,256,512,512,6420.95
515851,64,2048,512,4315.47
72786,64,512,512,1972.13
111169,64,512,512,2882.17
75465,64,512,512,2054.01
108697,64,512,512,2809.64
418763,256,512,512,4590.72
331624,64,2048,512,3037.32
104724,64,512,512,2724.72
104369,64,512,512,2718.71
100685,64,512,512,2612.54
114837,64,512,512,2985.35
384080,256,512,512,4252.46
294467,64,2048,512,2715.37
52376,64,512,512,1526.52
108226,64,512,512,2863.76
49216,64,512,512,1457.47
88225,64,512,512,2319.74
390912,256,512,512,4318.26
292071,64,2048,512,2721.85
68275,64,512,512,1883.63
97898,64,512,512,2566.32
65237,64,512,512,1819.72
82951,64,512,512,2207.92
395711,256,512,512,4363.9
291221,64,2048,512,2698.78
71474,64,512,512,1908.42
99155,64,512,512,2607.5
69597,64,512,512,1889.49
91595,64,512,512,2422.2
386282,256,512,512,4253.72
286061,64,2048,512,2673.98
74946,64,512,512,2042.31
93347,64,512,512,2445.12
73526,64,512,512,1997.68
87577,64,512,512,2345.49
372892,256,512,512,4121.7
268393,64,2048,512,2544.51
83966,64,512,512,2234.62
91238,64,512,512,2384.41
82765,64,512,512,2185.97
85516,64,512,512,2264.57
6970877,4161,512,512,5576.25
48820,64,512,512,2068.92
61079,64,512,512,2520.41
59699,64,512,512,2415.47
49720,64,512,512,2021.53
457008,256,512,512,7287.94
380232,64,2048,512,4814.38
100329,64,512,512,3770.71
112503,64,512,512,4158.74
94479,64,512,512,3573.72
114846,64,512,512,4222.96
82527,64,512,512,3170.38
86541,64,512,512,3324.51
84021,64,512,512,3173.56
74658,64,512,512,2915.73
371268,256,512,512,5965.49
296938,64,2048,512,3942.2
59207,64,512,512,2325.09
110975,64,512,512,4099.37
55989,64,512,512,2266.88
99131,64,512,512,3742.65
59373,64,512,512,2388.27
88269,64,512,512,3350.58
64712,64,512,512,2578.78
69763,64,512,512,2750.64
383955,256,512,512,6148.51
302682,64,2048,512,4038.55
75307,64,512,512,2845.6
120987,64,512,512,3138.77
74395,64,512,512,1997.62
110489,64,512,512,2847.68
69106,64,512,512,1884.01
107546,64,512,512,2758.76
74384,64,512,512,1966.43
86780,64,512,512,2294.63
406737,256,512,512,4455.99
316678,64,2048,512,2867.83
75207,64,512,512,2040.06
115311,64,512,512,2963.34
77122,64,512,512,2048.51
106452,64,512,512,2752.81
75019,64,512,512,2031.28
125521,64,512,512,3241.37
83525,64,512,512,2224.61
105434,64,512,512,2765.75
445126,256,512,512,4882.29
360576,64,2048,512,3164.73
66207,64,512,512,1827.8
107436,64,512,512,2765.85
69103,64,512,512,1882.22
100659,64,512,512,2648.77
80509,64,512,512,2144.63
140067,64,512,512,3581.1
94610,64,512,512,2480.64
117697,64,512,512,3033.74
469702,256,512,512,5141.64
393501,64,2048,512,3409.35
53044,64,512,512,1540.55
91720,64,512,512,2410.59
54347,64,512,512,1560.21
87767,64,512,512,2310.8
319674,256,512,512,3596.16
246891,64,2048,512,2523.91
64552,64,512,512,1772.4
73664,64,512,512,2003.23
61364,64,512,512,1716.04
83434,64,512,512,2220.08
237924,256,512,512,2975.42
152630,64,2048,512,1832.79
32419,64,512,512,1084.78
75766,64,512,512,2165.15
30510,64,512,512,1032.82
57281,64,512,512,1563.88
239685,256,512,512,2952.25
155797,64,2048,512,1879.98
43886,64,512,512,1271.85
73089,64,512,512,2063.99
39292,64,512,512,1154.08
62094,64,512,512,1657.56
241817,256,512,512,2921.84
154531,64,2048,512,1879.17
49628,64,512,512,1442.31
57036,64,512,512,1707.84
48540,64,512,512,1428.7
49310,64,512,512,1450.96
219154,256,512,512,2722.99
147362,64,2048,512,1835.81
33528,64,512,512,1046.2
53373,64,512,512,1658.22
34631,64,512,512,1104.45
44365,64,512,512,1286.79
195846,256,512,512,2502.76
120625,64,2048,512,1591.96
54241,64,512,512,1564.58
71756,64,512,512,1986.19
51254,64,512,512,1503.86
64594,64,512,512,1797.88
5924545,4161,512,512,4859.69
45935,64,512,512,1509.08
46296,64,512,512,1723.63
52919,64,512,512,1681.35
38370,64,512,512,1278.39
331367,256,512,512,4449.17
265406,64,2048,512,3044.33
65174,64,512,512,2104.61
85635,64,512,512,2733.73
59884,64,512,512,1974.7
89665,64,512,512,2836.85
45262,64,512,512,1548.83
57303,64,512,512,2011.4
48014,64,512,512,1633.84
44781,64,512,512,1515.37
250381,256,512,512,3603.79
189258,64,2048,512,2474.07
40322,64,512,512,1502.31
85967,64,512,512,2716.42
36932,64,512,512,1362.84
74639,64,512,512,2420.52
44052,64,512,512,1570.8
61540,64,512,512,2057.76
47508,64,512,512,1690.51
46746,64,512,512,1686.35
265383,256,512,512,3776.5
195030,64,2048,512,2510.09
42118,64,512,512,1542.54
91334,64,512,512,2868.59
42774,64,512,512,1283.19
79227,64,512,512,2099.96
38467,64,512,512,1207.25
71031,64,512,512,1923.46
44005,64,512,512,1347.66
53746,64,512,512,1548.4
283233,256,512,512,3281.84
202509,64,2048,512,2133.27
46461,64,512,512,1407.46
78908,64,512,512,2148.63
48194,64,512,512,1456.44
72580,64,512,512,1981.69
43854,64,512,512,1366.59
96524,64,512,512,2512.01
51673,64,512,512,1523.17
76538,64,512,512,2045.84
320489,256,512,512,3582.31
247453,64,2048,512,2396.27
40847,64,512,512,1232.41
81975,64,512,512,2172.17
42541,64,512,512,1274.86
75412,64,512,512,2049.06
49860,64,512,512,1495.93
110313,64,512,512,2824.17
61547,64,512,512,1738.69
88378,64,512,512,2360.46
345592,256,512,512,3830.64
274829,64,2048,512,2558.62
25374,64,512,512,811.643
60536,64,512,512,1739.68
25890,64,512,512,863.594
57422,64,512,512,1603.36
209395,256,512,512,2638.7
151186,64,2048,512,1857.15
32695,64,512,512,1032
42140,64,512,512,1325.93
30524,64,512,512,991.351
49135,64,512,512,1422.49
126254,256,512,512,1963.07
76575,64,2048,512,1333.97
17164,64,512,512,679.788
52044,64,512,512,1632.42
14299,64,512,512,602.984
37690,64,512,512,1138.07
146819,256,512,512,2146.6
84761,64,2048,512,1385.95
23183,64,512,512,864.081
49133,64,512,512,1544.09
21266,64,512,512,812.853
36818,64,512,512,1093.7
144374,256,512,512,2089.79
87498,64,2048,512,1394.1
20567,64,512,512,763.172
39685,64,512,512,1340.81
19186,64,512,512,720.17
32050,64,512,512,973.045
133310,256,512,512,1989.41
81004,64,2048,512,1282.41
25603,64,512,512,875.897
40168,64,512,512,1306.42
23381,64,512,512,816.75
32959,64,512,512,992.544
117647,256,512,512,1819.54
69633,64,2048,512,1144.79
23953,64,512,512,833.511
31670,64,512,512,1081.07
22904,64,512,512,825.742
28133,64,512,512,939.127
4045117,4161,512,512,3487.11
34335,64,512,512,1037.13
29747,64,512,512,1074.36
42332,64,512,512,2033.82
23730,64,512,512,1271.26
165318,256,512,512,3680.48
114116,64,2048,512,2515.98
34464,64,512,512,1712.04
60724,64,512,512,2733.35
30956,64,512,512,1577.93
62144,64,512,512,2740.79
27947,64,512,512,1373.15
32084,64,512,512,1770.94
31500,64,512,512,1526.55
26063,64,512,512,1304.74
144805,256,512,512,3357.14
93516,64,2048,512,2401.42
19984,64,512,512,1246.98
51570,64,512,512,2417.51
18956,64,512,512,1179.82
45617,64,512,512,2162.26
17384,64,512,512,1180.53
30722,64,512,512,1724.56
20613,64,512,512,1226.87
23618,64,512,512,1428.26
150601,256,512,512,3486.36
91018,64,2048,512,2319.32
22986,64,512,512,1379.71
50560,64,512,512,2382.38
23332,64,512,512,1412.11
48332,64,512,512,2327.15
18710,64,512,512,1120.48
48771,64,512,512,2341.8
22976,64,512,512,1286.29
37207,64,512,512,1973.16
158689,256,512,512,3612.31
91220,64,2048,512,1433.04
25803,64,512,512,850.812
51980,64,512,512,1521.73
27000,64,512,512,910.269
50793,64,512,512,1467.97
22110,64,512,512,876.165
70194,64,512,512,1909.94
27829,64,512,512,1001.8
55987,64,512,512,1658.15
166966,256,512,512,2291.35
100492,64,2048,512,1468.42
16560,64,512,512,687.28
39864,64,512,512,1291
17972,64,512,512,723.52
38720,64,512,512,1214.45
24537,64,512,512,880.38
65081,64,512,512,1816.75
35051,64,512,512,1118.68
54980,64,512,512,1672.55
189128,256,512,512,2468.47
109440,64,2048,512,1426.95
6244,64,512,512,357.944
26927,64,512,512,964.942
7420,64,512,512,393.373
26093,64,512,512,898.945
53227,256,512,512,1203.01
34630,64,2048,512,988.29
13396,64,512,512,562.769
27558,64,512,512,935.706
12282,64,512,512,518.536
32402,64,512,512,1055.28
59715,256,512,512,1283.6
31978,64,2048,512,969.719
8006,64,512,512,424.63
25723,64,512,512,939.214
7531,64,512,512,407.356
18901,64,512,512,719.251
73174,256,512,512,1397.8
37471,64,2048,512,1018.3
7276,64,512,512,346.724
25171,64,512,512,936.836
6459,64,512,512,316.206
19734,64,512,512,701.124
77994,256,512,512,1486.71
38793,64,2048,512,1033.3
11015,64,512,512,535.513
24419,64,512,512,869.458
10472,64,512,512,506.467
20582,64,512,512,763.454
70998,256,512,512,1407.72
35760,64,2048,512,1001.93
8285,64,512,512,458.13
20839,64,512,512,765.938
7826,64,512,512,428.213
17985,64,512,512,670.582
61917,256,512,512,1301.62
28848,64,2048,512,764.343
11904,64,512,512,511.355
21574,64,512,512,833.185
11724,64,512,512,502.395
20289,64,512,512,703.96
1938914,4161,512,512,2437.12
13591,64,512,512,447.473
11834,64,512,512,661.348
18364,64,512,512,669.364
8842,64,512,512,355.029
107573,256,512,512,2016.91
80849,64,2048,512,1495.84
16771,64,512,512,740.094
28842,64,512,512,1193.19
13807,64,512,512,637.792
31600,64,512,512,1092.37
13156,64,512,512,516.98
15612,64,512,512,825.812
15414,64,512,512,566.301
10938,64,512,512,461.222
48981,256,512,512,1342.06
34082,64,2048,512,1083.6
7091,64,512,512,451.27
27698,64,512,512,1146.98
6302,64,512,512,384.671
21599,64,512,512,893.549
6119,64,512,512,401.855
11183,64,512,512,633.552
7324,64,512,512,427.679
7750,64,512,512,459.71
55048,256,512,512,1426.99
35955,64,2048,512,1099.6
8454,64,512,512,512.937
27387,64,512,512,1140.92
8560,64,512,512,497.511
22070,64,512,512,941.441
7508,64,512,512,479.725
18737,64,512,512,908.226
9838,64,512,512,564.844
12906,64,512,512,678.258
63204,256,512,512,1525.3
40951,64,2048,512,1123.36
10143,64,512,512,582.46
31538,64,512,512,1209.82
10640,64,512,512,571.438
26736,64,512,512,1103.9
10085,64,512,512,593.17
31635,64,512,512,1251.94
12905,64,512,512,691.574
23675,64,512,512,1019.01
75648,256,512,512,1453.39
51508,64,2048,512,951.82
8793,64,512,512,391.409
23635,64,512,512,868.695
8673,64,512,512,420.401
20949,64,512,512,754.079
11498,64,512,512,539.045
50919,64,512,512,1510.43
15955,64,512,512,657.456
35619,64,512,512,1195.38
90763,256,512,512,1621.52
66881,64,2048,512,948.662
2012,64,512,512,134.638
9731,64,512,512,434.299
2143,64,512,512,143.279
8160,64,512,512,403.748
53936,256,512,512,1185.25
37885,64,2048,512,942.149
4860,64,512,512,231.353
8693,64,512,512,459.331
4594,64,512,512,228.991
10765,64,512,512,442.828
19771,256,512,512,686.985
11460,64,2048,512,515.201
3116,64,512,512,207.863
17085,64,512,512,793.348
2706,64,512,512,193.749
11679,64,512,512,473.26
21492,256,512,512,728.697
12675,64,2048,512,562.63
3128,64,512,512,194.599
8602,64,512,512,488.186
2649,64,512,512,170.419
5842,64,512,512,298.332
21069,256,512,512,735.714
12926,64,2048,512,521.276
3130,64,512,512,204.973
8456,64,512,512,484.628
2888,64,512,512,189.257
5920,64,512,512,273.773
16569,256,512,512,622.829
10555,64,2048,512,469.352
3975,64,512,512,224.779
9829,64,512,512,533.179
3688,64,512,512,209.148
6880,64,512,512,283.456
14652,256,512,512,555.02
9374,64,2048,512,355.632
2878,64,512,512,187.648
5607,64,512,512,329.533
2627,64,512,512,172.209
4187,64,512,512,228.334
1251031,4161,512,512,2049.68
7994,64,512,512,289.661
6230,64,512,512,405.632
10825,64,512,512,365.054
4266,64,512,512,191.276
37336,256,512,512,1048.56
28863,64,2048,512,847.462
5646,64,512,512,311.826
17872,64,512,512,775.643
4679,64,512,512,281.83
21603,64,512,512,737.729
5126,64,512,512,218.634
5757,64,512,512,364.288
6474,64,512,512,259.964
3865,64,512,512,195.913
18332,256,512,512,688.761
14699,64,2048,512,642.027
3668,64,512,512,232.515
11791,64,512,512,571.286
3797,64,512,512,241.185
10070,64,512,512,463.235
3401,64,512,512,209.417
5162,64,512,512,330.17
4111,64,512,512,246.467
3691,64,512,512,233.511
13036,256,512,512,569.709
9863,64,2048,512,512.13
4359,64,512,512,282.633
13924,64,512,512,648.646
4174,64,512,512,275.404
11995,64,512,512,586.078
3302,64,512,512,220.243
7543,64,512,512,436.003
4222,64,512,512,262.572
6012,64,512,512,345.368
12635,256,512,512,548.551
9668,64,2048,512,499.452
4405,64,512,512,258.471
10699,64,512,512,543.449
4559,64,512,512,258.245
9516,64,512,512,491.703
4352,64,512,512,281.837
15753,64,512,512,696.621
5559,64,512,512,322.951
12052,64,512,512,569.456
14538,256,512,512,601.389
11200,64,2048,512,485.309
2258,64,512,512,153.736
8183,64,512,512,462.986
2408,64,512,512,155.502
6857,64,512,512,364.219
4500,64,512,512,295.651
23566,64,512,512,899.198
5989,64,512,512,348.223
17053,64,512,512,727.741
17556,256,512,512,689.071
14256,64,2048,512,385.424
742,64,512,512,56.4863
2728,64,512,512,187.536
806,64,512,512,64.4511
2370,64,512,512,158.003
21989,256,512,512,764.071
16969,64,2048,512,672.856
1040,64,512,512,79.5146
6990,64,512,512,401.854
971,64,512,512,74.3261
10210,64,512,512,465.924
4276,256,512,512,218.452
3145,64,2048,512,215.346
1083,64,512,512,86.8681
7508,64,512,512,455.177
989,64,512,512,75.5106
5246,64,512,512,266.172
3167,256,512,512,180.826
2309,64,2048,512,166.696
1566,64,512,512,110.725
4323,64,512,512,275.361
1368,64,512,512,96.7212
3317,64,512,512,175.051
2099,256,512,512,127.854
1606,64,2048,512,126.078
1259,64,512,512,94.0782
3983,64,512,512,265.489
1243,64,512,512,93.0847
2880,64,512,512,182.452
1483,256,512,512,93.7532
1166,64,2048,512,85.7708
827,64,512,512,63.3929
1872,64,512,512,139.973
712,64,512,512,54.9118
1394,64,512,512,91.7634
1887,256,512,512,114.424
1200,64,2048,512,84.7084
419,64,512,512,34.9768
812,64,512,512,63.7254
391,64,512,512,31.881
645,64,512,512,50.9165
584680,4161,512,512,1638.55
131072,64,512,512,3366
131072,64,512,512,3397.05
131072,64,512,512,3381.41
131072,64,512,512,3398.01
524288,256,512,512,5707.97
524288,64,2048,512,4413.61
131072,64,512,512,3346.1
131072,64,512,512,3382.88
131072,64,512,512,3335.8
131072,64,512,512,3398.75
131072,64,512,512,3410.11
131072,64,512,512,3364.13
131072,64,512,512,3372.98
131072,64,512,512,3396.42
524288,256,512,512,5718.58
524288,64,2048,512,4393.21
131072,64,512,512,3395.65
131072,64,512,512,3383.43
131072,64,512,512,3367.24
131072,64,512,512,3405.46
131071,64,512,512,3385.61
131072,64,512,512,3378.31
131072,64,512,512,3378.41
131072,64,512,512,3383.73
524288,256,512,512,5720.7
524288,64,2048,512,4385.56
131072,64,512,512,3396.22
131072,64,512,512,3369.46
131072,64,512,512,3366.89
131072,64,512,512,3389.55
131072,64,512,512,3367.27
131072,64,512,512,3359.85
131072,64,512,512,3349.92
131072,64,512,512,3409.5
524288,256,512,512,5703.67
524287,64,2048,512,4371.79
131072,64,512,512,3379.97
131072,64,512,512,3392.76
131072,64,512,512,3386.24
131072,64,512,512,3383.24
131072,64,512,512,3377.73
131072,64,512,512,3341.41
131072,64,512,512,3357.19
131072,64,512,512,3344.58
524288,256,512,512,5705.97
524288,64,2048,512,4389.92
131072,64,512,512,3363.57
131072,64,512,512,3353.38
131072,64,512,512,3386
131072,64,512,512,3384.38
131072,64,512,512,3363.19
131072,64,512,512,3376.65
131072,64,512,512,3363.89
131072,64,512,512,3352.44
524288,256,512,512,5711.26
524288,64,2048,512,4392.34
131072,64,512,512,3329.52
131072,64,512,512,3366.92
131072,64,512,512,3327.41
131072,64,512,512,3374.99
524288,256,512,512,5749.06
524288,64,2048,512,4371.93
131072,64,512,512,3303.85
131072,64,512,512,3459.47
131072,64,512,512,3293.55
131072,64,512,512,3375.31
524288,256,512,512,5719.57
524288,64,2048,512,4459.21
131072,64,512,512,3392.13
131072,64,512,512,3426.13
131072,64,512,512,3410
131072,64,512,512,3385.12
524288,256,512,512,5695.82
524288,64,2048,512,4545.9
131072,64,512,512,3376.4
131072,64,512,512,3383.78
131072,64,512,512,3367.27
131072,64,512,512,3393.83
524288,256,512,512,5702.5
524288,64,2048,512,4496.33
131072,64,512,512,3385.37
131072,64,512,512,3395.84
131072,64,512,512,3383.87
131072,64,512,512,3408.95
524288,256,512,512,5705.92
524288,64,2048,512,4465.74
131072,64,512,512,3393.17
131072,64,512,512,3388.98
131072,64,512,512,3402.86
131072,64,512,512,3379.12
524288,256,512,512,5698.78
524288,64,2048,512,4475.95
131072,64,512,512,3391.61
131072,64,512,512,3385.37
131072,64,512,512,3383.95
131072,64,512,512,3382.72
8521728,4161,512,512,6487.18
104857,64,512,512,2709.66
104857,64,512,512,2740.33
104857,64,512,512,2723.93
104857,64,512,512,2731.16
419430,256,512,512,4618.2
419430,64,2048,512,3620.78
104857,64,512,512,2786.34
104857,64,512,512,2742.5
104857,64,512,512,2737.58
104857,64,512,512,2740.62
104857,64,512,512,2713.14
104857,64,512,512,2713.4
104857,64,512,512,2708.41
104857,64,512,512,2723.67
419430,256,512,512,4610.46
419430,64,2048,512,3611.58
104857,64,512,512,2721.99
104857,64,512,512,2744.18
104857,64,512,512,2730.49
104857,64,512,512,2734.88
104857,64,512,512,2735.06
104856,64,512,512,2704.65
104857,64,512,512,2697.31
104857,64,512,512,2770.51
419430,256,512,512,4619.36
419430,64,2048,512,3598.5
104857,64,512,512,2678.17
104857,64,512,512,2729.94
104857,64,512,512,2708.37
104857,64,512,512,2752.15
104857,64,512,512,2726.06
104857,64,512,512,2726.28
104857,64,512,512,2689.2
104857,64,512,512,2751.74
419429,256,512,512,4614.59
419429,64,2048,512,3609.23
104857,64,512,512,2720
104857,64,512,512,2731.07
104857,64,512,512,2700.71
104857,64,512,512,2727.61
104857,64,512,512,2690.43
104857,64,512,512,2720.69
104857,64,512,512,2703.57
104857,64,512,512,2764.96
419430,256,512,512,4606.38
419430,64,2048,512,3600.18
104857,64,512,512,2694.99
104857,64,512,512,2708.02
104857,64,512,512,2691.05
104857,64,512,512,2750.34
104857,64,512,512,2721.46
104857,64,512,512,2699.5
104857,64,512,512,2688.04
104857,64,512,512,2735.06
419430,256,512,512,4614.71
419430,64,2048,512,3609.49
104857,64,512,512,2718.13
104857,64,512,512,2717.49
104857,64,512,512,2698.41
104857,64,512,512,2717.23
419430,256,512,512,4652.69
419430,64,2048,512,3607.48
104857,64,512,512,2708.02
104857,64,512,512,2783.54
104857,64,512,512,2680.74
104857,64,512,512,2745.42
419430,256,512,512,4616.11
419430,64,2048,512,3685.94
104857,64,512,512,2698.74
104857,64,512,512,2730.92
104857,64,512,512,2749.8
104857,64,512,512,2716.3
419430,256,512,512,4586.99
419430,64,2048,512,3652.8
104857,64,512,512,2736.86
104857,64,512,512,2729.87
104857,64,512,512,2716.92
104857,64,512,512,2733.76
419430,256,512,512,4594.96
419430,64,2048,512,3657.92
104857,64,512,512,2731.16
104857,64,512,512,2754.02
104857,64,512,512,2753.78
104857,64,512,512,2752.47
419429,256,512,512,4589.63
419430,64,2048,512,3704.49
104857,64,512,512,2749.71
104857,64,512,512,2745.8
104857,64,512,512,2717.97
104857,64,512,512,2732.14
419430,256,512,512,4592.62
419430,64,2048,512,3644.1
104857,64,512,512,2749.44
104857,64,512,512,2735.99
104857,64,512,512,2685.73
104857,64,512,512,2744.79
6817381,4161,512,512,5280.86
78643,64,512,512,2089.41
78642,64,512,512,3641.83
78643,64,512,512,3587.37
78643,64,512,512,3644.04
314572,256,512,512,6197.2
314572,64,2048,512,4989.03
78643,64,512,512,3607.37
78643,64,512,512,3600.77
78643,64,512,512,3567.89
78643,64,512,512,3709.9
78643,64,512,512,3566.63
78643,64,512,512,3554.18
78643,64,512,512,3594.23
78643,64,512,512,3603.86
314572,256,512,512,6232.51
314571,64,2048,512,5039.26
78643,64,512,512,3578.85
78643,64,512,512,3668.05
78643,64,512,512,3600.46
78643,64,512,512,3666.98
78643,64,512,512,3628.96
78643,64,512,512,3603.08
78643,64,512,512,3620.55
78643,64,512,512,3601.74
314572,256,512,512,6224.88
314572,64,2048,512,5053.52
78643,64,512,512,3618.68
78643,64,512,512,3597.47
78643,64,512,512,2999.53
78643,64,512,512,2084.79
78643,64,512,512,2091.93
78643,64,512,512,2090.84
78643,64,512,512,2094.68
78643,64,512,512,2135.48
314572,256,512,512,3544.24
314572,64,2048,512,2839.67
78643,64,512,512,2069.79
78643,64,512,512,2119.65
78643,64,512,512,2078.85
78643,64,512,512,2077.87
78643,64,512,512,2085.95
78643,64,512,512,2107.49
78643,64,512,512,2094.7
78643,64,512,512,2154.73
314572,256,512,512,3538.78
314572,64,2048,512,2846.55
78643,64,512,512,2089.24
78643,64,512,512,2135.98
78643,64,512,512,2073.56
78643,64,512,512,2089.52
78643,64,512,512,2101.59
78643,64,512,512,2117.29
78643,64,512,512,2101.94
78643,64,512,512,2162.43
314572,256,512,512,3540.67
314572,64,2048,512,2876.86
78643,64,512,512,2106.54
78643,64,512,512,2096.01
78643,64,512,512,2099.98
78643,64,512,512,2086.04
314572,256,512,512,3680.23
314572,64,2048,512,2818.66
78643,64,512,512,2114.5
78643,64,512,512,2105.21
78643,64,512,512,2072.52
78643,64,512,512,2129.48
314572,256,512,512,3617.98
314572,64,2048,512,2911.92
78643,64,512,512,2129.15
78643,64,512,512,2116.32
78643,64,512,512,2113.17
78643,64,512,512,2173.64
314572,256,512,512,3570.48
314572,64,2048,512,2952.24
78643,64,512,512,2111.13
78643,64,512,512,2117.15
78643,64,512,512,2091.31
78643,64,512,512,2122.26
314572,256,512,512,3570.03
314571,64,2048,512,2925.61
78643,64,512,512,2086.9
78643,64,512,512,2099.72
78643,64,512,512,2103
78643,64,512,512,2117.42
314572,256,512,512,3563.9
314572,64,2048,512,2891.11
78643,64,512,512,2087.14
78643,64,512,512,2125.72
78643,64,512,512,2111.89
78643,64,512,512,2119.06
314572,256,512,512,3571.36
314572,64,2048,512,2851.76
78643,64,512,512,2099.24
78643,64,512,512,2095.75
78643,64,512,512,2115.19
78643,64,512,512,2120.56
5113037,4161,512,512,4310.91
52428,64,512,512,1603.06
52428,64,512,512,1622.45
52428,64,512,512,1591.47
52428,64,512,512,1656.23
209715,256,512,512,2807.91
209715,64,2048,512,2253.99
52428,64,512,512,1609.32
52428,64,512,512,1627.27
52428,64,512,512,1609.72
52428,64,512,512,1618.13
52428,64,512,512,1616.71
52428,64,512,512,1641.24
52428,64,512,512,1611.59
52428,64,512,512,1581.42
209715,256,512,512,2810.95
209715,64,2048,512,2292.64
52428,64,512,512,1605.99
52428,64,512,512,1645.09
52428,64,512,512,1590.94
52428,64,512,512,1604.02
52428,64,512,512,1625.72
52428,64,512,512,1643.96
52428,64,512,512,1613.39
52428,64,512,512,1593.81
209715,256,512,512,2802.31
209715,64,2048,512,2314.88
52428,64,512,512,1624.1
52428,64,512,512,1654.96
52428,64,512,512,1518.12
52428,64,512,512,1505.36
52428,64,512,512,1520.73
52428,64,512,512,1539.47
52428,64,512,512,1507.36
52428,64,512,512,1516.78
209715,256,512,512,2638.57
209715,64,2048,512,2147.72
52428,64,512,512,1517.19
52428,64,512,512,1531.26
52428,64,512,512,1507.4
52428,64,512,512,1526.77
52428,64,512,512,1558.33
52428,64,512,512,1529.04
52428,64,512,512,1503.73
52428,64,512,512,1533.54
209715,256,512,512,2644.27
209715,64,2048,512,2147.91
52428,64,512,512,1512.65
52428,64,512,512,1552.92
52428,64,512,512,1522.57
52428,64,512,512,1482.94
52428,64,512,512,1530.73
52428,64,512,512,1526.62
52428,64,512,512,1520.7
52428,64,512,512,1555.52
209715,256,512,512,2649.49
209715,64,2048,512,2132.13
52428,64,512,512,1545.04
52428,64,512,512,1541.28
52428,64,512,512,1522.56
52428,64,512,512,1511.11
209715,256,512,512,2647.53
209715,64,2048,512,2138.96
52428,64,512,512,1586.08
52428,64,512,512,1525.37
52428,64,512,512,1608.93
52428,64,512,512,1572.6
209715,256,512,512,2653.33
209715,64,2048,512,2160.18
52428,64,512,512,1538.1
52428,64,512,512,1533.95
52428,64,512,512,1529.28
52428,64,512,512,1538.32
209715,256,512,512,2653.84
209715,64,2048,512,2180.24
52428,64,512,512,1530.12
52428,64,512,512,1515.03
52428,64,512,512,1513.89
52428,64,512,512,1547.96
209715,256,512,512,2605.36
209715,64,2048,512,2180.79
52428,64,512,512,1547.13
52428,64,512,512,1531.01
52428,64,512,512,1530.19
52428,64,512,512,1498.32
209715,256,512,512,2635.51
209715,64,2048,512,2174.75
52428,64,512,512,1531.11
52428,64,512,512,1538.62
52428,64,512,512,1497.47
52428,64,512,512,1540.41
209715,256,512,512,2640.74
209715,64,2048,512,2155.89
52428,64,512,512,1517.95
52428,64,512,512,1515.49
52428,64,512,512,1505.04
52428,64,512,512,1549.38
3408691,4161,512,512,3080.36
26214,64,512,512,905.248
26214,64,512,512,842.42
26214,64,512,512,888.272
26214,64,512,512,946.376
104857,256,512,512,1780.05
104857,64,2048,512,1497.46
26214,64,512,512,929.287
26214,64,512,512,903.094
26214,64,512,512,927.755
26214,64,512,512,948.044
26214,64,512,512,933.298
26214,64,512,512,970.856
26214,64,512,512,899.376
26214,64,512,512,953.302
104857,256,512,512,1814.88
104857,64,2048,512,1536.73
26214,64,512,512,918.652
26214,64,512,512,971.373
26214,64,512,512,896.1
26214,64,512,512,903.445
26214,64,512,512,968.513
26214,64,512,512,976.28
26214,64,512,512,937.376
26214,64,512,512,945.554
104857,256,512,512,1802.75
104857,64,2048,512,1506.07
26214,64,512,512,926.72
26214,64,512,512,991.348
26214,64,512,512,927.622
26214,64,512,512,884.861
26214,64,512,512,976.439
26214,64,512,512,969.162
26214,64,512,512,947.423
26214,64,512,512,971.216
104857,256,512,512,1815.85
104857,64,2048,512,1456.76
26214,64,512,512,919.669
26214,64,512,512,958.334
26214,64,512,512,942.812
26214,64,512,512,854.268
26214,64,512,512,972.296
26214,64,512,512,953.4
26214,64,512,512,948.999
26214,64,512,512,933.194
104857,256,512,512,1758.71
104857,64,2048,512,1427.54
26214,64,512,512,932.52
26214,64,512,512,939.455
26214,64,512,512,925.871
26214,64,512,512,889.723
26214,64,512,512,984.737
26214,64,512,512,923.628
26214,64,512,512,958.651
26214,64,512,512,961.663
104857,256,512,512,1772.24
104857,64,2048,512,1237.35
26214,64,512,512,954.159
26214,64,512,512,871.603
26214,64,512,512,970.822
26214,64,512,512,936.769
104857,256,512,512,1774.55
104857,64,2048,512,1409.34
26214,64,512,512,942.304
26214,64,512,512,905.248
26214,64,512,512,1019.37
26214,64,512,512,921.72
104857,256,512,512,1774.28
104857,64,2048,512,1420.31
26214,64,512,512,939.371
26214,64,512,512,935.557
26214,64,512,512,934.286
26214,64,512,512,949.074
104857,256,512,512,1742.64
104857,64,2048,512,1508.42
26214,64,512,512,936.016
26214,64,512,512,960.308
26214,64,512,512,931.847
26214,64,512,512,957.962
104857,256,512,512,1685.24
104857,64,2048,512,1448.39
26214,64,512,512,933.787
26214,64,512,512,940.55
26214,64,512,512,915.583
26214,64,512,512,920.234
104857,256,512,512,1703.69
104857,64,2048,512,1405.48
26214,64,512,512,924.544
26214,64,512,512,903.007
26214,64,512,512,906.549
26214,64,512,512,940.413
104857,256,512,512,1753.09
104857,64,2048,512,1389.68
26214,64,512,512,952.707
26214,64,512,512,907.069
26214,64,512,512,947.755
26214,64,512,512,953.367
1704346,4161,512,512,2194.79
13107,64,512,512,564.281
13107,64,512,512,474.585
13107,64,512,512,541.689
13107,64,512,512,569.252
52428,256,512,512,1146.37
52428,64,2048,512,1005.2
13107,64,512,512,549.258
13107,64,512,512,495.832
13107,64,512,512,551.57
13107,64,512,512,574.082
13107,64,512,512,574.916
13107,64,512,512,554.003
13107,64,512,512,566.063
13107,64,512,512,553.477
52428,256,512,512,1223.44
52428,64,2048,512,991.733
13107,64,512,512,597.495
13107,64,512,512,561.524
13107,64,512,512,568.742
13107,64,512,512,567.104
13107,64,512,512,600.687
13107,64,512,512,575.689
13107,64,512,512,599.871
13107,64,512,512,593.345
52428,256,512,512,1235.73
52428,64,2048,512,1008.44
13107,64,512,512,534.033
13107,64,512,512,609.406
13107,64,512,512,540.684
13107,64,512,512,528.768
13107,64,512,512,605.203
13107,64,512,512,548.49
13107,64,512,512,571.617
13107,64,512,512,605.859
52428,256,512,512,1236.17
52427,64,2048,512,984.787
13107,64,512,512,617.826
13107,64,512,512,566.17
13107,64,512,512,609.486
13107,64,512,512,577.242
13107,64,512,512,629.983
13107,64,512,512,566.338
13107,64,512,512,599.742
13107,64,512,512,603.375
52428,256,512,512,1231.75
52428,64,2048,512,962.28
13107,64,512,512,603.002
13107,64,512,512,525.436
13107,64,512,512,605.273
13107,64,512,512,593.085
13107,64,512,512,614.874
13107,64,512,512,587.799
13107,64,512,512,598.271
13107,64,512,512,617.372
52428,256,512,512,1251.76
52428,64,2048,512,768.672
13107,64,512,512,611.628
13107,64,512,512,503.607
13107,64,512,512,608.301
13107,64,512,512,607.535
52428,256,512,512,1216.84
52428,64,2048,512,1057.54
13107,64,512,512,547.509
13107,64,512,512,546.995
13107,64,512,512,568.858
13107,64,512,512,540.015
52428,256,512,512,1205.74
52427,64,2048,512,967.757
13107,64,512,512,605.929
13107,64,512,512,571.298
13107,64,512,512,603.27
13107,64,512,512,610.773
52427,256,512,512,1142.23
52428,64,2048,512,1016.82
13107,64,512,512,601.799
13107,64,512,512,571.906
13107,64,512,512,614.261
13107,64,512,512,614.001
52428,256,512,512,1117.48
52428,64,2048,512,1016.83
13107,64,512,512,588.137
13107,64,512,512,565.476
13107,64,512,512,529.964
13107,64,512,512,561.126
52428,256,512,512,1214.64
52428,64,2048,512,999.616
13107,64,512,512,587.026
13107,64,512,512,552.638
13107,64,512,512,588.897
13107,64,512,512,576.053
52428,256,512,512,1222.66
52428,64,2048,512,1005.98
13107,64,512,512,564.251
13107,64,512,512,541.479
13107,64,512,512,545.863
13107,64,512,512,606.428
852171,4161,512,512,1772.47
5242,64,512,512,302.978
5242,64,512,512,243.139
5242,64,512,512,294.231
5242,64,512,512,321.965
20971,256,512,512,708.061
20971,64,2048,512,597.703
5242,64,512,512,307.043
5242,64,512,512,283.739
5242,64,512,512,314.245
5242,64,512,512,301.113
5242,64,512,512,290.486
5242,64,512,512,303.345
5242,64,512,512,287.051
5242,64,512,512,298.641
20971,256,512,512,767.501
20971,64,2048,512,660.907
5242,64,512,512,289.433
5242,64,512,512,322.671
5242,64,512,512,288.885
5242,64,512,512,299.42
5242,64,512,512,318.838
5242,64,512,512,309.177
5242,64,512,512,317.631
5242,64,512,512,313.64
20971,256,512,512,766.59
20971,64,2048,512,667.341
5242,64,512,512,314.245
5242,64,512,512,316.063
5242,64,512,512,304.546
5242,64,512,512,284.071
5242,64,512,512,325.003
5242,64,512,512,323.968
5242,64,512,512,314.569
5242,64,512,512,297.392
20971,256,512,512,751.363
20971,64,2048,512,625.084
5242,64,512,512,318.759
5242,64,512,512,322.442
5242,64,512,512,319.026
5242,64,512,512,321.312
5242,64,512,512,333.58
5242,64,512,512,313.804
5242,64,512,512,332.568
5242,64,512,512,324.928
20971,256,512,512,773.66
20971,64,2048,512,633.463
5242,64,512,512,334.718
5242,64,512,512,291.972
5242,64,512,512,326.751
5242,64,512,512,328.054
5242,64,512,512,338.904
5242,64,512,512,320.061
5242,64,512,512,323.138
5242,64,512,512,331.222
20971,256,512,512,774.338
20971,64,2048,512,533.566
5242,64,512,512,333.129
5242,64,512,512,238.026
5242,64,512,512,319.482
5242,64,512,512,308.506
20971,256,512,512,786.002
20971,64,2048,512,705.567
5242,64,512,512,299.468
5242,64,512,512,296.782
5242,64,512,512,324.538
5242,64,512,512,262.732
20971,256,512,512,760.767
20971,64,2048,512,645.032
5242,64,512,512,315.557
5242,64,512,512,284.886
5242,64,512,512,302.094
5242,64,512,512,321.527
20971,256,512,512,729.292
20971,64,2048,512,646.361
5242,64,512,512,318.572
5242,64,512,512,300.164
5242,64,512,512,310.539
5242,64,512,512,316.785
20971,256,512,512,648.905
20971,64,2048,512,604.09
5242,64,512,512,319.811
5242,64,512,512,296.54
5242,64,512,512,315.415
5242,64,512,512,310.562
20970,256,512,512,648.642
20971,64,2048,512,589.735
5242,64,512,512,317.27
5242,64,512,512,300.417
5242,64,512,512,306.628
5242,64,512,512,325.281
20971,256,512,512,737.353
20971,64,2048,512,600.501
5242,64,512,512,302.187
5242,64,512,512,284.09
5242,64,512,512,290.425
5242,64,512,512,309.126
340867,4161,512,512,1368.44
131072,64,512,512,3371.3
131072,64,512,512,3360.33
131072,64,512,512,3350.03
131072,64,512,512,3324.09
524288,256,512,512,5722.03
524288,64,2048,512,4352.97
131072,64,512,512,3352.65
131072,64,512,512,3348.29
131072,64,512,512,3365.97
131072,64,512,512,3355.68
131072,64,512,512,3356.73
131072,64,512,512,3370.16
131072,64,512,512,3366.78
131072,64,512,512,3380.24
524288,256,512,512,5728.61
524288,64,2048,512,4388.89
131072,64,512,512,3373.79
131072,64,512,512,3354.77
131072,64,512,512,3362.79
131072,64,512,512,3367.83
131072,64,512,512,3359.28
131072,64,512,512,3369.89
131072,64,512,512,3368.16
131072,64,512,512,3360.06
524288,256,512,512,5725.03
524288,64,2048,512,4386.97
131072,64,512,512,3338.99
131072,64,512,512,3369.84
131072,64,512,512,3351.13
131072,64,512,512,3374.09
131072,64,512,512,3376.02
131072,64,512,512,3343.25
131072,64,512,512,3357.86
131072,64,512,512,3362.35
524288,256,512,512,5716.57
524288,64,2048,512,4378.77
131072,64,512,512,3371.16
131072,64,512,512,3365.19
131072,64,512,512,3385.75
131072,64,512,512,3362.19
131072,64,512,512,3363.41
131072,64,512,512,3354.37
131072,64,512,512,3340.82
131072,64,512,512,3373.98
524288,256,512,512,5723.63
524288,64,2048,512,4359.21
131072,64,512,512,3340.05
131072,64,512,512,3353.11
131072,64,512,512,3366.21
131072,64,512,512,3325.43
131072,64,512,512,3367.73
131072,64,512,512,3373.55
131072,64,512,512,3342.42
131072,64,512,512,3340.08
524288,256,512,512,5721.93
524288,64,2048,512,4382.26
131072,64,512,512,3342.34
131072,64,512,512,3371.08
131072,64,512,512,3348.21
131072,64,512,512,3352.63
524288,256,512,512,5702.97
524288,64,2048,512,4380.99
131072,64,512,512,3321.61
131072,64,512,512,3351.9
131072,64,512,512,3345.38
131072,64,512,512,3341.06
524288,256,512,512,5696.85
524288,64,2048,512,4396.28
131072,64,512,512,3338.8
131072,64,512,512,3363.27
131072,64,512,512,3340.21
131072,64,512,512,3357.75
524288,256,512,512,5706.25
524288,64,2048,512,4388.39
131072,64,512,512,3350.05
131072,64,512,512,3367.73
131072,64,512,512,3357.03
131072,64,512,512,3335.3
524288,256,512,512,5723.63
524288,64,2048,512,4380.36
131072,64,512,512,3347.78
131072,64,512,512,3356.27
131072,64,512,512,3351.02
131072,64,512,512,3363.59
524288,256,512,512,5720.64
524288,64,2048,512,4374.12
131072,64,512,512,3335.48
131072,64,512,512,3359.85
131072,64,512,512,3335.88
131072,64,512,512,3358.21
524288,256,512,512,5720.51
524288,64,2048,512,4371.46
131072,64,512,512,3336.22
131072,64,512,512,3353.46
131072,64,512,512,3363.08
131072,64,512,512,3350.8
8521728,4161,512,512,6449.84
104857,64,512,512,4512.65
104857,64,512,512,4507.2
104857,64,512,512,4513.81
104857,64,512,512,4477.01
419430,256,512,512,7834.19
419430,64,2048,512,6100.41
104857,64,512,512,4502.48
104857,64,512,512,4510.95
104857,64,512,512,4487.13
104857,64,512,512,4492.89
104857,64,512,512,4494.76
104857,64,512,512,4481.55
104857,64,512,512,4494.28
104857,64,512,512,4498.25
419430,256,512,512,7834.55
419431,64,2048,512,6073.51
104857,64,512,512,4510.83
104857,64,512,512,4476.41
104857,64,512,512,4509.8
104857,64,512,512,4509.2
104857,64,512,512,4495.48
104857,64,512,512,4498.07
104857,64,512,512,4508.95
104857,64,512,512,4472
419430,256,512,512,7824.09
419430,64,2048,512,6064.03
104857,64,512,512,2702.43
104857,64,512,512,2721.13
104857,64,512,512,2702.59
104857,64,512,512,2696.61
104857,64,512,512,2703.46
104857,64,512,512,2707.12
104857,64,512,512,2715.82
104857,64,512,512,2708.67
419430,256,512,512,4612.1
419430,64,2048,512,3580.4
104857,64,512,512,2704.28
104857,64,512,512,2703.96
104857,64,512,512,2716.63
104857,64,512,512,2716.52
104857,64,512,512,2696.16
104857,64,512,512,2683.74
104857,64,512,512,2704.96
104857,64,512,512,2709.04
419430,256,512,512,4607.95
419430,64,2048,512,3556.83
104857,64,512,512,2694.43
104857,64,512,512,2687.05
104857,64,512,512,2710.38
104857,64,512,512,2709.98
104857,64,512,512,2702.52
104857,64,512,512,2690.97
104857,64,512,512,2681.57
104857,64,512,512,2705.51
419430,256,512,512,4611.38
419430,64,2048,512,3582.55
104857,64,512,512,2716.43
104857,64,512,512,2716.37
104857,64,512,512,2707.45
104857,64,512,512,2702.17
419430,256,512,512,4611.21
419430,64,2048,512,3580.09
104857,64,512,512,2688.79
104857,64,512,512,2703.04
104857,64,512,512,2714.87
104857,64,512,512,2713.58
419430,256,512,512,4613.82
419430,64,2048,512,3594.75
104857,64,512,512,2713.01
104857,64,512,512,2694.86
104857,64,512,512,2706.4
104857,64,512,512,2704.98
419430,256,512,512,4611.24
419430,64,2048,512,3575.62
104857,64,512,512,2701.5
104857,64,512,512,2710.29
104857,64,512,512,2683.99
104857,64,512,512,2714.85
419430,256,512,512,4610.76
419430,64,2048,512,3563.44
104857,64,512,512,2711.76
104857,64,512,512,2712.77
104857,64,512,512,2701.93
104857,64,512,512,2709.24
419430,256,512,512,4607.63
419430,64,2048,512,3592.08
104857,64,512,512,2709.79
104857,64,512,512,2698.85
104857,64,512,512,2698.35
104857,64,512,512,2694.71
419430,256,512,512,4608.82
419430,64,2048,512,3593.51
104857,64,512,512,2709.61
104857,64,512,512,2713.84
104857,64,512,512,2692.31
104857,64,512,512,2690.67
6817382,4161,512,512,5159.33
78643,64,512,512,3602.31
78643,64,512,512,3658.77
78643,64,512,512,3594.08
78643,64,512,512,3630.27
314572,256,512,512,6183.96
314572,64,2048,512,4950.14
78643,64,512,512,3612.55
78643,64,512,512,3624.05
78643,64,512,512,3599.94
78643,64,512,512,3624.78
78643,64,512,512,3560.57
78643,64,512,512,3626.24
78643,64,512,512,3585.58
78643,64,512,512,3624
314572,256,512,512,6166.68
314572,64,2048,512,4943.16
78643,64,512,512,3611
78643,64,512,512,3640.77
78643,64,512,512,3626.61
78643,64,512,512,3619.88
78643,64,512,512,3612.6
78643,64,512,512,3592.9
78643,64,512,512,3639.51
78643,64,512,512,3609.75
314572,256,512,512,6199.8
314572,64,2048,512,4962.78
78643,64,512,512,3621.08
78643,64,512,512,3617.17
78643,64,512,512,2102.12
78643,64,512,512,2096.88
78643,64,512,512,2111.38
78643,64,512,512,2094.2
78643,64,512,512,2125.77
78643,64,512,512,2089.88
314572,256,512,512,3529.29
314572,64,2048,512,2827.65
78643,64,512,512,2103.72
78643,64,512,512,2091.71
78643,64,512,512,2082.69
78643,64,512,512,2095.31
78643,64,512,512,2095.45
78643,64,512,512,2101.91
78643,64,512,512,2105.34
78643,64,512,512,2107.19
314572,256,512,512,3546.67
314572,64,2048,512,2821.42
78643,64,512,512,2097.86
78643,64,512,512,2098.25
78643,64,512,512,2109.26
78643,64,512,512,2096.69
78643,64,512,512,2124.78
78643,64,512,512,2099.72
78643,64,512,512,2111.45
78643,64,512,512,2101.49
314572,256,512,512,3538.43
314572,64,2048,512,2818.79
78643,64,512,512,2098.91
78643,64,512,512,2097.02
78643,64,512,512,2079.83
78643,64,512,512,2115.87
314572,256,512,512,3532.41
314572,64,2048,512,2834.01
78643,64,512,512,2099.17
78643,64,512,512,2105.13
78643,64,512,512,2078.68
78643,64,512,512,2108.39
314572,256,512,512,3523.97
314572,64,2048,512,2811.82
78643,64,512,512,2099.42
78643,64,512,512,2101.08
78643,64,512,512,2089.73
78643,64,512,512,2082.36
314572,256,512,512,3529.46
314572,64,2048,512,2819.82
78643,64,512,512,2094.67
78643,64,512,512,2095.73
78643,64,512,512,2085.66
78643,64,512,512,2107.22
314572,256,512,512,3540.72
314572,64,2048,512,2801.82
78643,64,512,512,2121.99
78643,64,512,512,2102.79
78643,64,512,512,2084.83
78643,64,512,512,2080.97
314572,256,512,512,3533.93
314572,64,2048,512,2829.48
78643,64,512,512,2112.6
78643,64,512,512,2094.13
78643,64,512,512,2105.13
78643,64,512,512,2108.41
314572,256,512,512,3524.16
314572,64,2048,512,2801.81
78643,64,512,512,2090.98
78643,64,512,512,2114.61
78643,64,512,512,2101.54
78643,64,512,512,2102
5113038,4161,512,512,3949.27
52428,64,512,512,1525.47
52428,64,512,512,1536.69
52428,64,512,512,1871.59
52428,64,512,512,1853.87
209715,256,512,512,3251.87
209715,64,2048,512,2622.15
52428,64,512,512,1867.26
52428,64,512,512,1865.04
52428,64,512,512,1863.98
52428,64,512,512,1863.49
52428,64,512,512,1871.7
52428,64,512,512,1860.99
52428,64,512,512,1867.45
52428,64,512,512,1864.58
209715,256,512,512,3242.77
209715,64,2048,512,2615.71
52428,64,512,512,1876.22
52428,64,512,512,1863.73
52428,64,512,512,1851.58
52428,64,512,512,1877.75
52428,64,512,512,1859.21
52428,64,512,512,1867.84
52428,64,512,512,1847.52
52428,64,512,512,1872.35
209715,256,512,512,3256.02
209715,64,2048,512,2629.21
52428,64,512,512,1853.69
52428,64,512,512,1862.99
52428,64,512,512,1873.89
52428,64,512,512,1864.77
52428,64,512,512,1858.59
52428,64,512,512,1546.96
52428,64,512,512,1535
52428,64,512,512,1537.91
209715,256,512,512,2647.69
209715,64,2048,512,2154.18
52428,64,512,512,1533.01
52428,64,512,512,1537.01
52428,64,512,512,1532.72
52428,64,512,512,1531.18
52428,64,512,512,1536.07
52428,64,512,512,1531.62
52428,64,512,512,1538.89
52428,64,512,512,1532.95
209715,256,512,512,2646.62
209715,64,2048,512,2163.23
52428,64,512,512,1536.91
52428,64,512,512,1539.52
52428,64,512,512,1546.06
52428,64,512,512,1539.37
52428,64,512,512,1546.42
52428,64,512,512,1551.73
52428,64,512,512,1532.03
52428,64,512,512,1525.44
209715,256,512,512,2651.3
209715,64,2048,512,2146.1
52428,64,512,512,1532.67
52428,64,512,512,1545.44
52428,64,512,512,1542.11
52428,64,512,512,1509.83
209716,256,512,512,2645.69
209715,64,2048,512,2159.29
52428,64,512,512,1539.85
52428,64,512,512,1537.73
52428,64,512,512,1540.24
52428,64,512,512,1524.26
209715,256,512,512,2647.41
209715,64,2048,512,2161.43
52428,64,512,512,1545.61
52428,64,512,512,1537.18
52428,64,512,512,1522.31
52428,64,512,512,1542.68
209715,256,512,512,2650.66
209715,64,2048,512,2135.35
52428,64,512,512,1540.74
52428,64,512,512,1535.52
52428,64,512,512,1538.86
52428,64,512,512,1538.27
209715,256,512,512,2648.13
209715,64,2048,512,2154.02
52428,64,512,512,1539.64
52428,64,512,512,1546.31
52428,64,512,512,1529.84
52428,64,512,512,1548.15
209715,256,512,512,2642.23
209715,64,2048,512,2161.99
52428,64,512,512,1531.02
52429,64,512,512,1531.56
52428,64,512,512,1542.82
52428,64,512,512,1540.54
209715,256,512,512,2647.31
209715,64,2048,512,2153.66
52428,64,512,512,1527.18
52428,64,512,512,1533.3
52428,64,512,512,1533.36
52428,64,512,512,1535.34
3408692,4161,512,512,2977.67
26214,64,512,512,1359.45
26214,64,512,512,1360.22
26214,64,512,512,1344.26
26214,64,512,512,1365.33
104857,256,512,512,2532.58
104857,64,2048,512,2163.98
26214,64,512,512,1357.89
26214,64,512,512,1350.21
26214,64,512,512,1355.14
26214,64,512,512,1361.37
26214,64,512,512,1346.03
26214,64,512,512,1364.8
26214,64,512,512,1360.7
26214,64,512,512,1358.66
104857,256,512,512,2542.35
104857,64,2048,512,2161.08
26214,64,512,512,1349.63
26214,64,512,512,1368.56
26214,64,512,512,1374.15
26214,64,512,512,1354.88
26214,64,512,512,1360.09
26214,64,512,512,1371.05
26214,64,512,512,1359.58
26214,64,512,512,1357.62
104857,256,512,512,2527.99
104857,64,2048,512,2157.83
26214,64,512,512,1355.32
26214,64,512,512,1359.18
26214,64,512,512,1357.84
26214,64,512,512,1357.75
26214,64,512,512,1357.84
26214,64,512,512,1344.26
26214,64,512,512,1363.96
26214,64,512,512,1375.11
104857,256,512,512,2531.44
104857,64,2048,512,1509.63
26214,64,512,512,971.857
26214,64,512,512,972.206
26214,64,512,512,976.882
26214,64,512,512,966.07
26214,64,512,512,970.609
26214,64,512,512,958.684
26214,64,512,512,966.805
26214,64,512,512,967.307
104857,256,512,512,1788.29
104857,64,2048,512,1509.33
26214,64,512,512,969.521
26214,64,512,512,970.216
26214,64,512,512,969.073
26214,64,512,512,970.339
26214,64,512,512,965.926
26214,64,512,512,968.938
26214,64,512,512,972.172
26214,64,512,512,970.149
104857,256,512,512,1781
104857,64,2048,512,1502.83
26214,64,512,512,966.816
26214,64,512,512,971.148
26214,64,512,512,962.766
26214,64,512,512,971.789
104857,256,512,512,1777.96
104857,64,2048,512,1516.67
26214,64,512,512,970.463
26214,64,512,512,972.398
26214,64,512,512,966.26
26214,64,512,512,962.623
104857,256,512,512,1774.96
104857,64,2048,512,1508.82
26214,64,512,512,966.694
26214,64,512,512,963.706
26214,64,512,512,972.635
26214,64,512,512,973.718
104857,256,512,512,1779.7
104857,64,2048,512,1507.1
26214,64,512,512,960.177
26214,64,512,512,972.871
26214,64,512,512,980.548
26214,64,512,512,969.846
104857,256,512,512,1775.77
104857,64,2048,512,1506.18
26214,64,512,512,975.179
26214,64,512,512,963.452
26214,64,512,512,969.386
26214,64,512,512,969.33
104857,256,512,512,1791.47
104857,64,2048,512,1518.07
26214,64,512,512,954.571
26214,64,512,512,974.657
26214,64,512,512,956.923
26214,64,512,512,943.565
104857,256,512,512,1779.24
104857,64,2048,512,1499.43
26214,64,512,512,954.148
26214,64,512,512,974.08
26214,64,512,512,974.216
26214,64,512,512,970.261
1704346,4161,512,512,2109.87
13107,64,512,512,670.477
13107,64,512,512,677.867
13107,64,512,512,655.647
13107,64,512,512,683.334
52428,256,512,512,1373.75
52428,64,2048,512,1223.3
13107,64,512,512,677.659
13107,64,512,512,676.206
13107,64,512,512,671.099
13107,64,512,512,661.771
13107,64,512,512,672.541
13107,64,512,512,678.943
13107,64,512,512,680.452
13107,64,512,512,681.58
52428,256,512,512,1374.08
52428,64,2048,512,1235.83
13107,64,512,512,676.37
13107,64,512,512,667.989
13107,64,512,512,650.976
13107,64,512,512,674.607
13107,64,512,512,663.845
13107,64,512,512,671.669
13107,64,512,512,665.752
13107,64,512,512,674.716
52428,256,512,512,1371.93
52428,64,2048,512,1234.04
13107,64,512,512,667.033
13107,64,512,512,686.589
13107,64,512,512,679.196
13107,64,512,512,680.761
13107,64,512,512,666.757
13107,64,512,512,673.849
13107,64,512,512,660.905
13107,64,512,512,675.226
52428,256,512,512,1352.37
52428,64,2048,512,1228.79
13107,64,512,512,666.238
13107,64,512,512,679.68
13107,64,512,512,670.692
13107,64,512,512,683.356
13107,64,512,512,662.189
13107,64,512,512,664.297
13107,64,512,512,679.801
13107,64,512,512,618.501
52428,256,512,512,1260.08
52428,64,2048,512,1137.5
13107,64,512,512,617.135
13107,64,512,512,629.029
13107,64,512,512,610.479
13107,64,512,512,619.505
13107,64,512,512,620.018
13107,64,512,512,613.911
13107,64,512,512,614.703
13107,64,512,512,626.501
52428,256,512,512,1253.84
52428,64,2048,512,1137.76
13107,64,512,512,619.67
13107,64,512,512,619.259
13107,64,512,512,613.453
13107,64,512,512,616.51
52428,256,512,512,1262.64
52428,64,2048,512,1121.18
13107,64,512,512,626.492
13107,64,512,512,621.525
13107,64,512,512,630.457
13107,64,512,512,626.417
52428,256,512,512,1261.93
52428,64,2048,512,1135.94
13107,64,512,512,618.428
13107,64,512,512,618.519
13107,64,512,512,626.323
13107,64,512,512,619.185
52428,256,512,512,1267.69
52428,64,2048,512,1129.75
13107,64,512,512,597.13
13107,64,512,512,609.424
13107,64,512,512,619.158
13107,64,512,512,629.416
52428,256,512,512,1261.42
52428,64,2048,512,1131.36
13107,64,512,512,623.4
13107,64,512,512,629.435
13107,64,512,512,601.989
13107,64,512,512,630.04
52428,256,512,512,1258.31
52428,64,2048,512,1142.97
13107,64,512,512,616.12
13107,64,512,512,605.43
13107,64,512,512,623.373
13107,64,512,512,607.016
52428,256,512,512,1262.02
52428,64,2048,512,1126.76
13107,64,512,512,608.284
13107,64,512,512,631.178
13107,64,512,512,617.608
13107,64,512,512,614.108
852173,4161,512,512,1693.64
5242,64,512,512,331.752
5242,64,512,512,334.631
5242,64,512,512,334.238
5242,64,512,512,330.263
20971,256,512,512,784.467
20971,64,2048,512,753.599
5242,64,512,512,328.89
5242,64,512,512,330.797
5242,64,512,512,331.976
5242,64,512,512,337.445
5242,64,512,512,334.925
5242,64,512,512,333.07
5242,64,512,512,329.459
5242,64,512,512,333.972
20971,256,512,512,795.77
20971,64,2048,512,754.955
5242,64,512,512,332.304
5242,64,512,512,332.186
5242,64,512,512,336.349
5242,64,512,512,333.739
5242,64,512,512,327.025
5242,64,512,512,329.136
5242,64,512,512,332.627
5242,64,512,512,331.936
20971,256,512,512,794.573
20971,64,2048,512,756.658
5242,64,512,512,324.356
5242,64,512,512,334.125
5242,64,512,512,331.713
5242,64,512,512,331.137
5242,64,512,512,334.691
5242,64,512,512,321.207
5242,64,512,512,332.806
5242,64,512,512,331.013
20971,256,512,512,792.125
20971,64,2048,512,754.039
5242,64,512,512,328.183
5242,64,512,512,333.374
5242,64,512,512,333.255
5242,64,512,512,324.519
5242,64,512,512,331.039
5242,64,512,512,333.189
5242,64,512,512,328.118
5242,64,512,512,331.989
20971,256,512,512,788.264
20971,64,2048,512,747.496
5242,64,512,512,335.066
5242,64,512,512,333.388
5242,64,512,512,324.331
5242,64,512,512,335.347
5242,64,512,512,337.113
5242,64,512,512,332.502
5242,64,512,512,332.885
5242,64,512,512,331.766
20971,256,512,512,791.424
20971,64,2048,512,757.623
5242,64,512,512,331.412
5242,64,512,512,333.123
5242,64,512,512,322.355
5242,64,512,512,333.368
20971,256,512,512,788.755
20971,64,2048,512,743.48
5242,64,512,512,334.999
5242,64,512,512,326.268
5242,64,512,512,323.724
5242,64,512,512,332.819
20971,256,512,512,791.947
20971,64,2048,512,744.057
5242,64,512,512,328.234
5242,64,512,512,334.531
5242,64,512,512,332.008
5242,64,512,512,327.599
20971,256,512,512,785.974
20971,64,2048,512,752.517
5242,64,512,512,331.019
5242,64,512,512,331.667
5242,64,512,512,333.447
5242,64,512,512,324.544
20971,256,512,512,780.971
20971,64,2048,512,758.909
5242,64,512,512,316.911
5242,64,512,512,331.497
5242,64,512,512,324.569
5242,64,512,512,332.581
20971,256,512,512,791.312
20971,64,2048,512,756.649
5242,64,512,512,333.613
5242,64,512,512,332.14
5242,64,512,512,324.991
5242,64,512,512,324.35
20971,256,512,512,790.902
20971,64,2048,512,765.191
5242,64,512,512,333.454
5242,64,512,512,333.932
5242,64,512,512,339.425
5242,64,512,512,324.758
340868,4161,512,512,1304.56
144656,64,512,512,3725.39
145219,64,512,512,3686.11
143086,64,512,512,3733.06
134140,64,512,512,3475.58
617373,256,512,512,6754.35
511909,64,2048,512,4263.46
152784,64,512,512,3949.88
177501,64,512,512,4516.49
138819,64,512,512,3588.85
175788,64,512,512,4474.22
148318,64,512,512,3762.74
146820,64,512,512,3746.21
139898,64,512,512,3569.51
135158,64,512,512,3472.68
605239,256,512,512,6649.92
498916,64,2048,512,4173.26
135302,64,512,512,3491.21
167130,64,512,512,4269.07
127129,64,512,512,3277.34
160282,64,512,512,4100.59
137228,64,512,512,3493.19
141001,64,512,512,3569.95
127709,64,512,512,3265.69
127997,64,512,512,3299.85
614701,256,512,512,6751.82
495116,64,2048,512,4138.14
141404,64,512,512,3610.44
162547,64,512,512,4155.91
133241,64,512,512,3417.06
157924,64,512,512,4025.69
140148,64,512,512,3574.95
155781,64,512,512,3964.27
131610,64,512,512,3355.79
141524,64,512,512,3628.67
622718,256,512,512,6809.03
500156,64,2048,512,4189.47
145809,64,512,512,3722.79
161899,64,512,512,4153.45
134961,64,512,512,3422.77
157923,64,512,512,4037.47
144846,64,512,512,3710.13
169827,64,512,512,4311.94
137419,64,512,512,3529.39
157723,64,512,512,4049.17
638805,256,512,512,6983.57
520728,64,2048,512,4375.44
138115,64,512,512,3533.34
151839,64,512,512,3880.4
128572,64,512,512,3316.59
149774,64,512,512,3805.78
147527,64,512,512,3766.14
166724,64,512,512,4230.46
145068,64,512,512,3726.08
157919,64,512,512,4024.28
662743,256,512,512,7245.81
529525,64,2048,512,4407.04
123866,64,512,512,3179.67
147677,64,512,512,3778.2
110753,64,512,512,2839.3
145625,64,512,512,3703.79
485342,256,512,512,5302.58
372276,64,2048,512,3312.07
137762,64,512,512,3507.34
152588,64,512,512,3876.08
124825,64,512,512,3257.78
152847,64,512,512,3897.98
472169,256,512,512,5179.31
364688,64,2048,512,3373.34
105892,64,512,512,2752
152424,64,512,512,3899.37
96613,64,512,512,2533.3
141359,64,512,512,3635.89
498329,256,512,512,5457.01
374306,64,2048,512,3382.93
111037,64,512,512,2866.28
141993,64,512,512,3614.78
105115,64,512,512,2708.21
131116,64,512,512,3379.63
521358,256,512,512,5710.95
382228,64,2048,512,3365.71
112897,64,512,512,2896.49
135583,64,512,512,3475.62
105657,64,512,512,2746.27
124591,64,512,512,3214.91
524195,256,512,512,5697.1
379576,64,2048,512,3358.35
123414,64,512,512,3191.95
142424,64,512,512,3621.37
114404,64,512,512,2914.68
133618,64,512,512,3430.42
518126,256,512,512,5631.48
360766,64,2048,512,3210.47
127963,64,512,512,3306.03
137811,64,512,512,3521.31
119801,64,512,512,3113.68
131226,64,512,512,3363.1
8449349,4161,512,512,6419.42
110054,64,512,512,4995.21
100849,64,512,512,4666.91
69340,64,512,512,3300.14
69926,64,512,512,3361.37
520881,256,512,512,9966.21
420270,64,2048,512,6342.14
176573,64,512,512,7699.69
164906,64,512,512,7221.34
119346,64,512,512,5293.83
163179,64,512,512,7105.07
131179,64,512,512,5788.06
106332,64,512,512,4797.09
80702,64,512,512,3684.23
75910,64,512,512,3499.72
434108,256,512,512,8391.25
364167,64,2048,512,5627.35
115824,64,512,512,5149.59
118372,64,512,512,5291.77
73184,64,512,512,3370.11
95756,64,512,512,4295.37
132447,64,512,512,5859.92
106685,64,512,512,4754.7
85843,64,512,512,3890.24
78662,64,512,512,3632.25
451905,256,512,512,8688.5
377715,64,2048,512,5803.55
131164,64,512,512,5656.45
130939,64,512,512,3395.03
81929,64,512,512,2166.73
114764,64,512,512,2955.1
133557,64,512,512,3408.4
114906,64,512,512,2966.61
86931,64,512,512,2273.21
87415,64,512,512,2311.8
480220,256,512,512,5262.7
389027,64,2048,512,3379.76
144587,64,512,512,3677.77
131025,64,512,512,3363.01
92656,64,512,512,2450.3
115987,64,512,512,2983.35
144703,64,512,512,3717.9
128707,64,512,512,3327.86
97146,64,512,512,2543.38
100981,64,512,512,2649.64
519534,256,512,512,5652.39
435213,64,2048,512,3692
151362,64,512,512,3877.87
131393,64,512,512,3365.14
95590,64,512,512,2527.77
119793,64,512,512,3120.39
145197,64,512,512,3721.45
145080,64,512,512,3698.1
101998,64,512,512,2678.74
112628,64,512,512,2914.83
562881,256,512,512,6155.11
463789,64,2048,512,3883.12
130724,64,512,512,3378.21
106538,64,512,512,2750.99
68242,64,512,512,1866.37
94758,64,512,512,2497.88
464225,256,512,512,5079.59
348379,64,2048,512,3299.98
157973,64,512,512,4024.37
128921,64,512,512,3338.41
96673,64,512,512,2519.29
122165,64,512,512,3154.63
225571,256,512,512,2803.4
205326,64,2048,512,2470.24
65235,64,512,512,1784.95
83880,64,512,512,2391.94
37002,64,512,512,1194.38
58084,64,512,512,1598.39
281342,256,512,512,3329.04
253598,64,2048,512,2644.92
84469,64,512,512,2257.06
98998,64,512,512,2635.9
45258,64,512,512,1396.26
74105,64,512,512,2008.4
291371,256,512,512,3392.95
256402,64,2048,512,2660.2
109587,64,512,512,2820.61
99608,64,512,512,2609.24
60842,64,512,512,1683
76770,64,512,512,2063.21
301623,256,512,512,3450.14
236448,64,2048,512,2440.83
116101,64,512,512,2977.93
93737,64,512,512,2497.61
69341,64,512,512,1890.25
72872,64,512,512,1975.13
266304,256,512,512,3113.37
179846,64,2048,512,2121.8
118976,64,512,512,3071.83
87654,64,512,512,2347.89
69802,64,512,512,1909.83
68146,64,512,512,1851.63
8099792,4161,512,512,6151.06
69048,64,512,512,1861.05
70699,64,512,512,2051.23
55824,64,512,512,2153.47
51977,64,512,512,1991.27
440834,256,512,512,6672.07
349724,64,2048,512,4245.35
142988,64,512,512,5060.52
140146,64,512,512,4925.62
102718,64,512,512,3638.33
144324,64,512,512,4995.32
90907,64,512,512,3259.78
79001,64,512,512,2957.8
71333,64,512,512,2612.3
59864,64,512,512,2263.56
350127,256,512,512,5370.41
278118,64,2048,512,3619.75
77453,64,512,512,2772.71
97490,64,512,512,3501.6
58782,64,512,512,2181.28
79224,64,512,512,2865.38
72798,64,512,512,2688.2
80140,64,512,512,2876.17
60387,64,512,512,2309.84
59524,64,512,512,2295.12
377531,256,512,512,5736.93
301616,64,2048,512,3788.05
85602,64,512,512,3104.9
106244,64,512,512,3706.48
64319,64,512,512,2409.4
92139,64,512,512,2415.73
80374,64,512,512,2158.47
91729,64,512,512,2404.84
68532,64,512,512,1838.52
70060,64,512,512,1906.72
413100,256,512,512,4524.32
326865,64,2048,512,2932.27
100219,64,512,512,2604.29
112406,64,512,512,2887.76
76218,64,512,512,2031.6
99957,64,512,512,2629.71
89251,64,512,512,2338.09
113306,64,512,512,2929.98
75834,64,512,512,2022.64
88878,64,512,512,2352.98
454699,256,512,512,4974.91
370593,64,2048,512,3240.5
99341,64,512,512,2576.08
113026,64,512,512,2938.84
75788,64,512,512,2052.62
103039,64,512,512,2696.98
95971,64,512,512,2524.66
126777,64,512,512,3274.09
84980,64,512,512,2226.3
99415,64,512,512,2596.03
483495,256,512,512,5285.32
392291,64,2048,512,3383.16
78700,64,512,512,2121.83
89338,64,512,512,2344.56
60344,64,512,512,1699.11
81600,64,512,512,2167.9
377485,256,512,512,4160.56
263284,64,2048,512,2614.51
125652,64,512,512,3245.38
98723,64,512,512,2584.96
91651,64,512,512,2399.69
101724,64,512,512,2625.28
139876,256,512,512,2006.6
104165,64,2048,512,1680.95
40729,64,512,512,1251.92
59136,64,512,512,1733.33
32292,64,512,512,1067.9
38547,64,512,512,1159.73
194581,256,512,512,2559.57
150283,64,2048,512,1966.55
42786,64,512,512,1317.48
66156,64,512,512,1890.31
33491,64,512,512,1130.95
47033,64,512,512,1351.5
247017,256,512,512,3038.04
179358,64,2048,512,2050.75
55210,64,512,512,1594.08
68722,64,512,512,1934.18
40973,64,512,512,1273.24
52095,64,512,512,1484.66
248270,256,512,512,2992.64
172574,64,2048,512,1952.32
71451,64,512,512,1928.94
73260,64,512,512,2028.97
54975,64,512,512,1570.59
59423,64,512,512,1655.49
222621,256,512,512,2738.36
136351,64,2048,512,1716.26
74612,64,512,512,2037.97
68003,64,512,512,1885.03
58713,64,512,512,1654.45
55485,64,512,512,1606.09
5628498,4161,512,512,4416.27
55839,64,512,512,1574.13
47152,64,512,512,2835.04
40749,64,512,512,2077.87
31688,64,512,512,1645.19
246942,256,512,512,5176.04
187181,64,2048,512,3561.81
108105,64,512,512,4844.36
107497,64,512,512,4851.08
65349,64,512,512,3035.82
112066,64,512,512,4999.6
53552,64,512,512,2602.33
46022,64,512,512,2622.75
38979,64,512,512,1986.19
28332,64,512,512,1503.35
181465,256,512,512,4132.6
138731,64,2048,512,3191.62
44787,64,512,512,2241.7
56702,64,512,512,2983.97
30654,64,512,512,1709.08
40235,64,512,512,2104.37
49209,64,512,512,2499.66
55295,64,512,512,2801.83
37240,64,512,512,2040.23
33400,64,512,512,1852.56
209478,256,512,512,4594.51
170877,64,2048,512,3524.22
59402,64,512,512,2879.09
78627,64,512,512,3607.26
40400,64,512,512,2147.86
58892,64,512,512,2835.99
51857,64,512,512,2563.73
60576,64,512,512,2984.96
42887,64,512,512,2237.92
40323,64,512,512,1262.63
249613,256,512,512,2969.57
196462,64,2048,512,2110.76
65126,64,512,512,1798.62
73887,64,512,512,2021.53
44367,64,512,512,1291.93
60688,64,512,512,1700.67
60021,64,512,512,1714.24
83964,64,512,512,2221.52
47934,64,512,512,1442.26
56646,64,512,512,1633.74
302452,256,512,512,3446.48
246814,64,2048,512,2388.07
65341,64,512,512,1801.48
81599,64,512,512,2161.78
45839,64,512,512,1358.54
66444,64,512,512,1855.12
63673,64,512,512,1801.55
94580,64,512,512,2490.03
54191,64,512,512,1532.96
65642,64,512,512,1855.73
343356,256,512,512,3809.8
257197,64,2048,512,2426.62
41783,64,512,512,1275.41
52641,64,512,512,1541.9
29547,64,512,512,1015.08
42360,64,512,512,1307.61
216719,256,512,512,2664.67
149618,64,2048,512,1972.46
81604,64,512,512,2145.97
64242,64,512,512,1863.71
43030,64,512,512,1267.75
61783,64,512,512,1672.61
48481,256,512,512,1084.09
38360,64,2048,512,1181.78
18164,64,512,512,613.144
29508,64,512,512,1234.27
13422,64,512,512,506.903
18682,64,512,512,635.713
101911,256,512,512,1689.85
82333,64,2048,512,1578.65
19741,64,512,512,705.556
38241,64,512,512,1408.38
15129,64,512,512,599.934
25640,64,512,512,806.495
114133,256,512,512,1774.55
85304,64,2048,512,1560.14
36347,64,512,512,1191.49
44755,64,512,512,1475.43
25265,64,512,512,927.742
30012,64,512,512,998.051
115983,256,512,512,1771.92
83975,64,2048,512,1580.61
48912,64,512,512,1447.34
44247,64,512,512,1441.75
33185,64,512,512,1106.35
27808,64,512,512,926.268
83494,256,512,512,1437.56
48292,64,2048,512,1186.94
42541,64,512,512,1260.25
43863,64,512,512,1376.7
30263,64,512,512,1012.69
31688,64,512,512,1001.86
4570384,4161,512,512,3737.27
34247,64,512,512,1038.95
19404,64,512,512,1011.07
16396,64,512,512,538.927
11969,64,512,512,544.509
104673,256,512,512,2219.35
81975,64,2048,512,1877.95
97078,64,512,512,3319.83
69893,64,512,512,2652.55
25760,64,512,512,1128.2
69617,64,512,512,2447.99
48869,64,512,512,1804.53
21820,64,512,512,1295.12
15338,64,512,512,713.654
10662,64,512,512,533.992
41663,256,512,512,1275.52
36012,64,2048,512,1496.47
42364,64,512,512,1624.64
32657,64,512,512,1503.61
13187,64,512,512,735.804
17178,64,512,512,848.898
50871,64,512,512,1967.96
27364,64,512,512,1386.33
15168,64,512,512,816.471
13381,64,512,512,726.093
52212,256,512,512,1449.36
48390,64,2048,512,1723.23
55223,64,512,512,2081.12
42626,64,512,512,1774.93
15872,64,512,512,877.102
24727,64,512,512,1175.06
54011,64,512,512,2018.89
38147,64,512,512,1657.87
17464,64,512,512,876.734
16461,64,512,512,862.071
72869,256,512,512,1791.89
71587,64,2048,512,1989.22
66349,64,512,512,2395.52
49036,64,512,512,1940.72
18628,64,512,512,946.199
30148,64,512,512,1301.48
63533,64,512,512,2340.75
47347,64,512,512,1444.26
19514,64,512,512,765.969
23243,64,512,512,889.004
100398,256,512,512,1640.89
85572,64,2048,512,1523.78
58607,64,512,512,1677.86
37223,64,512,512,1237.17
14595,64,512,512,632.563
23119,64,512,512,828.147
70285,64,512,512,1932.61
56422,64,512,512,1644.64
21842,64,512,512,842.416
27155,64,512,512,1026.05
130289,256,512,512,1927.1
90678,64,2048,512,1349.13
48564,64,512,512,1406.96
26377,64,512,512,986.241
9201,64,512,512,478.416
16237,64,512,512,657.103
58872,256,512,512,1174.1
55804,64,2048,512,1357.34
69433,64,512,512,1826.82
57004,64,512,512,1802.21
12532,64,512,512,502.052
53312,64,512,512,1446.1
19051,256,512,512,610.053
20119,64,2048,512,934.857
10834,64,512,512,408.113
21594,64,512,512,1056.78
3649,64,512,512,215.582
14972,64,512,512,519.72
19537,256,512,512,648.72
20744,64,2048,512,935.771
32975,64,512,512,981.837
19159,64,512,512,996.113
8520,64,512,512,394.467
9463,64,512,512,357.335
21054,256,512,512,687.197
21606,64,2048,512,946.141
19284,64,512,512,693.724
16852,64,512,512,866.607
5429,64,512,512,303.317
8863,64,512,512,369.052
20900,256,512,512,669.999
18007,64,2048,512,818.465
29744,64,512,512,982.522
15941,64,512,512,765.761
7369,64,512,512,389.392
9554,64,512,512,382.902
16100,256,512,512,589.548
9871,64,2048,512,527.966
32053,64,512,512,1028.79
18132,64,512,512,809.081
7471,64,512,512,387.896
12811,64,512,512,482.115
2802367,4161,512,512,2771.6
17538,64,512,512,566.696
9689,64,512,512,594.691
9630,64,512,512,469.57
5732,64,512,512,330.452
49727,256,512,512,1611.62
41575,64,2048,512,1454.4
60339,64,512,512,2370.8
33846,64,512,512,1775.38
10762,64,512,512,598.46
34845,64,512,512,1489.68
27165,64,512,512,1187.12
12022,64,512,512,893.622
7018,64,512,512,448.641
4981,64,512,512,337.266
18329,256,512,512,890.351
18724,64,2048,512,1125.49
20384,64,512,512,999.767
20795,64,512,512,1191.16
5704,64,512,512,427.106
9461,64,512,512,606.742
21954,64,512,512,1142.25
12498,64,512,512,912.451
5460,64,512,512,438.214
4860,64,512,512,376.535
19355,256,512,512,940.861
20125,64,2048,512,1140.61
29397,64,512,512,1366.39
26491,64,512,512,1327.08
6978,64,512,512,515.6
12252,64,512,512,774.386
23425,64,512,512,1146.3
20550,64,512,512,1195.24
6200,64,512,512,480.76
7340,64,512,512,526.826
25190,256,512,512,1109.77
29575,64,2048,512,1417.42
33448,64,512,512,1491.9
35320,64,512,512,1650.03
8490,64,512,512,583.969
16466,64,512,512,860.573
25495,64,512,512,1303.05
36244,64,512,512,1629.61
7017,64,512,512,541.945
11888,64,512,512,766.242
33082,256,512,512,1281.33
44738,64,2048,512,1744.98
25079,64,512,512,1218.22
31458,64,512,512,1104.21
6391,64,512,512,374.928
14370,64,512,512,600.714
44130,64,512,512,1370.48
37424,64,512,512,1196.28
10100,64,512,512,494.749
15476,64,512,512,708.061
42127,256,512,512,1039.83
29857,64,2048,512,793.468
18768,64,512,512,722.994
14559,64,512,512,678.82
3701,64,512,512,228.426
9011,64,512,512,451.53
26707,256,512,512,777.722
26895,64,2048,512,949.756
46041,64,512,512,1318.16
39819,64,512,512,1338.24
5371,64,512,512,285.492
35052,64,512,512,1036.61
3789,256,512,512,213.48
3298,64,2048,512,236.771
10357,64,512,512,414.047
5954,64,512,512,404.381
2109,64,512,512,136.79
2920,64,512,512,158.801
3678,256,512,512,200.105
3035,64,2048,512,220.242
3920,64,512,512,203.831
6539,64,512,512,414.065
1294,64,512,512,93.5584
3906,64,512,512,194.667
6591,256,512,512,325.13
6228,64,2048,512,384.496
10973,64,512,512,459.976
10235,64,512,512,567.635
2888,64,512,512,183.038
6614,64,512,512,271.518
5856,256,512,512,298.319
5056,64,2048,512,319.072
21060,64,512,512,746.718
9576,64,512,512,544.68
4067,64,512,512,241.392
4228,64,512,512,235.465
4933,256,512,512,259.798
2797,64,2048,512,195.701
16062,64,512,512,639.547
8583,64,512,512,479.104
3442,64,512,512,221.159
6578,64,512,512,310.938
1362291,4161,512,512,2066.55
0,64,512,512,0
929,64,512,512,78.1063
0,64,512,512,0
246,64,512,512,19.8798
14047,256,512,512,555.595
20596,64,2048,512,835.877
22905,64,512,512,798.223
27236,64,512,512,1072.17
5473,64,512,512,218.393
25435,64,512,512,861.975
0,64,512,512,0
77,64,512,512,6.66685
0,64,512,512,0
19,64,512,512,1.75489
1932,256,512,512,117.049
1833,64,2048,512,141.531
8299,64,512,512,416.564
20258,64,512,512,874.062
4656,64,512,512,252.597
6968,64,512,512,352.292
39,64,512,512,3.49795
6,64,512,512,0.561797
8,64,512,512,0.74566
20,64,512,512,1.87123
1005,256,512,512,67.8825
960,64,2048,512,78.7168
15889,64,512,512,593.213
26465,64,512,512,1018.68
4629,64,512,512,280.827
9380,64,512,512,421.029
2992,64,512,512,147.434
1844,64,512,512,144.659
640,64,512,512,50.0367
401,64,512,512,32.6847
1423,256,512,512,93.3344
1698,64,2048,512,135.718
13471,64,512,512,541.637
25799,64,512,512,1017.65
5084,64,512,512,306.542
10880,64,512,512,481.349
10658,64,512,512,400.804
7785,64,512,512,494.335
5360,64,512,512,240.51
2762,64,512,512,139.453
1185,256,512,512,73.1072
1198,64,2048,512,97.0508
4459,64,512,512,214.24
4413,64,512,512,298.485
1897,64,512,512,126.283
1883,64,512,512,122.062
30410,64,512,512,1012.31
23696,64,512,512,1029.17
14210,64,512,512,594.717
7168,64,512,512,370.391
1373,256,512,512,84.3123
1671,64,2048,512,132.422
5531,64,512,512,259.393
2353,64,512,512,184.098
2904,64,512,512,164.859
743,64,512,512,59.0562
0,256,512,512,0
0,64,2048,512,0
9554,64,512,512,420.806
19357,64,512,512,837.366
5442,64,512,512,294.361
13274,64,512,512,477.423
0,256,512,512,0
0,64,2048,512,0
1670,64,512,512,110.934
1644,64,512,512,135.145
1203,64,512,512,76.8813
301,64,512,512,24.8812
159,256,512,512,10.8514
274,64,2048,512,23.854
87,64,512,512,7.80816
193,64,512,512,16.7371
15,64,512,512,1.39353
19,64,512,512,1.76611
0,256,512,512,0
0,64,2048,512,0
0,64,512,512,0
0,64,512,512,0
0,64,512,512,0
0,64,512,512,0
0,256,512,512,0
0,64,2048,512,0
0,64,512,512,0
0,64,512,512,0
0,64,512,512,0
0,64,512,512,0
0,256,512,512,0
0,64,2048,512,0
0,64,512,512,0
0,64,512,512,0
0,64,512,512,0
0,64,512,512,0
850094,4161,512,512,1922.69
