128761,512,512,512,1493.13
132877,512,512,512,2058.73
142349,512,512,512,2266.77
122501,512,512,512,2157.8
657561,2048,512,512,2921.73
587093,512,2048,512,2615.66
158760,512,512,512,2446.66
161312,512,512,512,2484.84
154701,512,512,512,2450.22
163812,512,512,512,2511.05
138452,512,512,512,2355.38
140197,512,512,512,2498.86
139415,512,512,512,2315.66
130440,512,512,512,2289.22
615379,2048,512,512,2911.64
552458,512,2048,512,2452.11
122396,512,512,512,2218.11
163814,512,512,512,2478.92
119017,512,512,512,2190.61
156550,512,512,512,2513.56
130692,512,512,512,2355.26
144385,512,512,512,2549.32
131820,512,512,512,2342.27
133155,512,512,512,2383.59
629035,2048,512,512,2883.93
550086,512,2048,512,2508.92
129969,512,512,512,2340.53
164324,512,512,512,2507.83
131426,512,512,512,2386.02
157607,512,512,512,2463.51
132401,512,512,512,2406.07
158040,512,512,512,2463.33
136023,512,512,512,2459.02
146596,512,512,512,2572.9
640824,2048,512,512,2869.66
560424,512,2048,512,2608
133334,512,512,512,2399.27
165516,512,512,512,2530.62
134172,512,512,512,2405.31
161231,512,512,512,2502.26
128782,512,512,512,2292
171580,512,512,512,2640.45
135490,512,512,512,2437.09
157572,512,512,512,2501.7
655737,2048,512,512,2898.79
588044,512,2048,512,2669.82
125661,512,512,512,2249.91
154825,512,512,512,2526.2
127452,512,512,512,2204.59
153730,512,512,512,2472.57
129316,512,512,512,2308.06
176891,512,512,512,2664.82
141501,512,512,512,2514.43
161782,512,512,512,2480.24
673253,2048,512,512,2920.06
611291,512,2048,512,2650.72
102691,512,512,512,2045.99
136832,512,512,512,2309.95
105460,512,512,512,2135.97
134494,512,512,512,2467.82
546132,2048,512,512,2844.81
478771,512,2048,512,2180.08
126309,512,512,512,2247.37
127433,512,512,512,2203.07
124950,512,512,512,2259.16
136926,512,512,512,2405.18
512834,2048,512,512,2772.72
430911,512,2048,512,2075.58
89535,512,512,512,1826.76
142150,512,512,512,2466.64
83912,512,512,512,1748.29
126151,512,512,512,2239.14
526135,2048,512,512,2790.12
434134,512,2048,512,2063.03
100634,512,512,512,1973.29
132334,512,512,512,2309.66
96583,512,512,512,1966.84
120956,512,512,512,2192.34
527460,2048,512,512,2769.35
428269,512,2048,512,2052.88
103808,512,512,512,2038.76
127274,512,512,512,2214.21
102659,512,512,512,2056.03
119034,512,512,512,2224.01
529427,2048,512,512,2768.63
424951,512,2048,512,2060.48
117377,512,512,512,2255.3
122898,512,512,512,2262.21
114955,512,512,512,2175.9
118573,512,512,512,2146.97
504860,2048,512,512,2766.21
400093,512,2048,512,1830.66
115234,512,512,512,2199.96
120376,512,512,512,2079.64
114692,512,512,512,2206.31
119087,512,512,512,2285.31
7941902,33288,512,512,3453.75
82388,512,512,512,2100.46
95040,512,512,512,2350.91
95047,512,512,512,2427.53
81972,512,512,512,2174.56
559163,2048,512,512,3872.29
479025,512,2048,512,3072.55
123005,512,512,512,3076.73
134139,512,512,512,3034.07
117970,512,512,512,2980.12
136606,512,512,512,3263.62
108827,512,512,512,2713.55
113602,512,512,512,2978.72
110167,512,512,512,2705.56
103331,512,512,512,2671.2
500782,2048,512,512,3734.51
433174,512,2048,512,2923.04
83660,512,512,512,2473.09
139159,512,512,512,3252.45
79680,512,512,512,2441.04
128804,512,512,512,3087.3
93269,512,512,512,2583.74
116477,512,512,512,3125.22
96336,512,512,512,2671.57
100708,512,512,512,2835.97
513866,2048,512,512,3769.25
431100,512,2048,512,2936.88
94610,512,512,512,2610.61
138919,512,512,512,3250.33
97046,512,512,512,2688.74
129913,512,512,512,2279.23
91737,512,512,512,1862.78
128003,512,512,512,2220.46
97528,512,512,512,1986.62
111611,512,512,512,2196.55
530735,2048,512,512,2776.73
446252,512,2048,512,2196.88
96734,512,512,512,1984.41
139126,512,512,512,2410.91
97673,512,512,512,2125.17
132027,512,512,512,2347.6
99926,512,512,512,2040.3
146522,512,512,512,2557.79
105672,512,512,512,2175.96
131348,512,512,512,2294.04
560299,2048,512,512,2837.95
483219,512,2048,512,2229.54
99871,512,512,512,2045.76
139835,512,512,512,2371.39
100632,512,512,512,2019.18
135476,512,512,512,2419.57
100073,512,512,512,2135.96
158983,512,512,512,2564.49
110849,512,512,512,2279.77
140232,512,512,512,2562.85
584554,2048,512,512,2918.17
515851,512,2048,512,2265.98
72786,512,512,512,1679.48
111169,512,512,512,2036.77
75465,512,512,512,1834.53
108697,512,512,512,2235.43
418763,2048,512,512,2654.12
331624,512,2048,512,1918.17
104724,512,512,512,2083.27
104369,512,512,512,2061.69
100685,512,512,512,2051.96
114837,512,512,512,2222.91
384080,2048,512,512,2610.35
294467,512,2048,512,1933.32
52376,512,512,512,1478.39
108226,512,512,512,2193.2
49216,512,512,512,1447.56
88225,512,512,512,1816.18
390912,2048,512,512,2601.31
292071,512,2048,512,1870.61
68275,512,512,512,1609.89
97898,512,512,512,2001.16
65237,512,512,512,1583.25
82951,512,512,512,1819.84
395711,2048,512,512,2600.78
291221,512,2048,512,1903.97
71474,512,512,512,1676.17
99155,512,512,512,2010.95
69597,512,512,512,1646.63
91595,512,512,512,1900.4
386282,2048,512,512,2618.06
286061,512,2048,512,1838.69
74946,512,512,512,1768.82
93347,512,512,512,1899.77
73526,512,512,512,1673.05
87577,512,512,512,1796.28
372892,2048,512,512,2560.3
268393,512,2048,512,1632.72
83966,512,512,512,1805.62
91238,512,512,512,1841.97
82765,512,512,512,1832.08
85516,512,512,512,1757.89
6970877,33288,512,512,3101.36
48820,512,512,512,1617.46
61079,512,512,512,1708.8
59699,512,512,512,1780.98
49720,512,512,512,1641.77
457008,2048,512,512,3721.57
380232,512,2048,512,2651.76
100329,512,512,512,2806.75
112503,512,512,512,2826.69
94479,512,512,512,2632.51
114846,512,512,512,2918.76
82527,512,512,512,2268.3
86541,512,512,512,2499.74
84021,512,512,512,2225.81
74658,512,512,512,2173.37
371268,2048,512,512,3460.07
296938,512,2048,512,2317.45
59207,512,512,512,1982.24
110975,512,512,512,2929.14
55989,512,512,512,1966.17
99131,512,512,512,2736.98
59373,512,512,512,2064.86
88269,512,512,512,2646.35
64712,512,512,512,2199.15
69763,512,512,512,2292.06
383955,2048,512,512,3544.65
302682,512,2048,512,2529.67
75307,512,512,512,2350.15
120987,512,512,512,3104.3
74395,512,512,512,2326.14
110489,512,512,512,3029.35
69106,512,512,512,2338.19
107546,512,512,512,3064.89
74384,512,512,512,2336.78
86780,512,512,512,2524.6
406737,2048,512,512,2542.6
316678,512,2048,512,1825.46
75207,512,512,512,1759.72
115311,512,512,512,2329.22
77122,512,512,512,1761.81
106452,512,512,512,2152.6
75019,512,512,512,1779.68
125521,512,512,512,2291.99
83525,512,512,512,1875.93
105434,512,512,512,2089.86
445126,2048,512,512,2731.71
360576,512,2048,512,1880.78
66207,512,512,512,1566.06
107436,512,512,512,2017.29
69103,512,512,512,1619.29
100659,512,512,512,2005.88
80509,512,512,512,1842.75
140067,512,512,512,2480.86
94610,512,512,512,2026.98
117697,512,512,512,2233.33
469702,2048,512,512,2755.38
393501,512,2048,512,1849.87
53044,512,512,512,1379.93
91720,512,512,512,1737.39
54347,512,512,512,1510.92
87767,512,512,512,1921.32
319674,2048,512,512,2474.48
246891,512,2048,512,1602.05
64552,512,512,512,1628.24
73664,512,512,512,1488.8
61364,512,512,512,1550.45
83434,512,512,512,1831.02
237924,2048,512,512,2201.48
152630,512,2048,512,1426.08
32419,512,512,512,1237.12
75766,512,512,512,1837.38
30510,512,512,512,1182.04
57281,512,512,512,1452.89
239685,2048,512,512,2223.37
155797,512,2048,512,1374.38
43886,512,512,512,1377.26
73089,512,512,512,1701.83
39292,512,512,512,1280.12
62094,512,512,512,1607.33
241817,2048,512,512,2196.45
154531,512,2048,512,1375.8
49628,512,512,512,1324.17
57036,512,512,512,1636.67
48540,512,512,512,1409.29
49310,512,512,512,1471.08
219154,2048,512,512,2129.01
147362,512,2048,512,1295.59
33528,512,512,512,1218.59
53373,512,512,512,1430.59
34631,512,512,512,1200.33
44365,512,512,512,1369.53
195846,2048,512,512,2042.98
120625,512,2048,512,1052.16
54241,512,512,512,1501.75
71756,512,512,512,1563.97
51254,512,512,512,1464.2
64594,512,512,512,1583.17
5924545,33288,512,512,3256.42
45935,512,512,512,1514.94
46296,512,512,512,1532.14
52919,512,512,512,1658.61
38370,512,512,512,1599.77
331367,2048,512,512,3507.31
265406,512,2048,512,2249.5
65174,512,512,512,2157.14
85635,512,512,512,2286.02
59884,512,512,512,2119.04
89665,512,512,512,2532.71
45262,512,512,512,1766.8
57303,512,512,512,1933.18
48014,512,512,512,1845.49
44781,512,512,512,1673.57
250381,2048,512,512,3082.81
189258,512,2048,512,1936.29
40322,512,512,512,1548.72
85967,512,512,512,2498.52
36932,512,512,512,1671.27
74639,512,512,512,2381.47
44052,512,512,512,1845.13
61540,512,512,512,2101.73
47508,512,512,512,1888.7
46746,512,512,512,1827.6
265383,2048,512,512,3143.82
195030,512,2048,512,2141.94
42118,512,512,512,1839.01
91334,512,512,512,2576.42
42774,512,512,512,1828.8
79227,512,512,512,2533.14
38467,512,512,512,1619.6
71031,512,512,512,2365.38
44005,512,512,512,1803.99
53746,512,512,512,1984.9
283233,2048,512,512,3210.42
202509,512,2048,512,2129.91
46461,512,512,512,1884.73
78908,512,512,512,1792.65
48194,512,512,512,1372.34
72580,512,512,512,1652.77
43854,512,512,512,1412.57
96524,512,512,512,2023.64
51673,512,512,512,1459.82
76538,512,512,512,1856.07
320489,2048,512,512,2563.91
247453,512,2048,512,1532.78
40847,512,512,512,1293.32
81975,512,512,512,1847.92
42541,512,512,512,1328.76
75412,512,512,512,1723.27
49860,512,512,512,1445.61
110313,512,512,512,2316.77
61547,512,512,512,1597.9
88378,512,512,512,1936.93
345592,2048,512,512,2593.23
274829,512,2048,512,1526.19
25374,512,512,512,915.183
60536,512,512,512,1261.04
25890,512,512,512,1078.69
57422,512,512,512,1576.11
209395,2048,512,512,2059.75
151186,512,2048,512,1305.96
32695,512,512,512,1194.11
42140,512,512,512,1322.13
30524,512,512,512,1138.6
49135,512,512,512,1460.57
126254,2048,512,512,1912.12
76575,512,2048,512,1093.09
17164,512,512,512,891.014
52044,512,512,512,1478.43
14299,512,512,512,827.878
37690,512,512,512,1291.91
146819,2048,512,512,1987.95
84761,512,2048,512,1209.15
23183,512,512,512,1091.14
49133,512,512,512,1515.82
21266,512,512,512,1007.6
36818,512,512,512,1233.03
144374,2048,512,512,1885.32
87498,512,2048,512,1203.64
20567,512,512,512,975.823
39685,512,512,512,1226.47
19186,512,512,512,971.458
32050,512,512,512,1145.09
133310,2048,512,512,1881.02
81004,512,2048,512,1150.19
25603,512,512,512,1136.05
40168,512,512,512,1249.65
23381,512,512,512,1069.55
32959,512,512,512,1168
117647,2048,512,512,1881.46
69633,512,2048,512,887.009
23953,512,512,512,1052.95
31670,512,512,512,950.98
22904,512,512,512,1060.05
28133,512,512,512,978.911
4045117,33288,512,512,3053.75
34335,512,512,512,1158.99
29747,512,512,512,1091.95
42332,512,512,512,1660.06
23730,512,512,512,1334.22
165318,2048,512,512,2839.91
114116,512,2048,512,2001.99
34464,512,512,512,1702.56
60724,512,512,512,2100.29
30956,512,512,512,1563.68
62144,512,512,512,2098.44
27947,512,512,512,1256.27
32084,512,512,512,1702.46
31500,512,512,512,1355.57
26063,512,512,512,1318.39
144805,2048,512,512,2671.62
93516,512,2048,512,1887.94
19984,512,512,512,1106.59
51570,512,512,512,1981.87
18956,512,512,512,1185.42
45617,512,512,512,1829.96
17384,512,512,512,1206.1
30722,512,512,512,1637.66
20613,512,512,512,1318.28
23618,512,512,512,1428.63
150601,2048,512,512,2739.94
91018,512,2048,512,1867.72
22986,512,512,512,1384.8
50560,512,512,512,1911.17
23332,512,512,512,1163.82
48332,512,512,512,1874.01
18710,512,512,512,1253.16
48771,512,512,512,1820
22976,512,512,512,1412.06
37207,512,512,512,1885.18
158689,2048,512,512,2765.34
91220,512,2048,512,1857.86
25803,512,512,512,1294.68
51980,512,512,512,1951.22
27000,512,512,512,1325.74
50793,512,512,512,2025.19
22110,512,512,512,1219.95
70194,512,512,512,2469.77
27829,512,512,512,1564.14
55987,512,512,512,2062.4
166966,2048,512,512,2889.44
100492,512,2048,512,1890.5
16560,512,512,512,954.364
39864,512,512,512,1909.34
17972,512,512,512,991.866
38720,512,512,512,1580.47
24537,512,512,512,1051.55
65081,512,512,512,1646.2
35051,512,512,512,1097.86
54980,512,512,512,1488.4
189128,2048,512,512,2231.04
109440,512,2048,512,1231.79
6244,512,512,512,492.271
26927,512,512,512,897.651
7420,512,512,512,609.289
26093,512,512,512,1085.67
53227,2048,512,512,1386.9
34630,512,2048,512,941.248
13396,512,512,512,784.84
27558,512,512,512,976.639
12282,512,512,512,733.925
32402,512,512,512,1246.61
59715,2048,512,512,1247.33
31978,512,2048,512,1005.22
8006,512,512,512,671.31
25723,512,512,512,963.611
7531,512,512,512,620.378
18901,512,512,512,948.607
73174,2048,512,512,1553.63
37471,512,2048,512,1099.18
7276,512,512,512,505.289
25171,512,512,512,1131.31
6459,512,512,512,449.38
19734,512,512,512,970.907
77994,2048,512,512,1657.61
38793,512,2048,512,1095.46
11015,512,512,512,678.695
24419,512,512,512,1053.86
10472,512,512,512,648.735
20582,512,512,512,996.662
70998,2048,512,512,1493.36
35760,512,2048,512,1092.91
8285,512,512,512,651.625
20839,512,512,512,987.353
7826,512,512,512,598.504
17985,512,512,512,921.953
61917,2048,512,512,1391.96
28848,512,2048,512,719.935
11904,512,512,512,713.295
21574,512,512,512,837.338
11724,512,512,512,708.854
20289,512,512,512,987.104
1938914,33288,512,512,2781.79
13591,512,512,512,587.56
11834,512,512,512,522.624
18364,512,512,512,695.647
8842,512,512,512,554.64
107573,2048,512,512,1879.46
80849,512,2048,512,1159.01
16771,512,512,512,895.842
28842,512,512,512,913.824
13807,512,512,512,810.746
31600,512,512,512,1102.4
13156,512,512,512,618.587
15612,512,512,512,850.167
15414,512,512,512,710.763
10938,512,512,512,676.307
48981,2048,512,512,1299.87
34082,512,2048,512,841.622
7091,512,512,512,471.466
27698,512,512,512,1116.18
6302,512,512,512,520.948
21599,512,512,512,988.951
6119,512,512,512,566.886
11183,512,512,512,798.447
7324,512,512,512,618.63
7750,512,512,512,614.561
55048,2048,512,512,1414.31
35955,512,2048,512,859.839
8454,512,512,512,547.229
27387,512,512,512,1123.02
8560,512,512,512,646.388
22070,512,512,512,991.047
7508,512,512,512,591.079
18737,512,512,512,1049.93
9838,512,512,512,725.249
12906,512,512,512,853.025
63204,2048,512,512,1506.55
40951,512,2048,512,911.903
10143,512,512,512,599.28
31538,512,512,512,1203.17
10640,512,512,512,636.34
26736,512,512,512,1088.39
10085,512,512,512,721.162
31635,512,512,512,1203.72
12905,512,512,512,878.433
23675,512,512,512,1022.21
75648,2048,512,512,1673.06
51508,512,2048,512,886.298
8793,512,512,512,565.364
23635,512,512,512,780.895
8673,512,512,512,551.86
20949,512,512,512,992.961
11498,512,512,512,675.248
50919,512,512,512,1464.31
15955,512,512,512,842.3
35619,512,512,512,1346.75
90763,2048,512,512,1852.5
66881,512,2048,512,774.5
2012,512,512,512,246.465
9731,512,512,512,400.726
2143,512,512,512,242.584
8160,512,512,512,678.674
53936,2048,512,512,1286.49
37885,512,2048,512,928.817
4860,512,512,512,453.596
8693,512,512,512,690.109
4594,512,512,512,428.595
10765,512,512,512,668.893
19771,2048,512,512,896.745
11460,512,2048,512,666.63
3116,512,512,512,312.753
17085,512,512,512,931.888
2706,512,512,512,336.633
11679,512,512,512,716.901
21492,2048,512,512,920.971
12675,512,2048,512,682.288
3128,512,512,512,278.23
8602,512,512,512,711.737
2649,512,512,512,319.94
5842,512,512,512,506.363
21069,2048,512,512,730.952
12926,512,2048,512,440.235
3130,512,512,512,335.769
8456,512,512,512,649.946
2888,512,512,512,313.306
5920,512,512,512,430.751
16569,2048,512,512,633.569
10555,512,2048,512,431.571
3975,512,512,512,381.615
9829,512,512,512,750.825
3688,512,512,512,392.106
6880,512,512,512,491.001
14652,2048,512,512,592.097
9374,512,2048,512,309.539
2878,512,512,512,317.441
5607,512,512,512,383.598
2627,512,512,512,319.83
4187,512,512,512,386.879
1251031,33288,512,512,2537.67
7994,512,512,512,452.317
6230,512,512,512,544.804
10825,512,512,512,493.398
4266,512,512,512,333.167
37336,2048,512,512,1289.45
28863,512,2048,512,810.616
5646,512,512,512,517.373
17872,512,512,512,944.859
4679,512,512,512,448.543
21603,512,512,512,997.944
5126,512,512,512,382.332
5757,512,512,512,572.355
6474,512,512,512,452.253
3865,512,512,512,377.626
18332,2048,512,512,946.427
14699,512,2048,512,768.01
3668,512,512,512,345.762
11791,512,512,512,809.474
3797,512,512,512,349.41
10070,512,512,512,737.29
3401,512,512,512,336.057
5162,512,512,512,521.562
4111,512,512,512,428.382
3691,512,512,512,400.19
13036,2048,512,512,641.131
9863,512,2048,512,700.528
4359,512,512,512,438.6
13924,512,512,512,924.568
4174,512,512,512,442.234
11995,512,512,512,814.86
3302,512,512,512,377.736
7543,512,512,512,678.919
4222,512,512,512,442.645
6012,512,512,512,557.054
12635,2048,512,512,625.437
9668,512,2048,512,641.22
4405,512,512,512,424.284
10699,512,512,512,780.006
4559,512,512,512,445.691
9516,512,512,512,712.109
4352,512,512,512,449.195
15753,512,512,512,977.404
5559,512,512,512,531.358
12052,512,512,512,861.627
14538,2048,512,512,846.063
11200,512,2048,512,445.638
2258,512,512,512,280.312
8183,512,512,512,708.485
2408,512,512,512,296.324
6857,512,512,512,589.707
4500,512,512,512,483.4
23566,512,512,512,1025.68
5989,512,512,512,585.381
17053,512,512,512,985.224
17556,2048,512,512,814.097
14256,512,2048,512,336.74
742,512,512,512,109.012
2728,512,512,512,286.235
806,512,512,512,122.936
2370,512,512,512,277.833
21989,2048,512,512,945.509
16969,512,2048,512,839.712
1040,512,512,512,144.332
6990,512,512,512,653.157
971,512,512,512,143.686
10210,512,512,512,705.263
4276,2048,512,512,268.947
3145,512,2048,512,234.844
1083,512,512,512,162.758
7508,512,512,512,622.441
989,512,512,512,134.017
5246,512,512,512,371.456
3167,2048,512,512,255.011
2309,512,2048,512,206.449
1566,512,512,512,210.555
4323,512,512,512,460.521
1368,512,512,512,185.099
3317,512,512,512,337.019
2099,2048,512,512,192.26
1606,512,2048,512,195.036
1259,512,512,512,163.142
3983,512,512,512,420.051
1243,512,512,512,168.929
2880,512,512,512,318.265
1483,2048,512,512,125.815
1166,512,2048,512,112.82
827,512,512,512,128
1872,512,512,512,231.665
712,512,512,512,112.06
1394,512,512,512,189.45
1887,2048,512,512,158.281
1200,512,2048,512,97.5858
419,512,512,512,69.3278
812,512,512,512,111.61
391,512,512,512,63.4644
645,512,512,512,101.795
584680,33288,512,512,2029.7
131072,512,512,512,2304.89
131072,512,512,512,2280.18
131072,512,512,512,2329.28
131072,512,512,512,2408.96
524288,2048,512,512,2769.25
524288,512,2048,512,2170.31
131072,512,512,512,2355.89
131072,512,512,512,2174.14
131072,512,512,512,2350.82
131072,512,512,512,2274.77
131072,512,512,512,2402.35
131072,512,512,512,2321.89
131072,512,512,512,2377.99
131072,512,512,512,2417.33
524288,2048,512,512,2781.73
524288,512,2048,512,2239.96
131072,512,512,512,2326.05
131072,512,512,512,2302.35
131072,512,512,512,2314.39
131072,512,512,512,2306.6
131071,512,512,512,2419.02
131072,512,512,512,2374.28
131072,512,512,512,2392.85
131072,512,512,512,2393.23
524288,2048,512,512,2789.57
524288,512,2048,512,2237.11
131072,512,512,512,2401.53
131072,512,512,512,2333.58
131072,512,512,512,2376.4
131072,512,512,512,2311.33
131072,512,512,512,2401.91
131072,512,512,512,2348.41
131072,512,512,512,2371.16
131072,512,512,512,2371.22
524288,2048,512,512,2797.51
524287,512,2048,512,2245.57
131072,512,512,512,2397.1
131072,512,512,512,2241.49
131072,512,512,512,2389
131072,512,512,512,2294.62
131072,512,512,512,2365.23
131072,512,512,512,2360.83
131072,512,512,512,2380.37
131072,512,512,512,2432.54
524288,2048,512,512,2784.48
524288,512,2048,512,2224.72
131072,512,512,512,2376.98
131072,512,512,512,2309.5
131072,512,512,512,2349.2
131072,512,512,512,2402.96
131072,512,512,512,2361.01
131072,512,512,512,2307.85
131072,512,512,512,2370.98
131072,512,512,512,2355.99
524288,2048,512,512,2780.34
524288,512,2048,512,2260.59
131072,512,512,512,2385.01
131072,512,512,512,2231.27
131072,512,512,512,2394.45
131072,512,512,512,2383.51
524288,2048,512,512,2730.75
524288,512,2048,512,2527.55
131072,512,512,512,2143.64
131072,512,512,512,2155.88
131072,512,512,512,2136.02
131072,512,512,512,2201.4
524288,2048,512,512,2761.2
524288,512,2048,512,2397.77
131072,512,512,512,2285.99
131072,512,512,512,2343.08
131072,512,512,512,2299.52
131072,512,512,512,2348.66
524288,2048,512,512,2794.43
524288,512,2048,512,2390.38
131072,512,512,512,2369.56
131072,512,512,512,2344.43
131072,512,512,512,2368.79
131072,512,512,512,2357.44
524288,2048,512,512,2782.11
524288,512,2048,512,2309.12
131072,512,512,512,2309.41
131072,512,512,512,2340
131072,512,512,512,2301.98
131072,512,512,512,2372.06
524288,2048,512,512,2789.87
524288,512,2048,512,2305.92
131072,512,512,512,2336.52
131072,512,512,512,2349.22
131072,512,512,512,2389.24
131072,512,512,512,2397.2
524288,2048,512,512,2793.4
524288,512,2048,512,2203.1
131072,512,512,512,2370.92
131072,512,512,512,2213.56
131072,512,512,512,2351.98
131072,512,512,512,2398.61
8521728,33288,512,512,3408.81
104857,512,512,512,2583.14
104857,512,512,512,2567.64
104857,512,512,512,2727.65
104857,512,512,512,2703.96
419430,2048,512,512,3562.35
419430,512,2048,512,2735.36
104857,512,512,512,2791.88
104857,512,512,512,2550.28
104857,512,512,512,2824.03
104857,512,512,512,2801.46
104857,512,512,512,2857.21
104857,512,512,512,2647.53
104857,512,512,512,2864.9
104857,512,512,512,2738.81
419430,2048,512,512,3593.14
419430,512,2048,512,2745.32
104857,512,512,512,2783.13
104857,512,512,512,2657.82
104857,512,512,512,2763.23
104857,512,512,512,2747.87
104857,512,512,512,2835.82
104856,512,512,512,2628.34
104857,512,512,512,2824.95
104857,512,512,512,2801.88
419430,2048,512,512,3588.66
419430,512,2048,512,2781.57
104857,512,512,512,2834.38
104857,512,512,512,2678.57
104857,512,512,512,2828.36
104857,512,512,512,2689.98
104857,512,512,512,2872.72
104857,512,512,512,2692.09
104857,512,512,512,2082.65
104857,512,512,512,2064.29
419429,2048,512,512,2656.07
419429,512,2048,512,2020
104857,512,512,512,2114.85
104857,512,512,512,2003.81
104857,512,512,512,2051.77
104857,512,512,512,2029.6
104857,512,512,512,2241.79
104857,512,512,512,2024.54
104857,512,512,512,2194.03
104857,512,512,512,2188.54
419430,2048,512,512,2619.77
419430,512,2048,512,1968.83
104857,512,512,512,2193.42
104857,512,512,512,1984.34
104857,512,512,512,2109.88
104857,512,512,512,2104.23
104857,512,512,512,2252.72
104857,512,512,512,1914.85
104857,512,512,512,2240.62
104857,512,512,512,2123.38
419430,2048,512,512,2651.47
419430,512,2048,512,1968.86
104857,512,512,512,2209.52
104857,512,512,512,1921.84
104857,512,512,512,2227.09
104857,512,512,512,2215.72
419430,2048,512,512,2540.45
419430,512,2048,512,2343.33
104857,512,512,512,1957.22
104857,512,512,512,2029.84
104857,512,512,512,1987.91
104857,512,512,512,2018.03
419430,2048,512,512,2637.17
419430,512,2048,512,2231.88
104857,512,512,512,1959.97
104857,512,512,512,1947.4
104857,512,512,512,1978.68
104857,512,512,512,2008.35
419430,2048,512,512,2627.81
419430,512,2048,512,2213.1
104857,512,512,512,1983.64
104857,512,512,512,1956.96
104857,512,512,512,2004.58
104857,512,512,512,2094.52
419430,2048,512,512,2648.21
419430,512,2048,512,2201.94
104857,512,512,512,2043.77
104857,512,512,512,2094.27
104857,512,512,512,2018.71
104857,512,512,512,2085.66
419429,2048,512,512,2640.6
419430,512,2048,512,2114.49
104857,512,512,512,2049.98
104857,512,512,512,1958.37
104857,512,512,512,2043.19
104857,512,512,512,2066.29
419430,2048,512,512,2608.67
419430,512,2048,512,2013.58
104857,512,512,512,2007.13
104857,512,512,512,1969.45
104857,512,512,512,2035.76
104857,512,512,512,2125.77
6817381,33288,512,512,3118.84
78643,512,512,512,2223.3
78642,512,512,512,2152.9
78643,512,512,512,2203.1
78643,512,512,512,2311.01
314572,2048,512,512,3390.48
314572,512,2048,512,2336.13
78643,512,512,512,2346.28
78643,512,512,512,2144.12
78643,512,512,512,2338.04
78643,512,512,512,2387.08
78643,512,512,512,2470.45
78643,512,512,512,2169.82
78643,512,512,512,2401.29
78643,512,512,512,2489.34
314572,2048,512,512,3280.51
314571,512,2048,512,2327.96
78643,512,512,512,2357.78
78643,512,512,512,2268.98
78643,512,512,512,2419.71
78643,512,512,512,2470.48
78643,512,512,512,2511.13
78643,512,512,512,2196.96
78643,512,512,512,2470.72
78643,512,512,512,2533.75
314572,2048,512,512,3367.01
314572,512,2048,512,2391.15
78643,512,512,512,2462.35
78643,512,512,512,2349.02
78643,512,512,512,2442.45
78643,512,512,512,2486.74
78643,512,512,512,2526.02
78643,512,512,512,2329.62
78643,512,512,512,2437.17
78643,512,512,512,2442.31
314572,2048,512,512,3386.58
314572,512,2048,512,1714.66
78643,512,512,512,1779.01
78643,512,512,512,1651.2
78643,512,512,512,1818.15
78643,512,512,512,1838.5
78643,512,512,512,1858.58
78643,512,512,512,1719.44
78643,512,512,512,1805.39
78643,512,512,512,1836.57
314572,2048,512,512,2507.97
314572,512,2048,512,1714.34
78643,512,512,512,1799.22
78643,512,512,512,1614.25
78643,512,512,512,1794.34
78643,512,512,512,1659.43
78643,512,512,512,1894.95
78643,512,512,512,1625.67
78643,512,512,512,1861.01
78643,512,512,512,1800.87
314572,2048,512,512,2512.74
314572,512,2048,512,1659.01
78643,512,512,512,1791.34
78643,512,512,512,1629.63
78643,512,512,512,1830.21
78643,512,512,512,1888.65
314572,2048,512,512,2377.08
314572,512,2048,512,2008.75
78643,512,512,512,1713.01
78643,512,512,512,1817.13
78643,512,512,512,1754.49
78643,512,512,512,1776.69
314572,2048,512,512,2379.53
314572,512,2048,512,1989.31
78643,512,512,512,1721.64
78643,512,512,512,1674.46
78643,512,512,512,1670.62
78643,512,512,512,1695.22
314572,2048,512,512,2409.11
314572,512,2048,512,1934.57
78643,512,512,512,1779.48
78643,512,512,512,1725.11
78643,512,512,512,1806.06
78643,512,512,512,1719.97
314572,2048,512,512,2378.96
314571,512,2048,512,1870.3
78643,512,512,512,1783.39
78643,512,512,512,1644.78
78643,512,512,512,1775.78
78643,512,512,512,1734.17
314572,2048,512,512,2386.99
314572,512,2048,512,1850.56
78643,512,512,512,1745.07
78643,512,512,512,1710.78
78643,512,512,512,1746
78643,512,512,512,1785.5
314572,2048,512,512,2374.04
314572,512,2048,512,1768.91
78643,512,512,512,1839.53
78643,512,512,512,1717.08
78643,512,512,512,1795.85
78643,512,512,512,1846.08
5113037,33288,512,512,3223.36
52428,512,512,512,1976.97
52428,512,512,512,1498.44
52428,512,512,512,1949
52428,512,512,512,1988.81
209715,2048,512,512,3110.09
209715,512,2048,512,1884.89
52428,512,512,512,1992.92
52428,512,512,512,1452.27
52428,512,512,512,1970.86
52428,512,512,512,1958.23
52428,512,512,512,1978.49
52428,512,512,512,1612.69
52428,512,512,512,1976.83
52428,512,512,512,1996.88
209715,2048,512,512,3142.61
209715,512,2048,512,1988.6
52428,512,512,512,2100.74
52428,512,512,512,1612.21
52428,512,512,512,2048.62
52428,512,512,512,2055.37
52428,512,512,512,2004.39
52428,512,512,512,1642.79
52428,512,512,512,1947.73
52428,512,512,512,2074.92
209715,2048,512,512,3166.47
209715,512,2048,512,1956.46
52428,512,512,512,2005.01
52428,512,512,512,1702.02
52428,512,512,512,1977.74
52428,512,512,512,2055.72
52428,512,512,512,1940.9
52428,512,512,512,1781.54
52428,512,512,512,1899.24
52428,512,512,512,1980.38
209715,2048,512,512,3170.28
209715,512,2048,512,1964.8
52428,512,512,512,1992.3
52428,512,512,512,1699.09
52428,512,512,512,1963.5
52428,512,512,512,1995.07
52428,512,512,512,1450.04
52428,512,512,512,1281.54
52428,512,512,512,1406.09
52428,512,512,512,1442.82
209715,2048,512,512,2315.2
209715,512,2048,512,1412.45
52428,512,512,512,1495.33
52428,512,512,512,1205.12
52428,512,512,512,1501.67
52428,512,512,512,1564.23
52428,512,512,512,1456.57
52428,512,512,512,1339.79
52428,512,512,512,1415.44
52428,512,512,512,1408.25
209715,2048,512,512,2379.58
209715,512,2048,512,1276.89
52428,512,512,512,1391.14
52428,512,512,512,1064.45
52428,512,512,512,1415.54
52428,512,512,512,1475.88
209715,2048,512,512,2215.39
209715,512,2048,512,1447.74
52428,512,512,512,1530.65
52428,512,512,512,1238.58
52428,512,512,512,1514.18
52428,512,512,512,1291.42
209715,2048,512,512,2278.01
209715,512,2048,512,1462.48
52428,512,512,512,1445.84
52428,512,512,512,1284.92
52428,512,512,512,1446.85
52428,512,512,512,1475.86
209715,2048,512,512,2190.91
209715,512,2048,512,1485.95
52428,512,512,512,1460.33
52428,512,512,512,1231.21
52428,512,512,512,1449.3
52428,512,512,512,1443.48
209715,2048,512,512,2048.44
209715,512,2048,512,1452.74
52428,512,512,512,1467.04
52428,512,512,512,1207.88
52428,512,512,512,1478.89
52428,512,512,512,1453.09
209715,2048,512,512,2036.78
209715,512,2048,512,1446.05
52428,512,512,512,1447.61
52428,512,512,512,1239.25
52428,512,512,512,1482.34
52428,512,512,512,1467.85
209715,2048,512,512,2211.8
209715,512,2048,512,1361.53
52428,512,512,512,1514.78
52428,512,512,512,1195.72
52428,512,512,512,1490.04
52428,512,512,512,1469.91
3408691,33288,512,512,3075.26
26214,512,512,512,1114.01
26214,512,512,512,631.801
26214,512,512,512,1495.59
26214,512,512,512,1489.88
104857,2048,512,512,2303.51
104857,512,2048,512,1614.02
26214,512,512,512,1486.74
26214,512,512,512,974.94
26214,512,512,512,1518.17
26214,512,512,512,1508.26
26214,512,512,512,1512.77
26214,512,512,512,1232.91
26214,512,512,512,1484.74
26214,512,512,512,1492.05
104857,2048,512,512,2794.98
104857,512,2048,512,1700.15
26214,512,512,512,1511.71
26214,512,512,512,1305.34
26214,512,512,512,1538.86
26214,512,512,512,1525.82
26214,512,512,512,1504.9
26214,512,512,512,1225.81
26214,512,512,512,1491.31
26214,512,512,512,1492.9
104857,2048,512,512,2648.72
104857,512,2048,512,1631.31
26214,512,512,512,1514.88
26214,512,512,512,1328.89
26214,512,512,512,1504.44
26214,512,512,512,1285.67
26214,512,512,512,1506.2
26214,512,512,512,1266.76
26214,512,512,512,1460.06
26214,512,512,512,1440.92
104857,2048,512,512,2729.3
104857,512,2048,512,1590.41
26214,512,512,512,1457.07
26214,512,512,512,1228.04
26214,512,512,512,1466.16
26214,512,512,512,1284.13
26214,512,512,512,1485.69
26214,512,512,512,1197.76
26214,512,512,512,1413.46
26214,512,512,512,1462.2
104857,2048,512,512,2710.95
104857,512,2048,512,1605.62
26214,512,512,512,1433.36
26214,512,512,512,1079.54
26214,512,512,512,1481.12
26214,512,512,512,1487.93
26214,512,512,512,1490.46
26214,512,512,512,1327.86
26214,512,512,512,1423.42
26214,512,512,512,1082.15
104857,2048,512,512,2064.67
104857,512,2048,512,933.413
26214,512,512,512,1010.61
26214,512,512,512,757.917
26214,512,512,512,1043.82
26214,512,512,512,1050.06
104857,2048,512,512,1957.14
104857,512,2048,512,1119.12
26214,512,512,512,1008.69
26214,512,512,512,876.906
26214,512,512,512,1126.91
26214,512,512,512,848.401
104857,2048,512,512,1985.85
104857,512,2048,512,1148.45
26214,512,512,512,1113.43
26214,512,512,512,829.647
26214,512,512,512,1093.76
26214,512,512,512,1080
104857,2048,512,512,1793.53
104857,512,2048,512,1193.23
26214,512,512,512,1053.58
26214,512,512,512,915.383
26214,512,512,512,1072.52
26214,512,512,512,1075.63
104857,2048,512,512,1651.32
104857,512,2048,512,1140.56
26214,512,512,512,1061.22
26214,512,512,512,840.327
26214,512,512,512,1081.17
26214,512,512,512,1105.93
104857,2048,512,512,1637.73
104857,512,2048,512,1122.68
26214,512,512,512,1117.06
26214,512,512,512,810.74
26214,512,512,512,1089.46
26214,512,512,512,1078.99
104857,2048,512,512,1976.8
104857,512,2048,512,1081.81
26214,512,512,512,1104.72
26214,512,512,512,765.414
26214,512,512,512,1061.97
26214,512,512,512,1051.29
1704346,33288,512,512,2753.17
13107,512,512,512,845.869
13107,512,512,512,379.734
13107,512,512,512,856.317
13107,512,512,512,840.866
52428,2048,512,512,1217.66
52428,512,2048,512,895.297
13107,512,512,512,887.576
13107,512,512,512,378.282
13107,512,512,512,861.24
13107,512,512,512,750.62
13107,512,512,512,849.845
13107,512,512,512,472.356
13107,512,512,512,834.027
13107,512,512,512,826.826
52428,2048,512,512,1550.22
52428,512,2048,512,914.814
13107,512,512,512,884.786
13107,512,512,512,531.967
13107,512,512,512,881.68
13107,512,512,512,740.94
13107,512,512,512,881.291
13107,512,512,512,520.739
13107,512,512,512,854.816
13107,512,512,512,885.758
52428,2048,512,512,1594.12
52428,512,2048,512,893.665
13107,512,512,512,740.796
13107,512,512,512,723.357
13107,512,512,512,859.599
13107,512,512,512,757.74
13107,512,512,512,858.121
13107,512,512,512,517.609
13107,512,512,512,836.305
13107,512,512,512,858.437
52428,2048,512,512,1545.31
52427,512,2048,512,848.81
13107,512,512,512,886.188
13107,512,512,512,539.924
13107,512,512,512,832.835
13107,512,512,512,866.919
13107,512,512,512,865.72
13107,512,512,512,518.633
13107,512,512,512,836.406
13107,512,512,512,852.748
52428,2048,512,512,1579.39
52428,512,2048,512,894.075
13107,512,512,512,864.346
13107,512,512,512,471.236
13107,512,512,512,826.842
13107,512,512,512,840.344
13107,512,512,512,878.798
13107,512,512,512,730.767
13107,512,512,512,870.987
13107,512,512,512,863.474
52428,2048,512,512,1720.52
52428,512,2048,512,640.171
13107,512,512,512,856.002
13107,512,512,512,443.221
13107,512,512,512,870.988
13107,512,512,512,865.345
52428,2048,512,512,1581.7
52428,512,2048,512,942.325
13107,512,512,512,794.258
13107,512,512,512,524.444
13107,512,512,512,781.443
13107,512,512,512,527.405
52428,2048,512,512,1314.05
52427,512,2048,512,871.845
13107,512,512,512,880.052
13107,512,512,512,490.778
13107,512,512,512,861.417
13107,512,512,512,854.346
52427,2048,512,512,1120.41
52428,512,2048,512,888.954
13107,512,512,512,865.345
13107,512,512,512,549.294
13107,512,512,512,873.109
13107,512,512,512,882.367
52428,2048,512,512,1136.9
52428,512,2048,512,881.231
13107,512,512,512,747.37
13107,512,512,512,553.045
13107,512,512,512,740.862
13107,512,512,512,848.367
52428,2048,512,512,1300.2
52428,512,2048,512,907.8
13107,512,512,512,863.261
13107,512,512,512,547.537
13107,512,512,512,853.598
13107,512,512,512,881.995
52428,2048,512,512,1560.37
52428,512,2048,512,911.836
13107,512,512,512,738.033
13107,512,512,512,603.427
13107,512,512,512,736.995
13107,512,512,512,876.319
852171,33288,512,512,2396.89
5242,512,512,512,548.703
5242,512,512,512,207.296
5242,512,512,512,531.407
5242,512,512,512,536.729
20971,2048,512,512,681.291
20971,512,2048,512,660.94
5242,512,512,512,531.39
5242,512,512,512,270.45
5242,512,512,512,538.487
5242,512,512,512,482.981
5242,512,512,512,518.256
5242,512,512,512,361.424
5242,512,512,512,524.626
5242,512,512,512,524.052
20971,2048,512,512,1037.53
20971,512,2048,512,654.557
5242,512,512,512,521.381
5242,512,512,512,384.091
5242,512,512,512,509.442
5242,512,512,512,531.592
5242,512,512,512,545.882
5242,512,512,512,368.247
5242,512,512,512,557.159
5242,512,512,512,534.676
20971,2048,512,512,861.796
20971,512,2048,512,640.165
5242,512,512,512,527.995
5242,512,512,512,445.181
5242,512,512,512,530.819
5242,512,512,512,524.708
5242,512,512,512,552.007
5242,512,512,512,391.953
5242,512,512,512,554.452
5242,512,512,512,544.96
20971,2048,512,512,963.409
20971,512,2048,512,590
5242,512,512,512,526.785
5242,512,512,512,419.454
5242,512,512,512,551.898
5242,512,512,512,538.521
5242,512,512,512,543.758
5242,512,512,512,417.263
5242,512,512,512,550.034
5242,512,512,512,550.377
20971,2048,512,512,878.619
20971,512,2048,512,623.812
5242,512,512,512,548.04
5242,512,512,512,376.995
5242,512,512,512,553.008
5242,512,512,512,551.137
5242,512,512,512,527.464
5242,512,512,512,381.158
5242,512,512,512,561.637
5242,512,512,512,538.089
20971,2048,512,512,1073.51
20971,512,2048,512,464.937
5242,512,512,512,547.807
5242,512,512,512,211.988
5242,512,512,512,544.906
5242,512,512,512,546.255
20971,2048,512,512,1088.15
20971,512,2048,512,757.213
5242,512,512,512,495.961
5242,512,512,512,373.146
5242,512,512,512,537.572
5242,512,512,512,269.715
20971,2048,512,512,898.994
20971,512,2048,512,703.887
5242,512,512,512,527.198
5242,512,512,512,258.996
5242,512,512,512,525.629
5242,512,512,512,496.357
20971,2048,512,512,690.73
20971,512,2048,512,706.325
5242,512,512,512,519.412
5242,512,512,512,343.435
5242,512,512,512,536.455
5242,512,512,512,548.506
20971,2048,512,512,583.171
20971,512,2048,512,606.482
5242,512,512,512,545.261
5242,512,512,512,352.574
5242,512,512,512,547.182
5242,512,512,512,528.444
20970,2048,512,512,640.006
20971,512,2048,512,558.501
5242,512,512,512,536.54
5242,512,512,512,374.638
5242,512,512,512,532.69
5242,512,512,512,537.624
20971,2048,512,512,847.549
20971,512,2048,512,561.078
5242,512,512,512,531.609
5242,512,512,512,292.951
5242,512,512,512,515.327
5242,512,512,512,521.025
340867,33288,512,512,1776.5
131072,512,512,512,2355.29
131072,512,512,512,2346.94
131072,512,512,512,2377.45
131072,512,512,512,2378.84
524288,2048,512,512,2792.1
524288,512,2048,512,2479.58
131072,512,512,512,2393.2
131072,512,512,512,2400.3
131072,512,512,512,2396.65
131072,512,512,512,2352.95
131072,512,512,512,2365.16
131072,512,512,512,2362.03
131072,512,512,512,2377.27
131072,512,512,512,2361.29
524288,2048,512,512,2772.59
524288,512,2048,512,2492.05
131072,512,512,512,2360.53
131072,512,512,512,2375.31
131072,512,512,512,2367.28
131072,512,512,512,2346.9
131072,512,512,512,2349.78
131072,512,512,512,2365.03
131072,512,512,512,2344.51
131072,512,512,512,2366.83
524288,2048,512,512,2796.85
524288,512,2048,512,2467.54
131072,512,512,512,2370.56
131072,512,512,512,2359.08
131072,512,512,512,2379.81
131072,512,512,512,2346.45
131072,512,512,512,2361.91
131072,512,512,512,2355.17
131072,512,512,512,2353.01
131072,512,512,512,2371.75
524288,2048,512,512,2771.64
524288,512,2048,512,2462.95
131072,512,512,512,2363.65
131072,512,512,512,2391.69
131072,512,512,512,2370.68
131072,512,512,512,2376.16
131072,512,512,512,2389.05
131072,512,512,512,2376.07
131072,512,512,512,2347.24
131072,512,512,512,2361.22
524288,2048,512,512,2793.28
524288,512,2048,512,2478.27
131072,512,512,512,2355.7
131072,512,512,512,2349.26
131072,512,512,512,2365.56
131072,512,512,512,2354.27
131072,512,512,512,2366.09
131072,512,512,512,2352.94
131072,512,512,512,2352.15
131072,512,512,512,2361.43
524288,2048,512,512,2791.86
524288,512,2048,512,2462.45
131072,512,512,512,2402.98
131072,512,512,512,2362
131072,512,512,512,2340.09
131072,512,512,512,2362.75
524288,2048,512,512,2788.76
524288,512,2048,512,2448.86
131072,512,512,512,2359.78
131072,512,512,512,2371.94
131072,512,512,512,2365.12
131072,512,512,512,2351.25
524288,2048,512,512,2785.03
524288,512,2048,512,2488.78
131072,512,512,512,2394.87
131072,512,512,512,2393.29
131072,512,512,512,2393.76
131072,512,512,512,2330.45
524288,2048,512,512,2796.91
524288,512,2048,512,2475.63
131072,512,512,512,2371.89
131072,512,512,512,2347.57
131072,512,512,512,2359.11
131072,512,512,512,2365
524288,2048,512,512,2798.91
524288,512,2048,512,2451.76
131072,512,512,512,2375.89
131072,512,512,512,2384.2
131072,512,512,512,2393.68
131072,512,512,512,2366.45
524288,2048,512,512,2799.75
524288,512,2048,512,2471.6
131072,512,512,512,2376.34
131072,512,512,512,2370.39
131072,512,512,512,2365.56
131072,512,512,512,2361.82
524288,2048,512,512,2792.46
524288,512,2048,512,2482.04
131072,512,512,512,2358.33
131072,512,512,512,2395.51
131072,512,512,512,2381.48
131072,512,512,512,2383.41
8521728,33288,512,512,3453.59
104857,512,512,512,2776.31
104857,512,512,512,2945.16
104857,512,512,512,2958.61
104857,512,512,512,2974.38
419430,2048,512,512,3723.69
419430,512,2048,512,3120.78
104857,512,512,512,3043.39
104857,512,512,512,3034.3
104857,512,512,512,2985.81
104857,512,512,512,3001.41
104857,512,512,512,2988.55
104857,512,512,512,2971.61
104857,512,512,512,2988.63
104857,512,512,512,2965.44
419430,2048,512,512,3710.35
419431,512,2048,512,3099.49
104857,512,512,512,2916.85
104857,512,512,512,2964.52
104857,512,512,512,2966.15
104857,512,512,512,2976.38
104857,512,512,512,2979.71
104857,512,512,512,2990.28
104857,512,512,512,2950.21
104857,512,512,512,2992.52
419430,2048,512,512,3702.26
419430,512,2048,512,3118.7
104857,512,512,512,2987.99
104857,512,512,512,3021.71
104857,512,512,512,3010.86
104857,512,512,512,2989.14
104857,512,512,512,3000.2
104857,512,512,512,2965.23
104857,512,512,512,2152.32
104857,512,512,512,2143.59
419430,2048,512,512,2733.83
419430,512,2048,512,2214.03
104857,512,512,512,2211.18
104857,512,512,512,2200.42
104857,512,512,512,2213.69
104857,512,512,512,2217.54
104857,512,512,512,2201.32
104857,512,512,512,2223.52
104857,512,512,512,2210.35
104857,512,512,512,2235.35
419430,2048,512,512,2721.32
419430,512,2048,512,2233.03
104857,512,512,512,2211.24
104857,512,512,512,2200.58
104857,512,512,512,2195.57
104857,512,512,512,2211.15
104857,512,512,512,2208.88
104857,512,512,512,2217.44
104857,512,512,512,2204.33
104857,512,512,512,2210.22
419430,2048,512,512,2723.4
419430,512,2048,512,2219.32
104857,512,512,512,2205.17
104857,512,512,512,2221.8
104857,512,512,512,2201.91
104857,512,512,512,2233.05
419430,2048,512,512,2734.23
419430,512,2048,512,2238.72
104857,512,512,512,2220.36
104857,512,512,512,2225.16
104857,512,512,512,2208.45
104857,512,512,512,2210.4
419430,2048,512,512,2730.69
419430,512,2048,512,2225.47
104857,512,512,512,2207.2
104857,512,512,512,2212.9
104857,512,512,512,2196.96
104857,512,512,512,2224.95
419430,2048,512,512,2707.12
419430,512,2048,512,2229.9
104857,512,512,512,2241.94
104857,512,512,512,2253.35
104857,512,512,512,2209.68
104857,512,512,512,2218.05
419430,2048,512,512,2721.86
419430,512,2048,512,2259
104857,512,512,512,2214.8
104857,512,512,512,2207.79
104857,512,512,512,2200.6
104857,512,512,512,2226.07
419430,2048,512,512,2723.32
419430,512,2048,512,2221.54
104857,512,512,512,2204.95
104857,512,512,512,2212.33
104857,512,512,512,2214
104857,512,512,512,2232.83
419430,2048,512,512,2729.54
419430,512,2048,512,2235.58
104857,512,512,512,2210.7
104857,512,512,512,2212.17
104857,512,512,512,2212.96
104857,512,512,512,2231.74
6817382,33288,512,512,3305.94
78643,512,512,512,2024.48
78643,512,512,512,2022.03
78643,512,512,512,2536.03
78643,512,512,512,2442.52
314572,2048,512,512,3680.55
314572,512,2048,512,2741.94
78643,512,512,512,2474.07
78643,512,512,512,2625.51
78643,512,512,512,2576.53
78643,512,512,512,2622.17
78643,512,512,512,2536.56
78643,512,512,512,2451.32
78643,512,512,512,2444.92
78643,512,512,512,2443.33
314572,2048,512,512,3674.72
314572,512,2048,512,2714.39
78643,512,512,512,2548.1
78643,512,512,512,2522.3
78643,512,512,512,2471.64
78643,512,512,512,2486.44
78643,512,512,512,2535.34
78643,512,512,512,2474.1
78643,512,512,512,2512.05
78643,512,512,512,2572.21
314572,2048,512,512,3712.11
314572,512,2048,512,2748.72
78643,512,512,512,2590.32
78643,512,512,512,2557.68
78643,512,512,512,2548.79
78643,512,512,512,2588.88
78643,512,512,512,2555.37
78643,512,512,512,2470.62
78643,512,512,512,2569.43
78643,512,512,512,2524.91
314572,2048,512,512,3669.68
314572,512,2048,512,1955.49
78643,512,512,512,1782.87
78643,512,512,512,1862.65
78643,512,512,512,1817.25
78643,512,512,512,1902.81
78643,512,512,512,1883.48
78643,512,512,512,1797.08
78643,512,512,512,1859.08
78643,512,512,512,1820.91
314572,2048,512,512,2707.15
314572,512,2048,512,1957.21
78643,512,512,512,1805.34
78643,512,512,512,1875.45
78643,512,512,512,1925.3
78643,512,512,512,1906.25
78643,512,512,512,1904.97
78643,512,512,512,1877.92
78643,512,512,512,1805.95
78643,512,512,512,1879.21
314572,2048,512,512,2700.87
314572,512,2048,512,1980.85
78643,512,512,512,1881.14
78643,512,512,512,1867.87
78643,512,512,512,1881.86
78643,512,512,512,1795.35
314572,2048,512,512,2703.98
314572,512,2048,512,1994.2
78643,512,512,512,1871.44
78643,512,512,512,1883.14
78643,512,512,512,1807.83
78643,512,512,512,1861.04
314572,2048,512,512,2725.08
314572,512,2048,512,1973.6
78643,512,512,512,1853.16
78643,512,512,512,1855.43
78643,512,512,512,1817.22
78643,512,512,512,1885.26
314572,2048,512,512,2709.32
314572,512,2048,512,2003.4
78643,512,512,512,1878.94
78643,512,512,512,1840.97
78643,512,512,512,1856.17
78643,512,512,512,1860.11
314572,2048,512,512,2699.08
314572,512,2048,512,1964.38
78643,512,512,512,1829.64
78643,512,512,512,1892.66
78643,512,512,512,1803.27
78643,512,512,512,1854.25
314572,2048,512,512,2713.6
314572,512,2048,512,1981.08
78643,512,512,512,1906.09
78643,512,512,512,1865.57
78643,512,512,512,1844.93
78643,512,512,512,1872.22
314572,2048,512,512,2701.21
314572,512,2048,512,1987.13
78643,512,512,512,1879.56
78643,512,512,512,1788.05
78643,512,512,512,1811.14
78643,512,512,512,1797.14
5113038,33288,512,512,3155.94
52428,512,512,512,1388.55
52428,512,512,512,1868.53
52428,512,512,512,1891.24
52428,512,512,512,1881.69
209715,2048,512,512,3538.13
209715,512,2048,512,2353.25
52428,512,512,512,1923.83
52428,512,512,512,1899.33
52428,512,512,512,1902.93
52428,512,512,512,1906.73
52428,512,512,512,1864.25
52428,512,512,512,1930.45
52428,512,512,512,1955.56
52428,512,512,512,1920.44
209715,2048,512,512,3545.65
209715,512,2048,512,2328.1
52428,512,512,512,1871.38
52428,512,512,512,1869.22
52428,512,512,512,1895.1
52428,512,512,512,1916.99
52428,512,512,512,1883.74
52428,512,512,512,1887.79
52428,512,512,512,1897.72
52428,512,512,512,1869.19
209715,2048,512,512,3536.84
209715,512,2048,512,2356.94
52428,512,512,512,1853.13
52428,512,512,512,1886.43
52428,512,512,512,1920.77
52428,512,512,512,1887.26
52428,512,512,512,1894.25
52428,512,512,512,1888.89
52428,512,512,512,1907.93
52428,512,512,512,1875
209715,2048,512,512,3541.96
209715,512,2048,512,2368.41
52428,512,512,512,1947.3
52428,512,512,512,1957.32
52428,512,512,512,1885.35
52428,512,512,512,1906.41
52428,512,512,512,1874.44
52428,512,512,512,1907.54
52428,512,512,512,1936.78
52428,512,512,512,1363.22
209715,2048,512,512,2559.68
209715,512,2048,512,1706.19
52428,512,512,512,1394.35
52428,512,512,512,1410.07
52428,512,512,512,1392.61
52428,512,512,512,1391.22
52428,512,512,512,1393.69
52428,512,512,512,1411.26
52428,512,512,512,1369.82
52428,512,512,512,1370.6
209715,2048,512,512,2595.06
209715,512,2048,512,1692.72
52428,512,512,512,1398.74
52428,512,512,512,1419
52428,512,512,512,1411.76
52428,512,512,512,1409.22
209716,2048,512,512,2596.22
209715,512,2048,512,1701.55
52428,512,512,512,1412.99
52428,512,512,512,1390.67
52428,512,512,512,1384.87
52428,512,512,512,1411.39
209715,2048,512,512,2632.66
209715,512,2048,512,1731.27
52428,512,512,512,1421.11
52428,512,512,512,1414.7
52428,512,512,512,1425.19
52428,512,512,512,1385.27
209715,2048,512,512,2640.12
209715,512,2048,512,1698.41
52428,512,512,512,1401
52428,512,512,512,1472.77
52428,512,512,512,1398.99
52428,512,512,512,1403.59
209715,2048,512,512,2657.63
209715,512,2048,512,1692.93
52428,512,512,512,1418.24
52428,512,512,512,1401.81
52428,512,512,512,1386.47
52428,512,512,512,1408.34
209715,2048,512,512,2624.6
209715,512,2048,512,1701.57
52428,512,512,512,1392.95
52429,512,512,512,1403.1
52428,512,512,512,1430.8
52428,512,512,512,1413.3
209715,2048,512,512,2614.46
209715,512,2048,512,1697.33
52428,512,512,512,1401.38
52428,512,512,512,1371.08
52428,512,512,512,1402.22
52428,512,512,512,1412.23
3408692,33288,512,512,3101.66
26214,512,512,512,1274.53
26214,512,512,512,1374.53
26214,512,512,512,1410.94
26214,512,512,512,1409.69
104857,2048,512,512,2864.09
104857,512,2048,512,1977.82
26214,512,512,512,1414.7
26214,512,512,512,1434.44
26214,512,512,512,1421.63
26214,512,512,512,1420.26
26214,512,512,512,1410.11
26214,512,512,512,1439.44
26214,512,512,512,1425.23
26214,512,512,512,1419.95
104857,2048,512,512,2912.44
104857,512,2048,512,2021.23
26214,512,512,512,1398.92
26214,512,512,512,1433.41
26214,512,512,512,1430.36
26214,512,512,512,1431.21
26214,512,512,512,1411.99
26214,512,512,512,1441.44
26214,512,512,512,1409.83
26214,512,512,512,1444.99
104857,2048,512,512,2911.89
104857,512,2048,512,2031.12
26214,512,512,512,1404.68
26214,512,512,512,1420.26
26214,512,512,512,1418.12
26214,512,512,512,1430.77
26214,512,512,512,1423.46
26214,512,512,512,1425.01
26214,512,512,512,1419.51
26214,512,512,512,1436.26
104857,2048,512,512,2916.85
104857,512,2048,512,2012.09
26214,512,512,512,1411.44
26214,512,512,512,1404.21
26214,512,512,512,1431.53
26214,512,512,512,1422.35
26214,512,512,512,1436.01
26214,512,512,512,1464.14
26214,512,512,512,1447.66
26214,512,512,512,1413.73
104857,2048,512,512,2937.63
104857,512,2048,512,1987.34
26214,512,512,512,1410.78
26214,512,512,512,1406.47
26214,512,512,512,1427.07
26214,512,512,512,1430.82
26214,512,512,512,1420.48
26214,512,512,512,1020.93
26214,512,512,512,1010.33
26214,512,512,512,1004.2
104857,2048,512,512,2166.03
104857,512,2048,512,1494.47
26214,512,512,512,1029.24
26214,512,512,512,1055.99
26214,512,512,512,1046.32
26214,512,512,512,1032.99
104857,2048,512,512,2168.57
104857,512,2048,512,1419.34
26214,512,512,512,1042.11
26214,512,512,512,1076.23
26214,512,512,512,1045.09
26214,512,512,512,1060.64
104857,2048,512,512,2184.18
104857,512,2048,512,1459.59
26214,512,512,512,1047.6
26214,512,512,512,1073.99
26214,512,512,512,1051.53
26214,512,512,512,1066.15
104857,2048,512,512,2199.57
104857,512,2048,512,1489.66
26214,512,512,512,1045.8
26214,512,512,512,1062.13
26214,512,512,512,1051.14
26214,512,512,512,1066.98
104857,2048,512,512,2158.09
104857,512,2048,512,1473.43
26214,512,512,512,1033.76
26214,512,512,512,1039.74
26214,512,512,512,1043.17
26214,512,512,512,1051.73
104857,2048,512,512,2165.8
104857,512,2048,512,1486.38
26214,512,512,512,1050.27
26214,512,512,512,1033.18
26214,512,512,512,1043.56
26214,512,512,512,1047.22
104857,2048,512,512,2158.22
104857,512,2048,512,1468.39
26214,512,512,512,1047.56
26214,512,512,512,1043.54
26214,512,512,512,1047.43
26214,512,512,512,1040.52
1704346,33288,512,512,2648.04
13107,512,512,512,877.658
13107,512,512,512,868.301
13107,512,512,512,865.773
13107,512,512,512,866.525
52428,2048,512,512,1698.92
52428,512,2048,512,1248.37
13107,512,512,512,876.503
13107,512,512,512,853.216
13107,512,512,512,864.15
13107,512,512,512,869.128
13107,512,512,512,851.346
13107,512,512,512,888.705
13107,512,512,512,853.876
13107,512,512,512,879.074
52428,2048,512,512,1680.69
52428,512,2048,512,1186.09
13107,512,512,512,868.319
13107,512,512,512,881.495
13107,512,512,512,868.715
13107,512,512,512,856.807
13107,512,512,512,856.964
13107,512,512,512,857.771
13107,512,512,512,843.402
13107,512,512,512,858.402
52428,2048,512,512,1720.59
52428,512,2048,512,1195.51
13107,512,512,512,865.345
13107,512,512,512,878.338
13107,512,512,512,872.764
13107,512,512,512,867.17
13107,512,512,512,850.966
13107,512,512,512,860.392
13107,512,512,512,879.609
13107,512,512,512,881.588
52428,2048,512,512,1689.79
52428,512,2048,512,1148.3
13107,512,512,512,867.69
13107,512,512,512,861.753
13107,512,512,512,879.498
13107,512,512,512,872.056
13107,512,512,512,855.339
13107,512,512,512,858.069
13107,512,512,512,873.545
13107,512,512,512,838.462
52428,2048,512,512,1698.57
52428,512,2048,512,1166.02
13107,512,512,512,875.295
13107,512,512,512,878.522
13107,512,512,512,878.54
13107,512,512,512,843.911
13107,512,512,512,869.002
13107,512,512,512,849.759
13107,512,512,512,859.528
13107,512,512,512,826.028
52428,2048,512,512,1695.22
52428,512,2048,512,1194.01
13107,512,512,512,855.182
13107,512,512,512,831.448
13107,512,512,512,857.63
13107,512,512,512,839.604
52428,2048,512,512,1750.37
52428,512,2048,512,1160.63
13107,512,512,512,839.133
13107,512,512,512,851.588
13107,512,512,512,865.506
13107,512,512,512,857.56
52428,2048,512,512,1679.43
52428,512,2048,512,1169.4
13107,512,512,512,866.955
13107,512,512,512,870.084
13107,512,512,512,865.756
13107,512,512,512,875.697
52428,2048,512,512,1705.83
52428,512,2048,512,1184.59
13107,512,512,512,872.837
13107,512,512,512,856.79
13107,512,512,512,858.455
13107,512,512,512,877.493
52428,2048,512,512,1714.47
52428,512,2048,512,1159.41
13107,512,512,512,848.109
13107,512,512,512,862.444
13107,512,512,512,858.631
13107,512,512,512,863.528
52428,2048,512,512,1714.86
52428,512,2048,512,1191.03
13107,512,512,512,829.655
13107,512,512,512,859.933
13107,512,512,512,843.928
13107,512,512,512,845.988
52428,2048,512,512,1738.91
52428,512,2048,512,1159.56
13107,512,512,512,869.903
13107,512,512,512,879.646
13107,512,512,512,871.476
13107,512,512,512,887.764
852173,33288,512,512,2415.93
5242,512,512,512,553.775
5242,512,512,512,551.209
5242,512,512,512,536.918
5242,512,512,512,537.4
20971,2048,512,512,1109.19
20971,512,2048,512,875.925
5242,512,512,512,545.048
5242,512,512,512,514.868
5242,512,512,512,555.407
5242,512,512,512,546.896
5242,512,512,512,550.793
5242,512,512,512,549.404
5242,512,512,512,548.434
5242,512,512,512,542.352
20971,2048,512,512,1107.78
20971,512,2048,512,900.913
5242,512,512,512,550.197
5242,512,512,512,543.406
5242,512,512,512,549.116
5242,512,512,512,554.104
5242,512,512,512,549.098
5242,512,512,512,553.629
5242,512,512,512,550.811
5242,512,512,512,547.986
20971,2048,512,512,1111.29
20971,512,2048,512,887.403
5242,512,512,512,547.235
5242,512,512,512,552.335
5242,512,512,512,540.726
5242,512,512,512,555.738
5242,512,512,512,557.122
5242,512,512,512,541.424
5242,512,512,512,551.481
5242,512,512,512,558.328
20971,2048,512,512,1112.61
20971,512,2048,512,889.285
5242,512,512,512,546.504
5242,512,512,512,551.844
5242,512,512,512,536.609
5242,512,512,512,547.271
5242,512,512,512,558.179
5242,512,512,512,553.684
5242,512,512,512,545.278
5242,512,512,512,548.219
20971,2048,512,512,1109.21
20971,512,2048,512,1019.43
5242,512,512,512,544.358
5242,512,512,512,498.807
5242,512,512,512,547.807
5242,512,512,512,560.174
5242,512,512,512,546.861
5242,512,512,512,550.052
5242,512,512,512,549.656
5242,512,512,512,544.977
20971,2048,512,512,1110.18
20971,512,2048,512,915.577
5242,512,512,512,538.072
5242,512,512,512,526.454
5242,512,512,512,544.164
5242,512,512,512,551.372
20971,2048,512,512,1111.34
20971,512,2048,512,1017.08
5242,512,512,512,548.488
5242,512,512,512,530.886
5242,512,512,512,545.367
5242,512,512,512,552.771
20971,2048,512,512,1106.48
20971,512,2048,512,869.501
5242,512,512,512,551.282
5242,512,512,512,526.768
5242,512,512,512,548.004
5242,512,512,512,550.179
20971,2048,512,512,1100.03
20971,512,2048,512,1021.22
5242,512,512,512,547.592
5242,512,512,512,553.885
5242,512,512,512,541.389
5242,512,512,512,555.628
20971,2048,512,512,1108.9
20971,512,2048,512,1042.85
5242,512,512,512,553.684
5242,512,512,512,530.802
5242,512,512,512,553.336
5242,512,512,512,532.639
20971,2048,512,512,1104.19
20971,512,2048,512,909.029
5242,512,512,512,548.523
5242,512,512,512,544.5
5242,512,512,512,546.754
5242,512,512,512,545.988
20971,2048,512,512,1109.04
20971,512,2048,512,877.505
5242,512,512,512,553.757
5242,512,512,512,538.176
5242,512,512,512,538.469
5242,512,512,512,551.372
340868,33288,512,512,1768.65
144656,512,512,512,2313.04
145219,512,512,512,2513.59
143086,512,512,512,2274.44
134140,512,512,512,2240.88
617373,2048,512,512,2905.75
511909,512,2048,512,2481.81
152784,512,512,512,2373.39
177501,512,512,512,2671.36
138819,512,512,512,2258.03
175788,512,512,512,2568.45
148318,512,512,512,2429.97
146820,512,512,512,2576.62
139898,512,512,512,2352.09
135158,512,512,512,2353.22
605239,2048,512,512,2911.3
498916,512,2048,512,2502.92
135302,512,512,512,2354.26
167130,512,512,512,2555.92
127129,512,512,512,2246.31
160282,512,512,512,2496.81
137228,512,512,512,2321.95
141001,512,512,512,2557.19
127709,512,512,512,2252.79
127997,512,512,512,2291.7
614701,2048,512,512,2917.82
495116,512,2048,512,2452.39
141404,512,512,512,2379.41
162547,512,512,512,2477.25
133241,512,512,512,2253.39
157924,512,512,512,2485.68
140148,512,512,512,2459.16
155781,512,512,512,2492.37
131610,512,512,512,2378.72
141524,512,512,512,2503.89
622718,2048,512,512,2897.35
500156,512,2048,512,2431.84
145809,512,512,512,2436.62
161899,512,512,512,2464.32
134961,512,512,512,2335.14
157923,512,512,512,2500.25
144846,512,512,512,2507.25
169827,512,512,512,2590.83
137419,512,512,512,2399.05
157723,512,512,512,2519.95
638805,2048,512,512,2867.18
520728,512,2048,512,2479.54
138115,512,512,512,2389.56
151839,512,512,512,2527.61
128572,512,512,512,2193.9
149774,512,512,512,2517.55
147527,512,512,512,2455.43
166724,512,512,512,2525.19
145068,512,512,512,2463.27
157919,512,512,512,2506.14
662743,2048,512,512,2925.73
529525,512,2048,512,2423.94
123866,512,512,512,2249.69
147677,512,512,512,2576.04
110753,512,512,512,2076.31
145625,512,512,512,2476.69
485342,2048,512,512,2687.68
372276,512,2048,512,1917.46
137762,512,512,512,2371.08
152588,512,512,512,2461.75
124825,512,512,512,2235.92
152847,512,512,512,2447.29
472169,2048,512,512,2710.79
364688,512,2048,512,2085.46
105892,512,512,512,2020.64
152424,512,512,512,2524.54
96613,512,512,512,1972.61
141359,512,512,512,2456.04
498329,2048,512,512,2755.03
374306,512,2048,512,2123.46
111037,512,512,512,2151.56
141993,512,512,512,2451.01
105115,512,512,512,1967.93
131116,512,512,512,2344.46
521358,2048,512,512,2780.67
382228,512,2048,512,2119.53
112897,512,512,512,2118.08
135583,512,512,512,2452.09
105657,512,512,512,2064.41
124591,512,512,512,2262.13
524195,2048,512,512,2767
379576,512,2048,512,2129.3
123414,512,512,512,2228.67
142424,512,512,512,2500.39
114404,512,512,512,2192.08
133618,512,512,512,2381.9
518126,2048,512,512,2797.89
360766,512,2048,512,1990.57
127963,512,512,512,2278.06
137811,512,512,512,2406.19
119801,512,512,512,2189.55
131226,512,512,512,2398.97
8449349,33288,512,512,3362.48
110054,512,512,512,2569.25
100849,512,512,512,2580.78
69340,512,512,512,1901.81
69926,512,512,512,1973.24
520881,2048,512,512,3797.64
420270,512,2048,512,2927.6
176573,512,512,512,3443.86
164906,512,512,512,3428.29
119346,512,512,512,2850.65
163179,512,512,512,3298.98
131179,512,512,512,3169.82
106332,512,512,512,2736.97
80702,512,512,512,2338.28
75910,512,512,512,2287.41
434108,2048,512,512,3609.53
364167,512,2048,512,2553.72
115824,512,512,512,2845.47
118372,512,512,512,2902.59
73184,512,512,512,2045.07
95756,512,512,512,2613.63
132447,512,512,512,3179.12
106685,512,512,512,2659.29
85843,512,512,512,2349.43
78662,512,512,512,2292.27
451905,2048,512,512,3670.05
377715,512,2048,512,2620.52
131164,512,512,512,3156.49
130939,512,512,512,3136.76
81929,512,512,512,2218.23
114764,512,512,512,2896.23
133557,512,512,512,3229.33
114906,512,512,512,2644.78
86931,512,512,512,1738.3
87415,512,512,512,1830.8
480220,2048,512,512,2743.25
389027,512,2048,512,1928.41
144587,512,512,512,2442.95
131025,512,512,512,2335.72
92656,512,512,512,1778.72
115987,512,512,512,2234.82
144703,512,512,512,2507.93
128707,512,512,512,2339.49
97146,512,512,512,2043.83
100981,512,512,512,2110.02
519534,2048,512,512,2795.39
435213,512,2048,512,2165.26
151362,512,512,512,2474.31
131393,512,512,512,2347.81
95590,512,512,512,1885.16
119793,512,512,512,2201.43
145197,512,512,512,2516.49
145080,512,512,512,2539.93
101998,512,512,512,1989.49
112628,512,512,512,2211.25
562881,2048,512,512,2820.33
463789,512,2048,512,2095.31
130724,512,512,512,2358.81
106538,512,512,512,2055.17
68242,512,512,512,1653.05
94758,512,512,512,1932.95
464225,2048,512,512,2682.52
348379,512,2048,512,1812.43
157973,512,512,512,2428.58
128921,512,512,512,2303.93
96673,512,512,512,1869.7
122165,512,512,512,2191.22
225571,2048,512,512,2149.41
205326,512,2048,512,1427.32
65235,512,512,512,1635.1
83880,512,512,512,1935.19
37002,512,512,512,1213.08
58084,512,512,512,1497.66
281342,2048,512,512,2339.57
253598,512,2048,512,1538.5
84469,512,512,512,1809.8
98998,512,512,512,2056.8
45258,512,512,512,1399.48
74105,512,512,512,1650
291371,2048,512,512,2359.98
256402,512,2048,512,1574.02
109587,512,512,512,2113.6
99608,512,512,512,2074.11
60842,512,512,512,1507.6
76770,512,512,512,1675.04
301623,2048,512,512,2372.98
236448,512,2048,512,1499.33
116101,512,512,512,2122.47
93737,512,512,512,1899.14
69341,512,512,512,1576.91
72872,512,512,512,1624.18
266304,2048,512,512,2212.05
179846,512,2048,512,1366.63
118976,512,512,512,2206.16
87654,512,512,512,1899.98
69802,512,512,512,1694.96
68146,512,512,512,1630.53
8099792,33288,512,512,3422.43
69048,512,512,512,1874.76
70699,512,512,512,2082.52
55824,512,512,512,1698.81
51977,512,512,512,1738.11
440834,2048,512,512,3689.69
349724,512,2048,512,2735.36
142988,512,512,512,3275.25
140146,512,512,512,3485.73
102718,512,512,512,2775.62
144324,512,512,512,3242.01
90907,512,512,512,2510.77
79001,512,512,512,2548.73
71333,512,512,512,2122.75
59864,512,512,512,1930.14
350127,2048,512,512,3442.99
278118,512,2048,512,2506.84
77453,512,512,512,2224.42
97490,512,512,512,2496.66
58782,512,512,512,1712.98
79224,512,512,512,2385.03
72798,512,512,512,2337.06
80140,512,512,512,2500.18
60387,512,512,512,2020.03
59524,512,512,512,1966.03
377531,2048,512,512,3478.85
301616,512,2048,512,2557.34
85602,512,512,512,2333.35
106244,512,512,512,2992.26
64319,512,512,512,1988.32
92139,512,512,512,2635.53
80374,512,512,512,2438
91729,512,512,512,2734.61
68532,512,512,512,2161.74
70060,512,512,512,2274.1
413100,2048,512,512,3557.66
326865,512,2048,512,1923.82
100219,512,512,512,1940.81
112406,512,512,512,2288.57
76218,512,512,512,1652.1
99957,512,512,512,2106.21
89251,512,512,512,1848.47
113306,512,512,512,2291.89
75834,512,512,512,1757.08
88878,512,512,512,1944.96
454699,2048,512,512,2749.68
370593,512,2048,512,1977.34
99341,512,512,512,1891.94
113026,512,512,512,2191.28
75788,512,512,512,1632.45
103039,512,512,512,1980.28
95971,512,512,512,1973.11
126777,512,512,512,2224.46
84980,512,512,512,1872.39
99415,512,512,512,2069.72
483495,2048,512,512,2754.79
392291,512,2048,512,1900.18
78700,512,512,512,1692.37
89338,512,512,512,1708.7
60344,512,512,512,1592.35
81600,512,512,512,1828.73
377485,2048,512,512,2566.32
263284,512,2048,512,1643.47
125652,512,512,512,2220.39
98723,512,512,512,2136.72
91651,512,512,512,1855.94
101724,512,512,512,1966.45
139876,2048,512,512,1841.12
104165,512,2048,512,1209.38
40729,512,512,512,1189.95
59136,512,512,512,1641.68
32292,512,512,512,1092.47
38547,512,512,512,1111.79
194581,2048,512,512,2085.13
150283,512,2048,512,1411.87
42786,512,512,512,1330.68
66156,512,512,512,1755.78
33491,512,512,512,1123.46
47033,512,512,512,1328.62
247017,2048,512,512,2279.39
179358,512,2048,512,1448.6
55210,512,512,512,1421.06
68722,512,512,512,1715.3
40973,512,512,512,1299.65
52095,512,512,512,1392.39
248270,2048,512,512,2324.3
172574,512,2048,512,1375.24
71451,512,512,512,1559.5
73260,512,512,512,1664.91
54975,512,512,512,1532.04
59423,512,512,512,1407.4
222621,2048,512,512,2150.99
136351,512,2048,512,1174.99
74612,512,512,512,1743.68
68003,512,512,512,1588.52
58713,512,512,512,1450.96
55485,512,512,512,1534.81
5628498,33288,512,512,3075.06
55839,512,512,512,1578.17
47152,512,512,512,1728.8
40749,512,512,512,1519.74
31688,512,512,512,1530.31
246942,2048,512,512,3122.62
187181,512,2048,512,1937.47
108105,512,512,512,2816.01
107497,512,512,512,2898.62
65349,512,512,512,1922.47
112066,512,512,512,2924.12
53552,512,512,512,1797.78
46022,512,512,512,1698.93
38979,512,512,512,1587.84
28332,512,512,512,1306.05
181465,2048,512,512,2755
138731,512,2048,512,1821.54
44787,512,512,512,1507.27
56702,512,512,512,1867.27
30654,512,512,512,1181.93
40235,512,512,512,1840.5
49209,512,512,512,1714.23
55295,512,512,512,1854.31
37240,512,512,512,1730.66
33400,512,512,512,1535.5
209478,2048,512,512,2867.08
170877,512,2048,512,2015.19
59402,512,512,512,1977.29
78627,512,512,512,2251.43
40400,512,512,512,1709.83
58892,512,512,512,1962.58
51857,512,512,512,1796.73
60576,512,512,512,2075.81
42887,512,512,512,1795.99
40323,512,512,512,1679.25
249613,2048,512,512,3098.42
196462,512,2048,512,2114.76
65126,512,512,512,1874.32
73887,512,512,512,2104.31
44367,512,512,512,1483.38
60688,512,512,512,2127.7
60021,512,512,512,1878.3
83964,512,512,512,2612.45
47934,512,512,512,1377.71
56646,512,512,512,1536.47
302452,2048,512,512,2438.91
246814,512,2048,512,1593.65
65341,512,512,512,1447.05
81599,512,512,512,1826.37
45839,512,512,512,1219.09
66444,512,512,512,1575.45
63673,512,512,512,1442.9
94580,512,512,512,2030.76
54191,512,512,512,1334
65642,512,512,512,1723.07
343356,2048,512,512,2557.41
257197,512,2048,512,1425.5
41783,512,512,512,1189.77
52641,512,512,512,1318.35
29547,512,512,512,1146.36
42360,512,512,512,1305.1
216719,2048,512,512,2135.56
149618,512,2048,512,1472.99
81604,512,512,512,1673.02
64242,512,512,512,1588.02
43030,512,512,512,1118.84
61783,512,512,512,1610.91
48481,2048,512,512,1265.32
38360,512,2048,512,901.998
18164,512,512,512,647.493
29508,512,512,512,1264.96
13422,512,512,512,756.942
18682,512,512,512,870.499
101911,2048,512,512,1756.41
82333,512,2048,512,1226.8
19741,512,512,512,699.036
38241,512,512,512,1313.98
15129,512,512,512,836.607
25640,512,512,512,945.689
114133,2048,512,512,1756.95
85304,512,2048,512,1172.25
36347,512,512,512,1116.37
44755,512,512,512,1433.21
25265,512,512,512,1095.62
30012,512,512,512,1143.36
115983,2048,512,512,1839.22
83975,512,2048,512,1110.31
48912,512,512,512,1382.49
44247,512,512,512,1363.9
33185,512,512,512,1113.79
27808,512,512,512,1078.91
83494,2048,512,512,1540.81
48292,512,2048,512,888.905
42541,512,512,512,1201.92
43863,512,512,512,1169.02
30263,512,512,512,1052.41
31688,512,512,512,1176.15
4570384,33288,512,512,3072.05
34247,512,512,512,1208.67
19404,512,512,512,1400.76
16396,512,512,512,752.412
11969,512,512,512,728.138
104673,2048,512,512,2462.84
81975,512,2048,512,1344.52
97078,512,512,512,2585.17
69893,512,512,512,2258.71
25760,512,512,512,964.478
69617,512,512,512,2218.29
48869,512,512,512,1756.59
21820,512,512,512,1262.05
15338,512,512,512,924.846
10662,512,512,512,702.603
41663,2048,512,512,1684.48
36012,512,2048,512,1239.2
42364,512,512,512,1451.86
32657,512,512,512,1334.59
13187,512,512,512,814.515
17178,512,512,512,1191.24
50871,512,512,512,1856.08
27364,512,512,512,1393.35
15168,512,512,512,1073.15
13381,512,512,512,1050.13
52212,2048,512,512,1879.57
48390,512,2048,512,1345.3
55223,512,512,512,1767.63
42626,512,512,512,1533.55
15872,512,512,512,912.692
24727,512,512,512,1270.49
54011,512,512,512,1780.06
38147,512,512,512,1636.05
17464,512,512,512,1188.89
16461,512,512,512,1148.23
72869,2048,512,512,2237.41
71587,512,2048,512,1514.82
66349,512,512,512,1892.26
49036,512,512,512,1632.65
18628,512,512,512,1062.43
30148,512,512,512,1661.33
63533,512,512,512,1987.17
47347,512,512,512,1826.33
19514,512,512,512,1030.92
23243,512,512,512,1389.2
100398,2048,512,512,2528.54
85572,512,2048,512,1569.2
58607,512,512,512,1988.13
37223,512,512,512,1632.18
14595,512,512,512,866.896
23119,512,512,512,1406.35
70285,512,512,512,1548.38
56422,512,512,512,1477.22
21842,512,512,512,973.419
27155,512,512,512,1139.07
130289,2048,512,512,1931.68
90678,512,2048,512,966.375
48564,512,512,512,1269.52
26377,512,512,512,1054.66
9201,512,512,512,587.865
16237,512,512,512,899.915
58872,2048,512,512,1272.33
55804,512,2048,512,1047.31
69433,512,512,512,1641.71
57004,512,512,512,1511.44
12532,512,512,512,619.237
53312,512,512,512,1507.87
19051,2048,512,512,728.867
20119,512,2048,512,829.083
10834,512,512,512,462.713
21594,512,512,512,1108.08
3649,512,512,512,271.775
14972,512,512,512,750.617
19537,2048,512,512,761.018
20744,512,2048,512,928.169
32975,512,512,512,1197.34
19159,512,512,512,1125.84
8520,512,512,512,661.667
9463,512,512,512,498.733
21054,2048,512,512,863.998
21606,512,2048,512,829.544
19284,512,512,512,888.472
16852,512,512,512,995.393
5429,512,512,512,385.916
8863,512,512,512,611.637
20900,2048,512,512,801.457
18007,512,2048,512,783.509
29744,512,512,512,1033.91
15941,512,512,512,860.194
7369,512,512,512,489.706
9554,512,512,512,489.196
16100,2048,512,512,642.41
9871,512,2048,512,603.858
32053,512,512,512,1083.88
18132,512,512,512,974.151
7471,512,512,512,514.443
12811,512,512,512,765.722
2802367,33288,512,512,2977.09
17538,512,512,512,655.657
9689,512,512,512,673.227
9630,512,512,512,386.388
5732,512,512,512,325.249
49727,2048,512,512,1364.26
41575,512,2048,512,872.525
60339,512,512,512,1482.26
33846,512,512,512,1181.46
10762,512,512,512,383.655
34845,512,512,512,1155.78
27165,512,512,512,943.946
12022,512,512,512,856.859
7018,512,512,512,488.995
4981,512,512,512,375.358
18329,2048,512,512,839.72
18724,512,2048,512,710.033
20384,512,512,512,677.456
20795,512,512,512,831.104
5704,512,512,512,272.837
9461,512,512,512,614.101
21954,512,512,512,869.874
12498,512,512,512,747.572
5460,512,512,512,470.057
4860,512,512,512,444.902
19355,2048,512,512,885.192
20125,512,2048,512,784.868
29397,512,512,512,1096.15
26491,512,512,512,952.55
6978,512,512,512,469.001
12252,512,512,512,731.886
23425,512,512,512,909.014
20550,512,512,512,970.627
6200,512,512,512,572.765
7340,512,512,512,597.903
25190,2048,512,512,1004.49
29575,512,2048,512,967.017
33448,512,512,512,987.021
35320,512,512,512,1176.78
8490,512,512,512,385.493
16466,512,512,512,892.088
25495,512,512,512,935.768
36244,512,512,512,1198.25
7017,512,512,512,593.372
11888,512,512,512,828.829
33082,2048,512,512,1181.32
44738,512,2048,512,1164.51
25079,512,512,512,906.412
31458,512,512,512,1149.19
6391,512,512,512,439.489
14370,512,512,512,808.012
44130,512,512,512,1205.62
37424,512,512,512,1374.1
10100,512,512,512,623.457
15476,512,512,512,1002.43
42127,2048,512,512,1229.3
29857,512,2048,512,643.188
18768,512,512,512,772.644
14559,512,512,512,804.976
3701,512,512,512,384.832
9011,512,512,512,575.794
26707,2048,512,512,850.355
26895,512,2048,512,822.265
46041,512,512,512,1292.24
39819,512,512,512,1225.49
5371,512,512,512,260.258
35052,512,512,512,1143.78
3789,2048,512,512,243.353
3298,512,2048,512,331.478
10357,512,512,512,378.39
5954,512,512,512,571.504
2109,512,512,512,234.676
2920,512,512,512,233.898
3678,2048,512,512,236.675
3035,512,2048,512,311.342
3920,512,512,512,233.947
6539,512,512,512,556.481
1294,512,512,512,117.57
3906,512,512,512,321.209
6591,2048,512,512,398.609
6228,512,2048,512,429.129
10973,512,512,512,586.88
10235,512,512,512,774.151
2888,512,512,512,238.702
6614,512,512,512,486.838
5856,2048,512,512,365.187
5056,512,2048,512,464.213
21060,512,512,512,977.135
9576,512,512,512,618.018
4067,512,512,512,417.048
4228,512,512,512,375.363
4933,2048,512,512,308.759
2797,512,2048,512,245.351
16062,512,512,512,728.714
8583,512,512,512,553.474
3442,512,512,512,358.343
6578,512,512,512,474.614
1362291,33288,512,512,2616.33
0,512,512,512,0
929,512,512,512,137.413
0,512,512,512,0
246,512,512,512,29.4423
14047,2048,512,512,750.349
20596,512,2048,512,780.281
22905,512,512,512,811.533
27236,512,512,512,1008.83
5473,512,512,512,233.064
25435,512,512,512,1010.87
0,512,512,512,0
77,512,512,512,13.7347
0,512,512,512,0
19,512,512,512,3.34857
1932,2048,512,512,125.31
1833,512,2048,512,211.487
8299,512,512,512,573.519
20258,512,512,512,838.017
4656,512,512,512,342.652
6968,512,512,512,600.998
39,512,512,512,5.27317
6,512,512,512,1.10117
8,512,512,512,1.42634
20,512,512,512,3.61807
1005,2048,512,512,65.7588
960,512,2048,512,154.24
15889,512,512,512,757.002
26465,512,512,512,996.986
4629,512,512,512,414.02
9380,512,512,512,620.704
2992,512,512,512,187.124
1844,512,512,512,246.895
640,512,512,512,79.3583
401,512,512,512,57.5142
1423,2048,512,512,96.0959
1698,512,2048,512,227.366
13471,512,512,512,687.91
25799,512,512,512,990.519
5084,512,512,512,457.529
10880,512,512,512,511.902
10658,512,512,512,464.218
7785,512,512,512,664.816
5360,512,512,512,306.439
2762,512,512,512,281.37
1185,2048,512,512,79.1484
1198,512,2048,512,167.618
4459,512,512,512,256.002
4413,512,512,512,453.706
1897,512,512,512,150.388
1883,512,512,512,206.746
30410,512,512,512,1146.79
23696,512,512,512,1153.35
14210,512,512,512,841.124
7168,512,512,512,586.535
1373,2048,512,512,96.2327
1671,512,2048,512,244.176
5531,512,512,512,261.881
2353,512,512,512,269.106
2904,512,512,512,239.579
743,512,512,512,106.81
0,2048,512,512,0
0,512,2048,512,0
9554,512,512,512,548.165
19357,512,512,512,811.487
5442,512,512,512,424.09
13274,512,512,512,547.636
0,2048,512,512,0
0,512,2048,512,0
1670,512,512,512,144.749
1644,512,512,512,237.519
1203,512,512,512,98.9768
301,512,512,512,44.6236
159,2048,512,512,11.4522
274,512,2048,512,48.4474
87,512,512,512,12.8805
193,512,512,512,34.3703
15,512,512,512,2.67409
19,512,512,512,3.45789
0,2048,512,512,0
0,512,2048,512,0
0,512,512,512,0
0,512,512,512,0
0,512,512,512,0
0,512,512,512,0
0,2048,512,512,0
0,512,2048,512,0
0,512,512,512,0
0,512,512,512,0
0,512,512,512,0
0,512,512,512,0
0,2048,512,512,0
0,512,2048,512,0
0,512,512,512,0
0,512,512,512,0
0,512,512,512,0
0,512,512,512,0
850094,33288,512,512,2346.14
