128761,512,512,512,5118.29
132877,512,512,512,7626.68
142349,512,512,512,7511.67
122501,512,512,512,7541.6
657561,2048,512,512,8108.38
587093,512,2048,512,8279.76
158760,512,512,512,7773.42
161312,512,512,512,7786.97
154701,512,512,512,7768.89
163812,512,512,512,7769.64
138452,512,512,512,7646.81
140197,512,512,512,7724.68
139415,512,512,512,7688.88
130440,512,512,512,7665.02
615379,2048,512,512,8188.72
552458,512,2048,512,8283.89
122396,512,512,512,7541.31
163814,512,512,512,7815.5
119017,512,512,512,7446.74
156550,512,512,512,7781.3
130692,512,512,512,7628.69
144385,512,512,512,7723.22
131820,512,512,512,7660.65
133155,512,512,512,7651.04
629035,2048,512,512,8190.35
550086,512,2048,512,8255.73
129969,512,512,512,7588.05
164324,512,512,512,7823.35
131426,512,512,512,7625.81
157607,512,512,512,7851.98
132401,512,512,512,7625
158040,512,512,512,7781.03
136023,512,512,512,7607.52
146596,512,512,512,7772.47
640824,2048,512,512,8209.32
560424,512,2048,512,8292.31
133334,512,512,512,7626.23
165516,512,512,512,7861.83
134172,512,512,512,7710.17
161231,512,512,512,7851.91
128782,512,512,512,7665.06
171580,512,512,512,7829.12
135490,512,512,512,7653.45
157572,512,512,512,7817.22
655737,2048,512,512,8218.94
588044,512,2048,512,8274.57
125661,512,512,512,7516.7
154825,512,512,512,7756.25
127452,512,512,512,7624.19
153730,512,512,512,7749.92
129316,512,512,512,7598.44
176891,512,512,512,7887.57
141501,512,512,512,7665.86
161782,512,512,512,7842.19
673253,2048,512,512,8242.32
611291,512,2048,512,8288.12
102691,512,512,512,7466.53
136832,512,512,512,7609.7
105460,512,512,512,7479.23
134494,512,512,512,7655.13
546132,2048,512,512,8119.6
478771,512,2048,512,8234.76
126309,512,512,512,7456.5
127433,512,512,512,7534.84
124950,512,512,512,7526.4
136926,512,512,512,7734.05
512834,2048,512,512,8090.66
430911,512,2048,512,8151.24
89535,512,512,512,7144.49
142150,512,512,512,7768.59
83912,512,512,512,7084.92
126151,512,512,512,7510.56
526135,2048,512,512,8093.07
434134,512,2048,512,8205.48
100634,512,512,512,7319.25
132334,512,512,512,7609.16
96583,512,512,512,7266.57
120956,512,512,512,7492.44
527460,2048,512,512,8081.65
428269,512,2048,512,8141.63
103808,512,512,512,7466.31
127274,512,512,512,7539.2
102659,512,512,512,7386.16
119034,512,512,512,7522.64
529427,2048,512,512,8093.96
424951,512,2048,512,8185.72
117377,512,512,512,7549.5
122898,512,512,512,7595.64
114955,512,512,512,7531.47
118573,512,512,512,7532.74
504860,2048,512,512,8054
400093,512,2048,512,8045.67
115234,512,512,512,7527.21
120376,512,512,512,7586.85
114692,512,512,512,7573.55
119087,512,512,512,7451.31
7941902,33288,512,512,8278.63
82388,512,512,512,6922
95040,512,512,512,7324.41
95047,512,512,512,7086.86
81972,512,512,512,7134.3
559163,2048,512,512,8126.26
479025,512,2048,512,8228.9
123005,512,512,512,7537.29
134139,512,512,512,7587.68
117970,512,512,512,7399.32
136606,512,512,512,7676.01
108827,512,512,512,7417.98
113602,512,512,512,7611.52
110167,512,512,512,7364.22
103331,512,512,512,7313.45
500782,2048,512,512,8076.98
433174,512,2048,512,8180.51
83660,512,512,512,7081.86
139159,512,512,512,7729.38
79680,512,512,512,7081.68
128804,512,512,512,7625.06
93269,512,512,512,7196.16
116477,512,512,512,7571.12
96336,512,512,512,7321.36
100708,512,512,512,7436.61
513866,2048,512,512,8207.03
431100,512,2048,512,8202.52
94610,512,512,512,7354.15
138919,512,512,512,7684.2
97046,512,512,512,7334.39
129913,512,512,512,7481.38
91737,512,512,512,7228.28
128003,512,512,512,7578.35
97528,512,512,512,7308.46
111611,512,512,512,7504.84
530735,2048,512,512,8109.98
446252,512,2048,512,8223.83
96734,512,512,512,7321.62
139126,512,512,512,7691.33
97673,512,512,512,7349.01
132027,512,512,512,7562.29
99926,512,512,512,7369.09
146522,512,512,512,7721.37
105672,512,512,512,7441.69
131348,512,512,512,7625.6
560299,2048,512,512,8117.66
483219,512,2048,512,8232.67
99871,512,512,512,7215.79
139835,512,512,512,7692.82
100632,512,512,512,7367.25
135476,512,512,512,7683.18
100073,512,512,512,7371.22
158983,512,512,512,7761.33
110849,512,512,512,7496.72
140232,512,512,512,7710.02
584554,2048,512,512,8148.56
515851,512,2048,512,8229.29
72786,512,512,512,7014.2
111169,512,512,512,7474.33
75465,512,512,512,7056.67
108697,512,512,512,7535.52
418763,2048,512,512,7966.6
331624,512,2048,512,8009.33
104724,512,512,512,7449.32
104369,512,512,512,7371.42
100685,512,512,512,7354.3
114837,512,512,512,7554.09
384080,2048,512,512,7921.09
294467,512,2048,512,8045.37
52376,512,512,512,6466.48
108226,512,512,512,7493.33
49216,512,512,512,6521.37
88225,512,512,512,7006.98
390912,2048,512,512,7915.64
292071,512,2048,512,8008.2
68275,512,512,512,6803.85
97898,512,512,512,7400.75
65237,512,512,512,6819.38
82951,512,512,512,7154.32
395711,2048,512,512,7930.27
291221,512,2048,512,8023.05
71474,512,512,512,6941.07
99155,512,512,512,7411.94
69597,512,512,512,6963.78
91595,512,512,512,7135.17
386282,2048,512,512,7883.68
286061,512,2048,512,7988.87
74946,512,512,512,6946.73
93347,512,512,512,7412.63
73526,512,512,512,6936.16
87577,512,512,512,7155.3
372892,2048,512,512,7881.21
268393,512,2048,512,7831.74
83966,512,512,512,7176.34
91238,512,512,512,7290.61
82765,512,512,512,7220.26
85516,512,512,512,7132.37
6970877,33288,512,512,8217.44
48820,512,512,512,5952.24
61079,512,512,512,7669.33
59699,512,512,512,7388.42
49720,512,512,512,7353.58
457008,2048,512,512,9474.35
380232,512,2048,512,9604.38
100329,512,512,512,8545.74
112503,512,512,512,8723.28
94479,512,512,512,8471.08
114846,512,512,512,8905.76
82527,512,512,512,8382.7
86541,512,512,512,8548.58
84021,512,512,512,8254.74
74658,512,512,512,8221.47
371268,2048,512,512,7867.67
296938,512,2048,512,8001.28
59207,512,512,512,6707.52
110975,512,512,512,7530.91
55989,512,512,512,6524.57
99131,512,512,512,7422.29
59373,512,512,512,6704.67
88269,512,512,512,7271.02
64712,512,512,512,6978.5
69763,512,512,512,6948.88
383955,2048,512,512,7918.45
302682,512,2048,512,8070.68
75307,512,512,512,7058.65
120987,512,512,512,7618.42
74395,512,512,512,7077.08
110489,512,512,512,7448.37
69106,512,512,512,6904.67
107546,512,512,512,7541.71
74384,512,512,512,7054.01
86780,512,512,512,7137.8
406737,2048,512,512,7968.46
316678,512,2048,512,8074.18
75207,512,512,512,7159.11
115311,512,512,512,7563.9
77122,512,512,512,7152.57
106452,512,512,512,7396.31
75019,512,512,512,7073.61
125521,512,512,512,7596.72
83525,512,512,512,7108.04
105434,512,512,512,7453.84
445126,2048,512,512,8020.91
360576,512,2048,512,8171.19
66207,512,512,512,6990.72
107436,512,512,512,7490.3
69103,512,512,512,7031.71
100659,512,512,512,7400.97
80509,512,512,512,7101.12
140067,512,512,512,7678.52
94610,512,512,512,7312.85
117697,512,512,512,7596.61
469702,2048,512,512,8039.78
393501,512,2048,512,8078.35
53044,512,512,512,6654.87
91720,512,512,512,7252.38
54347,512,512,512,6682.44
87767,512,512,512,7312.96
319674,2048,512,512,7764.16
246891,512,2048,512,7928.16
64552,512,512,512,6872.09
73664,512,512,512,7010.66
61364,512,512,512,6723.09
83434,512,512,512,7167.48
237924,2048,512,512,7451.32
152630,512,2048,512,7638.21
32419,512,512,512,5649.22
75766,512,512,512,7161.72
30510,512,512,512,5478.79
57281,512,512,512,6557.82
239685,2048,512,512,7480.11
155797,512,2048,512,7447.72
43886,512,512,512,6289.79
73089,512,512,512,7062.81
39292,512,512,512,6142.75
62094,512,512,512,6807.15
241817,2048,512,512,7492.94
154531,512,2048,512,7503.21
49628,512,512,512,6189.9
57036,512,512,512,6757.63
48540,512,512,512,6461.57
49310,512,512,512,6482.83
219154,2048,512,512,7384.36
147362,512,2048,512,7424.07
33528,512,512,512,5715.63
53373,512,512,512,6680.43
34631,512,512,512,5928.93
44365,512,512,512,6057.95
195846,2048,512,512,7271.65
120625,512,2048,512,6904.11
54241,512,512,512,6576.85
71756,512,512,512,7024.14
51254,512,512,512,6496.84
64594,512,512,512,6831.11
5924545,33288,512,512,8137.45
45935,512,512,512,5905.96
46296,512,512,512,6221.4
52919,512,512,512,6078.82
38370,512,512,512,5855.57
331367,2048,512,512,7788.42
265406,512,2048,512,7786.29
65174,512,512,512,6809.74
85635,512,512,512,7265.62
59884,512,512,512,6646.85
89665,512,512,512,7244.06
45262,512,512,512,6274.81
57303,512,512,512,6754.57
48014,512,512,512,6286.61
44781,512,512,512,6334.72
250381,2048,512,512,7524.6
189258,512,2048,512,7608.72
40322,512,512,512,5912.72
85967,512,512,512,7323.65
36932,512,512,512,6064.91
74639,512,512,512,7100.82
44052,512,512,512,6226.09
61540,512,512,512,6935.61
47508,512,512,512,6470.9
46746,512,512,512,6424.53
265383,2048,512,512,7614.07
195030,512,2048,512,7824.8
42118,512,512,512,6425.63
91334,512,512,512,7322.97
42774,512,512,512,6293.55
79227,512,512,512,7117.78
38467,512,512,512,6144.73
71031,512,512,512,7040.12
44005,512,512,512,6195.84
53746,512,512,512,6617.12
283233,2048,512,512,7657.61
202509,512,2048,512,7898.82
46461,512,512,512,6438.25
78908,512,512,512,7111.58
48194,512,512,512,6503.78
72580,512,512,512,7120.32
43854,512,512,512,6372.97
96524,512,512,512,7346.56
51673,512,512,512,6488.59
76538,512,512,512,7141.87
320489,2048,512,512,7776.13
247453,512,2048,512,7905.75
40847,512,512,512,6316.8
81975,512,512,512,7207.58
42541,512,512,512,6384.39
75412,512,512,512,7162.64
49860,512,512,512,6500.39
110313,512,512,512,7458.31
61547,512,512,512,6814.3
88378,512,512,512,7320.51
345592,2048,512,512,7814.4
274829,512,2048,512,7837.56
25374,512,512,512,5444.88
60536,512,512,512,6681.56
25890,512,512,512,5561.67
57422,512,512,512,6774.83
209395,2048,512,512,7340.95
151186,512,2048,512,7530.47
32695,512,512,512,5789.53
42140,512,512,512,6407.98
30524,512,512,512,5804.59
49135,512,512,512,6306.62
126254,2048,512,512,6623.84
76575,512,2048,512,6770.23
17164,512,512,512,4560.91
52044,512,512,512,6661.96
14299,512,512,512,4250.02
37690,512,512,512,5988.11
146819,2048,512,512,6944.36
84761,512,2048,512,7083.25
23183,512,512,512,5255.33
49133,512,512,512,6545.95
21266,512,512,512,4859.06
36818,512,512,512,6083.66
144374,2048,512,512,6877.51
87498,512,2048,512,7010.14
20567,512,512,512,4914.73
39685,512,512,512,6196.24
19186,512,512,512,4650.71
32050,512,512,512,5366.47
133310,2048,512,512,6823.02
81004,512,2048,512,6826.33
25603,512,512,512,5303.32
40168,512,512,512,6215.93
23381,512,512,512,5080.24
32959,512,512,512,5827.41
117647,2048,512,512,6629.02
69633,512,2048,512,6205.11
23953,512,512,512,4961.54
31670,512,512,512,5813.51
22904,512,512,512,5139.3
28133,512,512,512,5467.69
4045117,33288,512,512,7887.03
34335,512,512,512,5631.93
29747,512,512,512,5631.32
42332,512,512,512,6006.87
23730,512,512,512,5177.16
165318,2048,512,512,7033.52
114116,512,2048,512,7409.57
34464,512,512,512,5799.88
60724,512,512,512,6814.25
30956,512,512,512,5536.74
62144,512,512,512,6852.84
27947,512,512,512,5312.17
32084,512,512,512,5889.08
31500,512,512,512,5520.26
26063,512,512,512,5342.83
144805,2048,512,512,6923.55
93516,512,2048,512,7328.3
19984,512,512,512,4865.34
51570,512,512,512,6734.64
18956,512,512,512,4875.16
45617,512,512,512,6451.55
17384,512,512,512,4556.47
30722,512,512,512,5792.76
20613,512,512,512,4863.08
23618,512,512,512,5269.03
150601,2048,512,512,6963.83
91018,512,2048,512,7232.84
22986,512,512,512,5077.59
50560,512,512,512,6562.57
23332,512,512,512,5106.43
48332,512,512,512,6574.38
18710,512,512,512,4763.09
48771,512,512,512,6655.67
22976,512,512,512,5229.25
37207,512,512,512,6211.68
158689,2048,512,512,7017.39
91220,512,2048,512,7288.49
25803,512,512,512,5177.18
51980,512,512,512,6764.03
27000,512,512,512,5459.28
50793,512,512,512,6490.47
22110,512,512,512,5044.26
70194,512,512,512,7044.72
27829,512,512,512,5603.89
55987,512,512,512,6628.74
166966,2048,512,512,7053.47
100492,512,2048,512,7307.68
16560,512,512,512,4336.94
39864,512,512,512,6310.4
17972,512,512,512,4721.71
38720,512,512,512,6175.13
24537,512,512,512,5291.44
65081,512,512,512,7006.49
35051,512,512,512,5892.86
54980,512,512,512,6661.72
189128,2048,512,512,7245.31
109440,512,2048,512,7089.23
6244,512,512,512,2440.78
26927,512,512,512,5512.89
7420,512,512,512,2971.71
26093,512,512,512,5336.16
53227,2048,512,512,5226.94
34630,512,2048,512,5792.03
13396,512,512,512,4105.56
27558,512,512,512,5377.99
12282,512,512,512,3888.44
32402,512,512,512,5765.96
59715,2048,512,512,5424.4
31978,512,2048,512,5805.52
8006,512,512,512,3155.07
25723,512,512,512,5349.82
7531,512,512,512,2993.69
18901,512,512,512,4768.56
73174,2048,512,512,5761.91
37471,512,2048,512,6000.61
7276,512,512,512,2840.28
25171,512,512,512,5390.93
6459,512,512,512,2653.67
19734,512,512,512,4765.95
77994,2048,512,512,5932.51
38793,512,2048,512,6070.67
11015,512,512,512,3475.71
24419,512,512,512,5313.44
10472,512,512,512,3529.27
20582,512,512,512,4887.75
70998,2048,512,512,5629.88
35760,512,2048,512,5737.02
8285,512,512,512,3180.8
20839,512,512,512,4813.92
7826,512,512,512,3030.49
17985,512,512,512,4542.83
61917,2048,512,512,5483.74
28848,512,2048,512,4818.67
11904,512,512,512,3933.68
21574,512,512,512,4929.44
11724,512,512,512,3795.33
20289,512,512,512,4917.61
1938914,33288,512,512,6924.07
13591,512,512,512,3598.4
11834,512,512,512,3488.6
18364,512,512,512,4056.59
8842,512,512,512,2982.28
107573,2048,512,512,6504.49
80849,512,2048,512,6806.1
16771,512,512,512,4398.5
28842,512,512,512,5506.83
13807,512,512,512,4159.81
31600,512,512,512,5707.75
13156,512,512,512,3952.51
15612,512,512,512,4096.63
15414,512,512,512,4033.51
10938,512,512,512,3594.05
48981,2048,512,512,4890.65
34082,512,2048,512,5653.46
7091,512,512,512,2747.95
27698,512,512,512,5600.86
6302,512,512,512,2655.22
21599,512,512,512,5135.45
6119,512,512,512,2615.57
11183,512,512,512,3758
7324,512,512,512,2901.49
7750,512,512,512,2884.56
55048,2048,512,512,5253.61
35955,512,2048,512,5502.44
8454,512,512,512,3083.82
27387,512,512,512,5692.65
8560,512,512,512,3245.5
22070,512,512,512,5058.57
7508,512,512,512,3015.92
18737,512,512,512,4752
9838,512,512,512,3489.23
12906,512,512,512,3979.21
63204,2048,512,512,5543.07
40951,512,2048,512,5847.86
10143,512,512,512,3549.22
31538,512,512,512,5926.54
10640,512,512,512,3541.13
26736,512,512,512,5671.07
10085,512,512,512,3595.77
31635,512,512,512,5780.56
12905,512,512,512,4108.03
23675,512,512,512,5300.68
75648,2048,512,512,5916.68
51508,512,2048,512,5888.73
8793,512,512,512,3110.85
23635,512,512,512,4868.88
8673,512,512,512,3035.67
20949,512,512,512,4869.21
11498,512,512,512,3663.79
50919,512,512,512,6578.82
15955,512,512,512,4213.84
35619,512,512,512,5971.88
90763,2048,512,512,6205.19
66881,512,2048,512,5768.13
2012,512,512,512,1079.14
9731,512,512,512,2888.94
2143,512,512,512,1186.69
8160,512,512,512,3181.96
53936,2048,512,512,5084.18
37885,512,2048,512,5822.51
4860,512,512,512,2172.07
8693,512,512,512,3314.58
4594,512,512,512,1974.59
10765,512,512,512,3630.4
19771,2048,512,512,2968.72
11460,512,2048,512,3415.72
3116,512,512,512,1594.12
17085,512,512,512,4559.8
2706,512,512,512,1304.34
11679,512,512,512,3837.53
21492,2048,512,512,3115.31
12675,512,2048,512,3663.54
3128,512,512,512,1529.94
8602,512,512,512,3243.65
2649,512,512,512,1407.23
5842,512,512,512,2504.27
21069,2048,512,512,2973.03
12926,512,2048,512,3365.26
3130,512,512,512,1587.01
8456,512,512,512,3179.23
2888,512,512,512,1489.38
5920,512,512,512,2482.02
16569,2048,512,512,2377.35
10555,512,2048,512,3032.64
3975,512,512,512,1850.85
9829,512,512,512,3545.97
3688,512,512,512,1785.75
6880,512,512,512,2691.85
14652,2048,512,512,2108.79
9374,512,2048,512,2659.59
2878,512,512,512,1469.71
5607,512,512,512,2138.55
2627,512,512,512,1378.95
4187,512,512,512,1979.08
1251031,33288,512,512,5965.37
7994,512,512,512,2697.33
6230,512,512,512,2791.67
10825,512,512,512,3052.65
4266,512,512,512,1877.42
37336,2048,512,512,4331.95
28863,512,2048,512,5391.8
5646,512,512,512,2472
17872,512,512,512,4732.84
4679,512,512,512,2148.56
21603,512,512,512,5073.27
5126,512,512,512,2088.25
5757,512,512,512,2562.67
6474,512,512,512,2535.33
3865,512,512,512,1855.66
18332,2048,512,512,2765.95
14699,512,2048,512,4006.97
3668,512,512,512,1776.07
11791,512,512,512,3947.81
3797,512,512,512,1820.97
10070,512,512,512,3564.11
3401,512,512,512,1689.28
5162,512,512,512,2392.67
4111,512,512,512,1915.92
3691,512,512,512,1810.84
13036,2048,512,512,1941.26
9863,512,2048,512,3073.18
4359,512,512,512,2013.9
13924,512,512,512,4176.87
4174,512,512,512,1912.21
11995,512,512,512,3873.75
3302,512,512,512,1694.69
7543,512,512,512,3019.56
4222,512,512,512,2024.41
6012,512,512,512,2450.75
12635,2048,512,512,1879.25
9668,512,2048,512,3206.38
4405,512,512,512,1920.76
10699,512,512,512,3780.46
4559,512,512,512,2062.39
9516,512,512,512,3397.15
4352,512,512,512,2042.37
15753,512,512,512,4505.89
5559,512,512,512,2395.8
12052,512,512,512,3794.5
14538,2048,512,512,2150.54
11200,512,2048,512,3089.99
2258,512,512,512,1202.51
8183,512,512,512,3141.17
2408,512,512,512,1278.67
6857,512,512,512,2791.65
4500,512,512,512,2140.07
23566,512,512,512,5305.51
5989,512,512,512,2587.22
17053,512,512,512,4656.61
17556,2048,512,512,2608.44
14256,512,2048,512,3001.51
742,512,512,512,434.275
2728,512,512,512,1434.9
806,512,512,512,464.407
2370,512,512,512,1232.42
21989,2048,512,512,3181.41
16969,512,2048,512,4372.49
1040,512,512,512,585.529
6990,512,512,512,2848.52
971,512,512,512,588.485
10210,512,512,512,3570.22
4276,2048,512,512,604.548
3145,512,2048,512,1504.33
1083,512,512,512,639.852
7508,512,512,512,2844.95
989,512,512,512,609.348
5246,512,512,512,2272.76
3167,2048,512,512,449.993
2309,512,2048,512,1126.56
1566,512,512,512,932.533
4323,512,512,512,1804.77
1368,512,512,512,760.991
3317,512,512,512,1518.78
2099,2048,512,512,302.235
1606,512,2048,512,919.15
1259,512,512,512,702.493
3983,512,512,512,1927.5
1243,512,512,512,718.302
2880,512,512,512,1464.02
1483,2048,512,512,205.638
1166,512,2048,512,600.837
827,512,512,512,485.912
1872,512,512,512,1079.11
712,512,512,512,452.063
1394,512,512,512,797.996
1887,2048,512,512,269.106
1200,512,2048,512,639.068
419,512,512,512,267.092
812,512,512,512,441.061
391,512,512,512,240.5
645,512,512,512,399.71
584680,33288,512,512,4024.62
131072,512,512,512,7619.43
131072,512,512,512,7537.78
131072,512,512,512,7663.28
131072,512,512,512,7609.75
524288,2048,512,512,8093.35
524288,512,2048,512,8186.15
131072,512,512,512,7580.7
131072,512,512,512,7547.11
131072,512,512,512,7644.77
131072,512,512,512,7582.24
131072,512,512,512,7638.16
131072,512,512,512,7652.09
131072,512,512,512,7666.08
131072,512,512,512,7598.89
524288,2048,512,512,8100.39
524288,512,2048,512,8202.46
131072,512,512,512,7636.59
131072,512,512,512,7627.91
131072,512,512,512,7643.73
131072,512,512,512,7648.08
131071,512,512,512,7552.82
131072,512,512,512,7640.94
131072,512,512,512,7674.67
131072,512,512,512,7679.59
524288,2048,512,512,8099.51
524288,512,2048,512,8204.72
131072,512,512,512,7658.21
131072,512,512,512,7597.52
131072,512,512,512,7653.84
131072,512,512,512,7636.07
131072,512,512,512,7608.72
131072,512,512,512,7654.19
131072,512,512,512,7596.66
131072,512,512,512,7661.88
524288,2048,512,512,8097.01
524287,512,2048,512,8208.87
131072,512,512,512,7609.06
131072,512,512,512,7535.24
131072,512,512,512,7574.71
131072,512,512,512,7619.6
131072,512,512,512,7581.04
131072,512,512,512,7625.66
131072,512,512,512,7614.41
131072,512,512,512,7605.09
524288,2048,512,512,8075.09
524288,512,2048,512,8221.91
131072,512,512,512,7594.42
131072,512,512,512,7578.3
131072,512,512,512,7533.72
131072,512,512,512,7664.85
131072,512,512,512,7625.83
131072,512,512,512,7617.18
131072,512,512,512,7667.83
131072,512,512,512,7595.62
524288,2048,512,512,8076.65
524288,512,2048,512,8202.01
131072,512,512,512,7623.93
131072,512,512,512,7629.82
131072,512,512,512,7662.05
131072,512,512,512,7593.73
524288,2048,512,512,8075
524288,512,2048,512,8060.5
131072,512,512,512,7461.02
131072,512,512,512,7502.05
131072,512,512,512,7491.5
131072,512,512,512,7554.24
524288,2048,512,512,8100.53
524288,512,2048,512,8144.23
131072,512,512,512,7544.9
131072,512,512,512,7558.84
131072,512,512,512,7603.89
131072,512,512,512,7584.98
524288,2048,512,512,8087.26
524288,512,2048,512,8135.59
131072,512,512,512,7628.96
131072,512,512,512,7650.17
131072,512,512,512,7614.24
131072,512,512,512,7573.34
524288,2048,512,512,8069.51
524288,512,2048,512,8178.82
131072,512,512,512,7649.65
131072,512,512,512,7584.98
131072,512,512,512,7573.51
131072,512,512,512,7666.26
524288,2048,512,512,8074.02
524288,512,2048,512,8189.7
131072,512,512,512,7625.49
131072,512,512,512,7631.56
131072,512,512,512,7636.77
131072,512,512,512,7654.01
524288,2048,512,512,8098.38
524288,512,2048,512,8162.16
131072,512,512,512,7587.21
131072,512,512,512,7593.05
131072,512,512,512,7513.31
131072,512,512,512,7621.68
8521728,33288,512,512,8308.61
104857,512,512,512,10103.3
104857,512,512,512,10149.5
104857,512,512,512,10154.1
104857,512,512,512,10181.4
419430,2048,512,512,11012.7
419430,512,2048,512,11081.7
104857,512,512,512,7276.8
104857,512,512,512,7316.67
104857,512,512,512,7433.78
104857,512,512,512,7445.74
104857,512,512,512,7419.61
104857,512,512,512,7448.84
104857,512,512,512,7262.82
104857,512,512,512,7425.15
419430,2048,512,512,7962.66
419430,512,2048,512,8098.94
104857,512,512,512,7322.86
104857,512,512,512,7458.36
104857,512,512,512,7385.31
104857,512,512,512,7420.43
104857,512,512,512,7458.98
104856,512,512,512,7440.1
104857,512,512,512,7462.3
104857,512,512,512,7341.68
419430,2048,512,512,7974.43
419430,512,2048,512,8102.24
104857,512,512,512,7485.82
104857,512,512,512,7491.46
104857,512,512,512,7388.77
104857,512,512,512,7344.29
104857,512,512,512,7514.11
104857,512,512,512,7438.73
104857,512,512,512,7470.82
104857,512,512,512,7458.98
419429,2048,512,512,7989.3
419429,512,2048,512,8098.31
104857,512,512,512,7323.25
104857,512,512,512,7374.36
104857,512,512,512,7395.89
104857,512,512,512,7412.84
104857,512,512,512,7422.07
104857,512,512,512,7467.91
104857,512,512,512,7417.56
104857,512,512,512,7378.21
419430,2048,512,512,7992.23
419430,512,2048,512,8092.77
104857,512,512,512,7485.4
104857,512,512,512,7482.27
104857,512,512,512,7389.38
104857,512,512,512,7421.45
104857,512,512,512,7476.64
104857,512,512,512,7428.43
104857,512,512,512,7422.89
104857,512,512,512,7483.52
419430,2048,512,512,7959.41
419430,512,2048,512,8069.36
104857,512,512,512,7538.58
104857,512,512,512,7376.58
104857,512,512,512,7427.2
104857,512,512,512,7447.6
419430,2048,512,512,7942.99
419430,512,2048,512,8038.37
104857,512,512,512,7367.47
104857,512,512,512,7303.13
104857,512,512,512,7329.85
104857,512,512,512,7432.34
419430,2048,512,512,7966.44
419430,512,2048,512,8009.94
104857,512,512,512,7435.02
104857,512,512,512,7400.79
104857,512,512,512,7377.19
104857,512,512,512,7413.87
419430,2048,512,512,7948.22
419430,512,2048,512,8059.42
104857,512,512,512,7499.2
104857,512,512,512,7406.3
104857,512,512,512,7463.13
104857,512,512,512,7446.16
419430,2048,512,512,7977.98
419430,512,2048,512,8083.08
104857,512,512,512,7400.99
104857,512,512,512,7312.88
104857,512,512,512,7425.97
104857,512,512,512,7438.11
419429,2048,512,512,7942.79
419430,512,2048,512,8107.62
104857,512,512,512,7507.59
104857,512,512,512,7411
104857,512,512,512,7465.62
104857,512,512,512,7395.28
419430,2048,512,512,7952.05
419430,512,2048,512,8053.44
104857,512,512,512,7398.34
104857,512,512,512,7293.8
104857,512,512,512,7457.33
104857,512,512,512,7445.54
6817381,33288,512,512,8219.23
78643,512,512,512,7979
78642,512,512,512,7936.12
78643,512,512,512,8149.53
78643,512,512,512,7972.05
314572,2048,512,512,8831.45
314572,512,2048,512,9022.01
78643,512,512,512,8096.44
78643,512,512,512,7995.16
78643,512,512,512,8060.78
78643,512,512,512,8111.12
78643,512,512,512,6953.31
78643,512,512,512,7140.24
78643,512,512,512,7042.33
78643,512,512,512,7104.21
314572,2048,512,512,7774.03
314571,512,2048,512,7865.73
78643,512,512,512,7027.09
78643,512,512,512,7060.6
78643,512,512,512,7037.9
78643,512,512,512,7140.74
78643,512,512,512,7137.96
78643,512,512,512,7132.65
78643,512,512,512,7131.64
78643,512,512,512,7073.75
314572,2048,512,512,7769.91
314572,512,2048,512,7974.42
78643,512,512,512,7133.15
78643,512,512,512,7014.36
78643,512,512,512,7049.97
78643,512,512,512,7017.78
78643,512,512,512,7104.46
78643,512,512,512,7036.18
78643,512,512,512,7085.45
78643,512,512,512,7146.57
314572,2048,512,512,7748.3
314572,512,2048,512,7933.41
78643,512,512,512,7155.21
78643,512,512,512,7110.98
78643,512,512,512,7066.06
78643,512,512,512,7073.5
78643,512,512,512,7110.48
78643,512,512,512,7078.48
78643,512,512,512,7076.74
78643,512,512,512,7164.37
314572,2048,512,512,7778.01
314572,512,2048,512,7901.8
78643,512,512,512,7179.96
78643,512,512,512,7033.47
78643,512,512,512,7153.43
78643,512,512,512,7093.94
78643,512,512,512,7172.29
78643,512,512,512,7075.74
78643,512,512,512,7166.41
78643,512,512,512,7176.38
314572,2048,512,512,7760.32
314572,512,2048,512,7832.94
78643,512,512,512,7019.25
78643,512,512,512,6965.82
78643,512,512,512,7083.71
78643,512,512,512,7239.08
314572,2048,512,512,7769.61
314572,512,2048,512,7911.2
78643,512,512,512,6990.73
78643,512,512,512,7071.27
78643,512,512,512,7038.88
78643,512,512,512,7065.56
314572,2048,512,512,7746.89
314572,512,2048,512,7919.67
78643,512,512,512,7086.2
78643,512,512,512,7106.21
78643,512,512,512,7038.14
78643,512,512,512,7100.7
314572,2048,512,512,7741.52
314572,512,2048,512,7952.13
78643,512,512,512,7135.17
78643,512,512,512,7050.71
78643,512,512,512,7053.43
78643,512,512,512,7071.52
314572,2048,512,512,7743.68
314571,512,2048,512,7971.94
78643,512,512,512,7128.35
78643,512,512,512,7012.16
78643,512,512,512,7023.66
78643,512,512,512,7129.62
314572,2048,512,512,7748.53
314572,512,2048,512,7952.13
78643,512,512,512,7042.33
78643,512,512,512,6967.75
78643,512,512,512,7098.95
78643,512,512,512,6912.25
314572,2048,512,512,7733.05
314572,512,2048,512,7924.2
78643,512,512,512,7152.92
78643,512,512,512,6993.89
78643,512,512,512,7120.79
78643,512,512,512,7039.13
5113037,33288,512,512,8065.63
52428,512,512,512,6534.04
52428,512,512,512,6158.66
52428,512,512,512,6669.1
52428,512,512,512,6686.38
209715,2048,512,512,7387.28
209715,512,2048,512,7676.16
52428,512,512,512,6534.99
52428,512,512,512,6293.52
52428,512,512,512,6499.23
52428,512,512,512,6550.3
52428,512,512,512,6595.69
52428,512,512,512,6441.84
52428,512,512,512,6534.99
52428,512,512,512,6623.36
209715,2048,512,512,7379.86
209715,512,2048,512,7752.19
52428,512,512,512,6504.27
52428,512,512,512,6466.04
52428,512,512,512,6625.97
52428,512,512,512,6540.41
52428,512,512,512,6512.8
52428,512,512,512,6641.05
52428,512,512,512,6696.05
52428,512,512,512,6591.8
209715,2048,512,512,7276.15
209715,512,2048,512,7795.08
52428,512,512,512,6586.95
52428,512,512,512,6579.85
52428,512,512,512,6605.75
52428,512,512,512,6600.55
52428,512,512,512,6613.56
52428,512,512,512,6517.22
52428,512,512,512,6588.89
52428,512,512,512,6663.8
209715,2048,512,512,7359.94
209715,512,2048,512,7768.01
52428,512,512,512,6576.62
52428,512,512,512,6633.5
52428,512,512,512,6617.8
52428,512,512,512,6589.54
52428,512,512,512,6583.4
52428,512,512,512,6645.33
52428,512,512,512,6737.4
52428,512,512,512,6733
209715,2048,512,512,7393.69
209715,512,2048,512,7749.62
52428,512,512,512,6669.43
52428,512,512,512,6527.37
52428,512,512,512,6607.38
52428,512,512,512,6661.82
52428,512,512,512,6673.08
52428,512,512,512,6631.86
52428,512,512,512,6630.55
52428,512,512,512,6609.98
209715,2048,512,512,7370.14
209715,512,2048,512,7495.05
52428,512,512,512,6620.42
52428,512,512,512,6251.6
52428,512,512,512,6459.82
52428,512,512,512,6498.29
209715,2048,512,512,7411.24
209715,512,2048,512,7817.32
52428,512,512,512,6596.99
52428,512,512,512,6619.11
52428,512,512,512,6564.4
52428,512,512,512,6178.22
209715,2048,512,512,7401.33
209715,512,2048,512,7785.81
52428,512,512,512,6644.01
52428,512,512,512,6380.89
52428,512,512,512,6666.12
52428,512,512,512,6647.96
209715,2048,512,512,7398.48
209715,512,2048,512,7824.5
52428,512,512,512,6476.97
52428,512,512,512,6529.59
52428,512,512,512,6603.8
52428,512,512,512,6686.71
209715,2048,512,512,7233.99
209715,512,2048,512,7799.83
52428,512,512,512,6672.42
52428,512,512,512,6614.87
52428,512,512,512,6677.06
52428,512,512,512,6568.57
209715,2048,512,512,7336.6
209715,512,2048,512,7699.38
52428,512,512,512,6649.61
52428,512,512,512,6641.71
52428,512,512,512,6542.32
52428,512,512,512,6571.15
209715,2048,512,512,7357.11
209715,512,2048,512,7577.56
52428,512,512,512,6659.17
52428,512,512,512,6345
52428,512,512,512,6627.28
52428,512,512,512,6724.23
3408691,33288,512,512,7757
26214,512,512,512,5472.83
26214,512,512,512,4875.25
26214,512,512,512,5449.28
26214,512,512,512,5080.46
104857,2048,512,512,6496.94
104857,512,2048,512,7013.11
26214,512,512,512,5375.94
26214,512,512,512,4898.02
26214,512,512,512,5417.6
26214,512,512,512,5533.3
26214,512,512,512,5390.62
26214,512,512,512,5217.12
26214,512,512,512,5600.25
26214,512,512,512,5534.21
104857,2048,512,512,6490.81
104857,512,2048,512,7296.18
26214,512,512,512,5513.3
26214,512,512,512,5552.07
26214,512,512,512,5409.31
26214,512,512,512,5489.84
26214,512,512,512,5381.11
26214,512,512,512,5435.15
26214,512,512,512,5436.03
26214,512,512,512,5547.48
104857,2048,512,512,6497.88
104857,512,2048,512,7125.56
26214,512,512,512,5372.07
26214,512,512,512,5487.6
26214,512,512,512,5451.93
26214,512,512,512,5493.89
26214,512,512,512,5490.74
26214,512,512,512,5282.83
26214,512,512,512,5380.68
26214,512,512,512,5282.42
104857,2048,512,512,6539.35
104857,512,2048,512,7084.56
26214,512,512,512,5623.72
26214,512,512,512,5408.43
26214,512,512,512,5632.21
26214,512,512,512,5520.1
26214,512,512,512,5619.48
26214,512,512,512,5334.91
26214,512,512,512,5335.33
26214,512,512,512,5529.19
104857,2048,512,512,6478.75
104857,512,2048,512,7325.45
26214,512,512,512,5627.96
26214,512,512,512,5148.68
26214,512,512,512,5543.81
26214,512,512,512,5506.96
26214,512,512,512,5531.47
26214,512,512,512,5105.98
26214,512,512,512,5519.19
26214,512,512,512,5539.69
104857,2048,512,512,6518.08
104857,512,2048,512,6622.6
26214,512,512,512,5535.58
26214,512,512,512,5210.64
26214,512,512,512,5494.34
26214,512,512,512,5521.46
104857,2048,512,512,6574.91
104857,512,2048,512,6902.21
26214,512,512,512,5471.05
26214,512,512,512,5334.49
26214,512,512,512,5366.91
26214,512,512,512,4994.26
104857,2048,512,512,6507.17
104857,512,2048,512,6947.95
26214,512,512,512,5624.19
26214,512,512,512,5276.19
26214,512,512,512,5474.17
26214,512,512,512,5570.04
104857,2048,512,512,6435.26
104857,512,2048,512,7089.42
26214,512,512,512,5563.11
26214,512,512,512,5039.64
26214,512,512,512,5135.28
26214,512,512,512,5463.92
104857,2048,512,512,6263.48
104857,512,2048,512,6930.37
26214,512,512,512,5603.53
26214,512,512,512,5014.78
26214,512,512,512,5527.37
26214,512,512,512,5529.2
104857,2048,512,512,6480.78
104857,512,2048,512,7009.63
26214,512,512,512,5622.78
26214,512,512,512,5191.29
26214,512,512,512,5514.65
26214,512,512,512,5517.83
104857,2048,512,512,6389.15
104857,512,2048,512,6916.97
26214,512,512,512,5527.83
26214,512,512,512,4786.24
26214,512,512,512,5593.25
26214,512,512,512,5494.34
1704346,33288,512,512,6785.67
13107,512,512,512,4164.05
13107,512,512,512,3310.37
13107,512,512,512,4017.95
13107,512,512,512,3972.29
52428,2048,512,512,5018.72
52428,512,2048,512,6149.35
13107,512,512,512,4081.49
13107,512,512,512,3133.54
13107,512,512,512,4018.92
13107,512,512,512,3985.5
13107,512,512,512,4080.99
13107,512,512,512,3713.77
13107,512,512,512,3993.09
13107,512,512,512,3880.41
52428,2048,512,512,5082.96
52428,512,2048,512,5895.44
13107,512,512,512,4140.41
13107,512,512,512,3725.32
13107,512,512,512,4053.87
13107,512,512,512,4039.72
13107,512,512,512,3926.73
13107,512,512,512,3787.55
13107,512,512,512,4183.78
13107,512,512,512,4174.41
52428,2048,512,512,5140.98
52428,512,2048,512,6094.34
13107,512,512,512,4008.83
13107,512,512,512,3859.88
13107,512,512,512,4035.35
13107,512,512,512,3933.64
13107,512,512,512,4126.16
13107,512,512,512,3998.32
13107,512,512,512,3945.2
13107,512,512,512,4130.22
52428,2048,512,512,5098.61
52427,512,2048,512,6022.58
13107,512,512,512,4064.19
13107,512,512,512,3866.55
13107,512,512,512,4128.7
13107,512,512,512,4103.45
13107,512,512,512,4069.61
13107,512,512,512,3767.99
13107,512,512,512,4201.59
13107,512,512,512,4105.46
52428,2048,512,512,5220.57
52428,512,2048,512,6157.53
13107,512,512,512,4153.23
13107,512,512,512,3707.21
13107,512,512,512,4139.39
13107,512,512,512,4181.7
13107,512,512,512,4211.61
13107,512,512,512,3963.84
13107,512,512,512,4245.72
13107,512,512,512,4089.95
52428,2048,512,512,5183.27
52428,512,2048,512,5366.7
13107,512,512,512,4183.78
13107,512,512,512,3390.31
13107,512,512,512,4242.5
13107,512,512,512,4150.66
52428,2048,512,512,5101.32
52428,512,2048,512,6164.6
13107,512,512,512,3787.12
13107,512,512,512,3606.01
13107,512,512,512,4078.51
13107,512,512,512,3537.2
52428,2048,512,512,5092.41
52427,512,2048,512,6114.49
13107,512,512,512,4196.86
13107,512,512,512,3750.72
13107,512,512,512,4262.44
13107,512,512,512,4130.73
52427,2048,512,512,4968.28
52428,512,2048,512,6071.46
13107,512,512,512,3862.99
13107,512,512,512,3829.48
13107,512,512,512,4034.38
13107,512,512,512,3904.8
52428,2048,512,512,4887.86
52428,512,2048,512,5920.93
13107,512,512,512,3985.5
13107,512,512,512,3939.18
13107,512,512,512,4026.63
13107,512,512,512,4163.53
52428,2048,512,512,5151.24
52428,512,2048,512,6187.91
13107,512,512,512,3935.02
13107,512,512,512,3630.2
13107,512,512,512,4089.95
13107,512,512,512,4069.61
52428,2048,512,512,5200.55
52428,512,2048,512,5878.66
13107,512,512,512,3946.13
13107,512,512,512,3721.6
13107,512,512,512,4109.48
13107,512,512,512,4116.04
852171,33288,512,512,4976.98
5242,512,512,512,2422.3
5242,512,512,512,1633.74
5242,512,512,512,2429.75
5242,512,512,512,2370.52
20971,2048,512,512,2912.16
20971,512,2048,512,4242.26
5242,512,512,512,2374.72
5242,512,512,512,2073.15
5242,512,512,512,2354.3
5242,512,512,512,2189.51
5242,512,512,512,2335.45
5242,512,512,512,2149.87
5242,512,512,512,2384
5242,512,512,512,2301.02
20971,2048,512,512,3083.62
20971,512,2048,512,4280.82
5242,512,512,512,2377.66
5242,512,512,512,2103.7
5242,512,512,512,2251.98
5242,512,512,512,2272.18
5242,512,512,512,2428.43
5242,512,512,512,2067.72
5242,512,512,512,2385.27
5242,512,512,512,2418.37
20971,2048,512,512,3148.91
20971,512,2048,512,4175.93
5242,512,512,512,2395.91
5242,512,512,512,2276.04
5242,512,512,512,2348.12
5242,512,512,512,2320.11
5242,512,512,512,2488.78
5242,512,512,512,2183.1
5242,512,512,512,2456.44
5242,512,512,512,2399.34
20971,2048,512,512,3088.23
20971,512,2048,512,4550.8
5242,512,512,512,2341.98
5242,512,512,512,2081.51
5242,512,512,512,2408.82
5242,512,512,512,2306.95
5242,512,512,512,2449.71
5242,512,512,512,2087.02
5242,512,512,512,2429.75
5242,512,512,512,2427.55
20971,2048,512,512,3084.15
20971,512,2048,512,4401.19
5242,512,512,512,2455.54
5242,512,512,512,2162.35
5242,512,512,512,2432.84
5242,512,512,512,2431.07
5242,512,512,512,2442.58
5242,512,512,512,2398.91
5242,512,512,512,2455.54
5242,512,512,512,2467.28
20971,2048,512,512,3136.22
20971,512,2048,512,4009.39
5242,512,512,512,2147.81
5242,512,512,512,1714.08
5242,512,512,512,2385.69
5242,512,512,512,2353.48
20971,2048,512,512,3084.15
20971,512,2048,512,4505.73
5242,512,512,512,2363.42
5242,512,512,512,2205.34
5242,512,512,512,2355.54
5242,512,512,512,2106.01
20971,2048,512,512,3064.61
20971,512,2048,512,4366.12
5242,512,512,512,2367.18
5242,512,512,512,1921.47
5242,512,512,512,2336.27
5242,512,512,512,2396.34
20971,2048,512,512,2901.46
20971,512,2048,512,4376.44
5242,512,512,512,2301.02
5242,512,512,512,2034.49
5242,512,512,512,2346.07
5242,512,512,512,2441.24
20971,2048,512,512,2852.14
20971,512,2048,512,4277.07
5242,512,512,512,2381.88
5242,512,512,512,2022.54
5242,512,512,512,2461.39
5242,512,512,512,2360.1
20970,2048,512,512,2876.61
20971,512,2048,512,4430.25
5242,512,512,512,2386.54
5242,512,512,512,2269.11
5242,512,512,512,2408.38
5242,512,512,512,2143.35
20971,2048,512,512,2980.89
20971,512,2048,512,4138.59
5242,512,512,512,2200.64
5242,512,512,512,1931.7
5242,512,512,512,2189.51
5242,512,512,512,2318.11
340867,33288,512,512,2817.01
131072,512,512,512,7563.61
131072,512,512,512,7629.3
131072,512,512,512,7610.44
131072,512,512,512,7585.84
524288,2048,512,512,8076.94
524288,512,2048,512,8264.33
131072,512,512,512,7590.13
131072,512,512,512,7563.95
131072,512,512,512,7571.12
131072,512,512,512,7612.51
131072,512,512,512,7616.31
131072,512,512,512,7627.91
131072,512,512,512,7536.09
131072,512,512,512,7633.64
524288,2048,512,512,8077.47
524288,512,2048,512,8261.43
131072,512,512,512,7661
131072,512,512,512,7578.3
131072,512,512,512,7577.61
131072,512,512,512,7633.29
131072,512,512,512,7520.89
131072,512,512,512,7624.45
131072,512,512,512,7618.39
131072,512,512,512,7599.58
524288,2048,512,512,8065.68
524288,512,2048,512,8246.92
131072,512,512,512,7647.04
131072,512,512,512,7524.09
131072,512,512,512,7594.08
131072,512,512,512,7613.72
131072,512,512,512,7620.29
131072,512,512,512,7628.96
131072,512,512,512,7583.44
131072,512,512,512,7585.15
524288,2048,512,512,8073.05
524288,512,2048,512,8257.77
131072,512,512,512,7640.07
131072,512,512,512,7641.64
131072,512,512,512,7657.51
131072,512,512,512,7517.52
131072,512,512,512,7580.7
131072,512,512,512,7592.19
131072,512,512,512,7596.14
131072,512,512,512,7557.82
524288,2048,512,512,8054.45
524288,512,2048,512,8247.12
131072,512,512,512,7555.09
131072,512,512,512,7636.42
131072,512,512,512,7606.64
131072,512,512,512,7586.18
131072,512,512,512,7589.78
131072,512,512,512,7584.47
131072,512,512,512,7558.33
131072,512,512,512,7581.55
524288,2048,512,512,8071.11
524288,512,2048,512,8279.47
131072,512,512,512,7629.47
131072,512,512,512,7633.64
131072,512,512,512,7622.89
131072,512,512,512,7633.64
524288,2048,512,512,8088.91
524288,512,2048,512,8265.5
131072,512,512,512,7591.67
131072,512,512,512,7613.2
131072,512,512,512,7545.07
131072,512,512,512,7618.91
524288,2048,512,512,8080.83
524288,512,2048,512,8278.35
131072,512,512,512,7563.95
131072,512,512,512,7619.25
131072,512,512,512,7608.02
131072,512,512,512,7589.96
524288,2048,512,512,8071.4
524288,512,2048,512,8258.89
131072,512,512,512,7545.75
131072,512,512,512,7602.34
131072,512,512,512,7588.58
131072,512,512,512,7617.52
524288,2048,512,512,8096.62
524288,512,2048,512,8250.87
131072,512,512,512,7547.95
131072,512,512,512,7573
131072,512,512,512,7613.03
131072,512,512,512,7555.09
524288,2048,512,512,8075.77
524288,512,2048,512,8263.77
131072,512,512,512,7553.39
131072,512,512,512,7618.39
131072,512,512,512,7654.89
131072,512,512,512,7510.45
524288,2048,512,512,8077.77
524288,512,2048,512,8277.02
131072,512,512,512,7547.95
131072,512,512,512,7595.11
131072,512,512,512,7612.17
131072,512,512,512,7522.4
8521728,33288,512,512,8300.98
104857,512,512,512,7479.35
104857,512,512,512,7423.3
104857,512,512,512,7429.46
104857,512,512,512,7352.94
419430,2048,512,512,7996.82
419430,512,2048,512,8190.49
104857,512,512,512,7513.48
104857,512,512,512,7505.7
104857,512,512,512,7533.08
104857,512,512,512,7430.29
104857,512,512,512,7406.1
104857,512,512,512,7378.21
104857,512,512,512,7348.52
104857,512,512,512,7472.27
419430,2048,512,512,7989.5
419431,512,2048,512,8216.84
104857,512,512,512,7486.44
104857,512,512,512,7438.11
104857,512,512,512,7501.93
104857,512,512,512,7429.46
104857,512,512,512,7526.96
104857,512,512,512,7478.73
104857,512,512,512,7425.97
104857,512,512,512,7488.11
419430,2048,512,512,7993.19
419430,512,2048,512,8192.8
104857,512,512,512,7510.11
104857,512,512,512,7513.05
104857,512,512,512,7396.1
104857,512,512,512,7366.06
104857,512,512,512,7509.69
104857,512,512,512,7481.23
104857,512,512,512,7412.43
104857,512,512,512,7475.81
419430,2048,512,512,7987.54
419430,512,2048,512,8185.81
104857,512,512,512,7487.91
104857,512,512,512,7514.74
104857,512,512,512,7482.06
104857,512,512,512,7367.07
104857,512,512,512,7455.88
104857,512,512,512,7383.69
104857,512,512,512,7404.46
104857,512,512,512,7480.81
419430,2048,512,512,7977.92
419430,512,2048,512,8190.8
104857,512,512,512,7493.55
104857,512,512,512,7481.64
104857,512,512,512,7529.7
104857,512,512,512,7476.23
104857,512,512,512,7499.62
104857,512,512,512,7453.39
104857,512,512,512,7460.23
104857,512,512,512,7462.09
419430,2048,512,512,7974.19
419430,512,2048,512,8187.87
104857,512,512,512,7506.75
104857,512,512,512,7441.61
104857,512,512,512,7556.84
104857,512,512,512,7532.03
419430,2048,512,512,7990.03
419430,512,2048,512,8183
104857,512,512,512,7469.15
104857,512,512,512,7426.38
104857,512,512,512,7511.37
104857,512,512,512,7296.98
419430,2048,512,512,7969.69
419430,512,2048,512,8187.81
104857,512,512,512,7447.4
104857,512,512,512,7530.34
104857,512,512,512,7536.68
104857,512,512,512,7531.6
419430,2048,512,512,7987.48
419430,512,2048,512,8200.88
104857,512,512,512,7534.78
104857,512,512,512,7479.56
104857,512,512,512,7511.79
104857,512,512,512,7416.94
419430,2048,512,512,7944.51
419430,512,2048,512,8199.12
104857,512,512,512,7437.28
104857,512,512,512,7528.86
104857,512,512,512,7549.61
104857,512,512,512,7527.8
419430,2048,512,512,7935.12
419430,512,2048,512,8175.53
104857,512,512,512,7411.82
104857,512,512,512,7472.9
104857,512,512,512,7480.18
104857,512,512,512,7355.77
419430,2048,512,512,7976.98
419430,512,2048,512,8190.24
104857,512,512,512,7497.53
104857,512,512,512,7424.94
104857,512,512,512,7513.47
104857,512,512,512,7469.78
6817382,33288,512,512,8201.43
78643,512,512,512,8082.46
78643,512,512,512,8081.81
78643,512,512,512,8209.35
78643,512,512,512,8117
314572,2048,512,512,8909.81
314572,512,2048,512,9257.65
78643,512,512,512,8280.59
78643,512,512,512,8156.8
78643,512,512,512,8171.7
78643,512,512,512,8088.96
78643,512,512,512,7015.82
78643,512,512,512,7159.28
78643,512,512,512,7144.8
78643,512,512,512,7091.69
314572,2048,512,512,7764.96
314572,512,2048,512,8099.21
78643,512,512,512,7121.04
78643,512,512,512,7151.4
78643,512,512,512,7135.17
78643,512,512,512,6934.15
78643,512,512,512,7104.46
78643,512,512,512,7143.02
78643,512,512,512,7193.3
78643,512,512,512,7054.17
314572,2048,512,512,7774.71
314572,512,2048,512,8114.72
78643,512,512,512,7184.57
78643,512,512,512,7201.79
78643,512,512,512,7112.74
78643,512,512,512,7097.69
78643,512,512,512,7185.34
78643,512,512,512,7201.02
78643,512,512,512,7091.44
78643,512,512,512,7231.8
314572,2048,512,512,7766.61
314572,512,2048,512,8072.98
78643,512,512,512,7202.05
78643,512,512,512,7168.71
78643,512,512,512,7172.54
78643,512,512,512,7184.57
78643,512,512,512,7119.53
78643,512,512,512,7153.94
78643,512,512,512,7170.75
78643,512,512,512,7175.87
314572,2048,512,512,7781.09
314572,512,2048,512,8106.14
78643,512,512,512,7123.56
78643,512,512,512,7175.61
78643,512,512,512,7154.7
78643,512,512,512,7155.46
78643,512,512,512,7065.06
78643,512,512,512,7152.41
78643,512,512,512,7111.23
78643,512,512,512,7116.76
314572,2048,512,512,7763.69
314572,512,2048,512,8088.06
78643,512,512,512,7042.08
78643,512,512,512,7200.25
78643,512,512,512,7118.52
78643,512,512,512,7165.14
314572,2048,512,512,7778.91
314572,512,2048,512,8002.55
78643,512,512,512,7161.06
78643,512,512,512,7195.36
78643,512,512,512,7220.13
78643,512,512,512,7202.56
314572,2048,512,512,7771.11
314572,512,2048,512,8078
78643,512,512,512,7149.36
78643,512,512,512,7114.75
78643,512,512,512,7214.95
78643,512,512,512,7121.04
314572,2048,512,512,7777.49
314572,512,2048,512,8099.29
78643,512,512,512,7195.61
78643,512,512,512,7225.83
78643,512,512,512,7218.06
78643,512,512,512,7102.45
314572,2048,512,512,7772.01
314572,512,2048,512,8118.31
78643,512,512,512,7219.35
78643,512,512,512,7242.21
78643,512,512,512,7058.13
78643,512,512,512,7111.99
314572,2048,512,512,7787.41
314572,512,2048,512,8043.31
78643,512,512,512,7182.78
78643,512,512,512,7151.65
78643,512,512,512,7224.53
78643,512,512,512,7159.79
314572,2048,512,512,7799.03
314572,512,2048,512,8110.63
78643,512,512,512,7189.96
78643,512,512,512,7178.17
78643,512,512,512,7163.36
78643,512,512,512,7198.19
5113038,33288,512,512,8050.51
52428,512,512,512,6534.67
52428,512,512,512,6608.35
52428,512,512,512,6579.52
52428,512,512,512,6596.01
209715,2048,512,512,7358.42
209715,512,2048,512,7928.26
52428,512,512,512,6647.63
52428,512,512,512,6654.22
52428,512,512,512,6645.99
52428,512,512,512,6575.98
52428,512,512,512,6655.87
52428,512,512,512,6691.38
52428,512,512,512,6685.71
52428,512,512,512,6726.93
209715,2048,512,512,7350.86
209715,512,2048,512,7928.62
52428,512,512,512,6730.3
52428,512,512,512,6589.86
52428,512,512,512,6707.09
52428,512,512,512,6614.87
52428,512,512,512,6589.54
52428,512,512,512,6629.9
52428,512,512,512,6689.04
52428,512,512,512,6606.73
209715,2048,512,512,7362.36
209715,512,2048,512,7902.36
52428,512,512,512,6676.4
52428,512,512,512,6640.72
52428,512,512,512,6640.4
52428,512,512,512,6687.05
52428,512,512,512,6623.36
52428,512,512,512,6495.77
52428,512,512,512,6565.36
52428,512,512,512,6683.05
209715,2048,512,512,7312.12
209715,512,2048,512,7875.58
52428,512,512,512,6673.75
52428,512,512,512,6588.89
52428,512,512,512,6557.66
52428,512,512,512,6673.41
52428,512,512,512,6608.35
52428,512,512,512,6617.15
52428,512,512,512,6569.86
52428,512,512,512,6599.9
209715,2048,512,512,7370.95
209715,512,2048,512,7908.64
52428,512,512,512,6767.29
52428,512,512,512,6579.52
52428,512,512,512,6535.95
52428,512,512,512,6574.37
52428,512,512,512,6581.14
52428,512,512,512,6613.24
52428,512,512,512,6636.13
52428,512,512,512,6610.63
209715,2048,512,512,7357.01
209715,512,2048,512,7910.51
52428,512,512,512,6755.03
52428,512,512,512,6683.38
52428,512,512,512,6676.4
52428,512,512,512,6733
209716,2048,512,512,7365.32
209715,512,2048,512,7895.15
52428,512,512,512,6644.67
52428,512,512,512,6617.15
52428,512,512,512,6621.39
52428,512,512,512,6660.17
209715,2048,512,512,7389.31
209715,512,2048,512,7911.44
52428,512,512,512,6553.5
52428,512,512,512,6666.78
52428,512,512,512,6692.38
52428,512,512,512,6606.4
209715,2048,512,512,7405.01
209715,512,2048,512,7886.34
52428,512,512,512,6682.38
52428,512,512,512,6557.98
52428,512,512,512,6763.54
52428,512,512,512,6635.14
209715,2048,512,512,7392.87
209715,512,2048,512,7874.54
52428,512,512,512,6629.57
52428,512,512,512,6462
52428,512,512,512,6503.01
52428,512,512,512,6686.71
209715,2048,512,512,7396.64
209715,512,2048,512,7922.65
52428,512,512,512,6701.07
52429,512,512,512,6583.52
52428,512,512,512,6579.85
52428,512,512,512,6596.99
209715,2048,512,512,7389.62
209715,512,2048,512,7908.64
52428,512,512,512,6597.63
52428,512,512,512,6592.77
52428,512,512,512,6644.01
52428,512,512,512,6650.6
3408692,33288,512,512,7737.18
26214,512,512,512,5497.49
26214,512,512,512,5632.69
26214,512,512,512,5529.19
26214,512,512,512,5573.74
104857,2048,512,512,6587.17
104857,512,2048,512,7370.31
26214,512,512,512,5324.33
26214,512,512,512,5374.65
26214,512,512,512,5468.37
26214,512,512,512,5493.44
26214,512,512,512,5554.37
26214,512,512,512,5414.11
26214,512,512,512,5600.25
26214,512,512,512,5549.77
104857,2048,512,512,6553.88
104857,512,2048,512,7418.99
26214,512,512,512,5651.66
26214,512,512,512,5515.56
26214,512,512,512,5475.06
26214,512,512,512,5506.96
26214,512,512,512,5466.14
26214,512,512,512,5297.43
26214,512,512,512,5459.03
26214,512,512,512,5370.35
104857,2048,512,512,6487.05
104857,512,2048,512,7320.86
26214,512,512,512,5381.54
26214,512,512,512,5463.92
26214,512,512,512,5484.91
26214,512,512,512,5447.07
26214,512,512,512,5459.92
26214,512,512,512,5426.8
26214,512,512,512,5279.51
26214,512,512,512,5438.24
104857,2048,512,512,6474.21
104857,512,2048,512,7435.02
26214,512,512,512,5556.66
26214,512,512,512,5459.92
26214,512,512,512,5491.64
26214,512,512,512,5547.48
26214,512,512,512,5578.84
26214,512,512,512,5551.15
26214,512,512,512,5537.86
26214,512,512,512,5162.54
104857,2048,512,512,6504.81
104857,512,2048,512,7358.99
26214,512,512,512,5428.56
26214,512,512,512,5462.58
26214,512,512,512,5363.05
26214,512,512,512,5484.46
26214,512,512,512,5298.68
26214,512,512,512,5626.08
26214,512,512,512,5593.72
26214,512,512,512,5506.51
104857,2048,512,512,6536.65
104857,512,2048,512,7317.27
26214,512,512,512,5454.59
26214,512,512,512,5435.59
26214,512,512,512,5414.11
26214,512,512,512,5460.81
104857,2048,512,512,6571.85
104857,512,2048,512,7380.03
26214,512,512,512,5476.4
26214,512,512,512,5474.17
26214,512,512,512,5493.89
26214,512,512,512,5553.45
104857,2048,512,512,6490.81
104857,512,2048,512,7332.46
26214,512,512,512,5558.05
26214,512,512,512,5543.35
26214,512,512,512,5580.69
26214,512,512,512,5602.12
104857,2048,512,512,6519.82
104857,512,2048,512,7286.28
26214,512,512,512,5369.49
26214,512,512,512,5439.12
26214,512,512,512,5554.37
26214,512,512,512,5342.13
104857,2048,512,512,6494.42
104857,512,2048,512,7399.15
26214,512,512,512,5477.3
26214,512,512,512,5496.59
26214,512,512,512,5410.61
26214,512,512,512,5514.66
104857,2048,512,512,6430.79
104857,512,2048,512,7379.63
26214,512,512,512,5052.92
26214,512,512,512,5315.47
26214,512,512,512,5557.58
26214,512,512,512,5569.58
104857,2048,512,512,6567.35
104857,512,2048,512,7337.27
26214,512,512,512,5428.56
26214,512,512,512,5397.12
26214,512,512,512,5564.5
26214,512,512,512,5479.98
1704346,33288,512,512,6701.97
13107,512,512,512,4047.52
13107,512,512,512,3778.17
13107,512,512,512,4037.78
13107,512,512,512,4116.54
52428,2048,512,512,5140.79
52428,512,2048,512,6544.23
13107,512,512,512,4037.29
13107,512,512,512,3879.96
13107,512,512,512,4060.25
13107,512,512,512,3928.57
13107,512,512,512,3985.5
13107,512,512,512,4071.58
13107,512,512,512,3892.11
13107,512,512,512,3977.47
52428,2048,512,512,5180.67
52428,512,2048,512,6543.6
13107,512,512,512,4137.35
13107,512,512,512,4074.06
13107,512,512,512,4118.56
13107,512,512,512,4160.44
13107,512,512,512,4156.31
13107,512,512,512,4113.51
13107,512,512,512,4088.95
13107,512,512,512,4195.29
52428,2048,512,512,5193.7
52428,512,2048,512,6461.69
13107,512,512,512,3840
13107,512,512,512,3875.48
13107,512,512,512,4109.99
13107,512,512,512,3930.41
13107,512,512,512,4052.41
13107,512,512,512,4027.6
13107,512,512,512,4064.68
13107,512,512,512,4034.38
52428,2048,512,512,5153.62
52428,512,2048,512,6471.34
13107,512,512,512,4091.94
13107,512,512,512,4157.34
13107,512,512,512,4064.68
13107,512,512,512,4037.29
13107,512,512,512,4084.97
13107,512,512,512,4045.57
13107,512,512,512,3919.39
13107,512,512,512,3901.62
52428,2048,512,512,5186.48
52428,512,2048,512,6555.42
13107,512,512,512,4002.62
13107,512,512,512,4004.05
13107,512,512,512,4006.44
13107,512,512,512,4112
13107,512,512,512,4137.86
13107,512,512,512,4117.05
13107,512,512,512,4104.96
13107,512,512,512,4014.59
52428,2048,512,512,5132.14
52428,512,2048,512,6508.37
13107,512,512,512,4077.52
13107,512,512,512,4033.41
13107,512,512,512,4116.04
13107,512,512,512,3415.51
52428,2048,512,512,5125.67
52428,512,2048,512,6561.83
13107,512,512,512,3816.85
13107,512,512,512,4048.01
13107,512,512,512,4054.36
13107,512,512,512,4142.97
52428,2048,512,512,5167.31
52428,512,2048,512,6484.16
13107,512,512,512,4141.95
13107,512,512,512,4092.94
13107,512,512,512,3632.16
13107,512,512,512,3673.12
52428,2048,512,512,5145.91
52428,512,2048,512,6458.58
13107,512,512,512,4084.97
13107,512,512,512,4174.93
13107,512,512,512,4136.84
13107,512,512,512,4106.97
52428,2048,512,512,5149.27
52428,512,2048,512,6594.72
13107,512,512,512,4043.13
13107,512,512,512,4122.1
13107,512,512,512,4019.88
13107,512,512,512,3801.71
52428,2048,512,512,5195.31
52428,512,2048,512,6523.24
13107,512,512,512,4040.69
13107,512,512,512,4033.89
13107,512,512,512,4100.44
13107,512,512,512,4077.52
52428,2048,512,512,5187.08
52428,512,2048,512,6526.1
13107,512,512,512,3510.93
13107,512,512,512,4098.44
13107,512,512,512,3994.04
13107,512,512,512,4042.15
852173,33288,512,512,4701.92
5242,512,512,512,2094.51
5242,512,512,512,2368.43
5242,512,512,512,2144.72
5242,512,512,512,2341.16
20971,2048,512,512,3120
20971,512,2048,512,4833.94
5242,512,512,512,2324.53
5242,512,512,512,2399.77
5242,512,512,512,2373.46
5242,512,512,512,2389.09
5242,512,512,512,2378.93
5242,512,512,512,2360.1
5242,512,512,512,2328.97
5242,512,512,512,2363.01
20971,2048,512,512,3173.67
20971,512,2048,512,4810.12
5242,512,512,512,2299.83
5242,512,512,512,2071.87
5242,512,512,512,2282.62
5242,512,512,512,2357.61
5242,512,512,512,2290.41
5242,512,512,512,2346.89
5242,512,512,512,2365.92
5242,512,512,512,2111.98
20971,2048,512,512,3118.36
20971,512,2048,512,4964.47
5242,512,512,512,2373.88
5242,512,512,512,2344.43
5242,512,512,512,2346.07
5242,512,512,512,2326.55
5242,512,512,512,2365.92
5242,512,512,512,2358.03
5242,512,512,512,2278.36
5242,512,512,512,2374.72
20971,2048,512,512,3164.87
20971,512,2048,512,4800.66
5242,512,512,512,2291.98
5242,512,512,512,2295.11
5242,512,512,512,2355.13
5242,512,512,512,2382.73
5242,512,512,512,2350.59
5242,512,512,512,2418.37
5242,512,512,512,2214.44
5242,512,512,512,2382.73
20971,2048,512,512,3103.22
20971,512,2048,512,5058.01
5242,512,512,512,2337.49
5242,512,512,512,2371.36
5242,512,512,512,2296.68
5242,512,512,512,2274.11
5242,512,512,512,2335.45
5242,512,512,512,2370.94
5242,512,512,512,2215.9
5242,512,512,512,2342.38
20971,2048,512,512,3131.64
20971,512,2048,512,4875.65
5242,512,512,512,2251.98
5242,512,512,512,2212.62
5242,512,512,512,2285.34
5242,512,512,512,2233.61
20971,2048,512,512,3062.86
20971,512,2048,512,4914.03
5242,512,512,512,2318.91
5242,512,512,512,2276.04
5242,512,512,512,2126.37
5242,512,512,512,2394.63
20971,2048,512,512,3040.65
20971,512,2048,512,4991.7
5242,512,512,512,2276.42
5242,512,512,512,2314.91
5242,512,512,512,2305.36
5242,512,512,512,2283.4
20971,2048,512,512,3011.99
20971,512,2048,512,4799.37
5242,512,512,512,2296.68
5242,512,512,512,2333.83
5242,512,512,512,2252.35
5242,512,512,512,2361.76
20971,2048,512,512,3086.63
20971,512,2048,512,4850.98
5242,512,512,512,2295.9
5242,512,512,512,2354.3
5242,512,512,512,2283.4
5242,512,512,512,2330.18
20971,2048,512,512,3077.08
20971,512,2048,512,4981.97
5242,512,512,512,2292.76
5242,512,512,512,2298.65
5242,512,512,512,2386.54
5242,512,512,512,2280.68
20971,2048,512,512,3122.17
20971,512,2048,512,4825.69
5242,512,512,512,2343.2
5242,512,512,512,2419.24
5242,512,512,512,2271.8
5242,512,512,512,2289.24
340868,33288,512,512,2787.76
144656,512,512,512,7645.86
145219,512,512,512,7709.68
143086,512,512,512,7617.76
134140,512,512,512,7552.36
617373,2048,512,512,8181.78
511909,512,2048,512,8229.27
152784,512,512,512,7667.2
177501,512,512,512,7801.97
138819,512,512,512,7619.4
175788,512,512,512,7784.69
148318,512,512,512,7701.24
146820,512,512,512,7717.06
139898,512,512,512,7633.62
135158,512,512,512,7600.82
605239,2048,512,512,8160.68
498916,512,2048,512,8234.21
135302,512,512,512,7601.74
167130,512,512,512,7783.67
127129,512,512,512,7541.25
160282,512,512,512,7804.36
137228,512,512,512,7650.01
141001,512,512,512,7611.23
127709,512,512,512,7588.49
127997,512,512,512,7521.63
614701,2048,512,512,8165.35
495116,512,2048,512,8273.26
141404,512,512,512,7670.83
162547,512,512,512,7789.6
133241,512,512,512,7536.72
157924,512,512,512,7781.15
140148,512,512,512,7699.45
155781,512,512,512,7717
131610,512,512,512,7565.66
141524,512,512,512,7689.24
622718,2048,512,512,8187.43
500156,512,2048,512,8256.86
145809,512,512,512,7671.16
161899,512,512,512,7814.28
134961,512,512,512,7575.1
157923,512,512,512,7747.26
144846,512,512,512,7709.38
169827,512,512,512,7820.64
137419,512,512,512,7584.19
157723,512,512,512,7777.54
638805,2048,512,512,8183.7
520728,512,2048,512,8254.77
138115,512,512,512,7679.39
151839,512,512,512,7761.12
128572,512,512,512,7573.5
149774,512,512,512,7711.3
147527,512,512,512,7696.22
166724,512,512,512,7811.8
145068,512,512,512,7643.49
157919,512,512,512,7736.68
662743,2048,512,512,8224.13
529525,512,2048,512,8235.88
123866,512,512,512,7570.48
147677,512,512,512,7727.35
110753,512,512,512,7495.18
145625,512,512,512,7721.62
485342,2048,512,512,8043.84
372276,512,2048,512,8150.26
137762,512,512,512,7631.42
152588,512,512,512,7688.11
124825,512,512,512,7478.92
152847,512,512,512,7734.65
472169,2048,512,512,8019.43
364688,512,2048,512,8155.36
105892,512,512,512,7399.78
152424,512,512,512,7703.35
96613,512,512,512,7337.62
141359,512,512,512,7609.85
498329,2048,512,512,8041.62
374306,512,2048,512,8126.6
111037,512,512,512,7417.15
141993,512,512,512,7643.98
105115,512,512,512,7385.6
131116,512,512,512,7591.99
521358,2048,512,512,8065.14
382228,512,2048,512,8173.34
112897,512,512,512,7530.19
135583,512,512,512,7665.3
105657,512,512,512,7473.73
124591,512,512,512,7531.53
524195,2048,512,512,8066.38
379576,512,2048,512,8166.08
123414,512,512,512,7541.05
142424,512,512,512,7733.38
114404,512,512,512,7516.34
133618,512,512,512,7674.37
518126,2048,512,512,8052.91
360766,512,2048,512,8124.07
127963,512,512,512,7585.45
137811,512,512,512,7622.59
119801,512,512,512,7613.02
131226,512,512,512,7606.96
8449349,33288,512,512,8304.19
110054,512,512,512,7266.54
100849,512,512,512,7436.51
69340,512,512,512,6455.16
69926,512,512,512,6385.94
520881,2048,512,512,8069.37
420270,512,2048,512,8188.28
176573,512,512,512,7858.6
164906,512,512,512,7838.96
119346,512,512,512,7492.05
163179,512,512,512,7644.86
131179,512,512,512,7626.51
106332,512,512,512,7518.99
80702,512,512,512,7121.58
75910,512,512,512,7033.03
434108,2048,512,512,7989.05
364167,512,2048,512,8038.04
115824,512,512,512,7419.23
118372,512,512,512,7525.39
73184,512,512,512,6955.67
95756,512,512,512,7239.67
132447,512,512,512,7566.71
106685,512,512,512,7456.01
85843,512,512,512,7061.86
78662,512,512,512,7021.92
451905,2048,512,512,8016.66
377715,512,2048,512,8032.35
131164,512,512,512,7567.89
130939,512,512,512,7583.45
81929,512,512,512,7066.65
114764,512,512,512,7423.96
133557,512,512,512,7585.6
114906,512,512,512,7561.16
86931,512,512,512,7198.79
87415,512,512,512,7260.71
480220,2048,512,512,8053.53
389027,512,2048,512,8128.08
144587,512,512,512,7582.1
131025,512,512,512,7563.45
92656,512,512,512,7240.3
115987,512,512,512,7506.11
144703,512,512,512,7693.13
128707,512,512,512,7504.44
97146,512,512,512,7331.34
100981,512,512,512,7458.49
519534,2048,512,512,8097.46
435213,512,2048,512,8158.71
151362,512,512,512,7732.26
131393,512,512,512,7579.57
95590,512,512,512,7295.42
119793,512,512,512,7522.32
145197,512,512,512,7683.65
145080,512,512,512,7755.05
101998,512,512,512,7386.77
112628,512,512,512,7529.32
562881,2048,512,512,8126
463789,512,2048,512,8202.64
130724,512,512,512,7646.95
106538,512,512,512,7507.63
68242,512,512,512,6957.65
94758,512,512,512,7302.46
464225,2048,512,512,7999.84
348379,512,2048,512,8070.97
157973,512,512,512,7769.96
128921,512,512,512,7584.81
96673,512,512,512,7342.62
122165,512,512,512,7518.21
225571,2048,512,512,7361.17
205326,512,2048,512,7697.54
65235,512,512,512,6925.5
83880,512,512,512,7191.32
37002,512,512,512,6007.43
58084,512,512,512,6422.83
281342,2048,512,512,7621.22
253598,512,2048,512,7865.6
84469,512,512,512,7166.22
98998,512,512,512,7415.58
45258,512,512,512,6459.66
74105,512,512,512,6855.13
291371,2048,512,512,7667.89
256402,512,2048,512,7855.4
109587,512,512,512,7452.72
99608,512,512,512,7451.03
60842,512,512,512,6652.52
76770,512,512,512,6912.32
301623,2048,512,512,7697.53
236448,512,2048,512,7808.6
116101,512,512,512,7491.33
93737,512,512,512,7325.22
69341,512,512,512,6872.89
72872,512,512,512,6854.51
266304,2048,512,512,7539.18
179846,512,2048,512,7450.17
118976,512,512,512,7519.16
87654,512,512,512,7258.66
69802,512,512,512,7027.69
68146,512,512,512,6884.52
8099792,33288,512,512,8287.88
69048,512,512,512,7729.03
70699,512,512,512,8122.31
55824,512,512,512,7338.47
51977,512,512,512,7046.24
440834,2048,512,512,9574.08
349724,512,2048,512,8097.51
142988,512,512,512,7702.41
140146,512,512,512,7699.67
102718,512,512,512,7330.86
144324,512,512,512,7626.26
90907,512,512,512,7204.57
79001,512,512,512,7109.45
71333,512,512,512,6808.06
59864,512,512,512,6399.63
350127,2048,512,512,7827.62
278118,512,2048,512,8000.97
77453,512,512,512,6973.09
97490,512,512,512,7415.67
58782,512,512,512,6657.61
79224,512,512,512,7111.27
72798,512,512,512,7004.28
80140,512,512,512,7219.31
60387,512,512,512,6706.46
59524,512,512,512,6735.98
377531,2048,512,512,7888.08
301616,512,2048,512,8066.71
85602,512,512,512,6867.91
106244,512,512,512,7433.3
64319,512,512,512,6711.64
92139,512,512,512,7243.23
80374,512,512,512,7123.33
91729,512,512,512,7356.48
68532,512,512,512,7021.89
70060,512,512,512,7045.08
413100,2048,512,512,7970.82
326865,512,2048,512,8102.7
100219,512,512,512,7413.33
112406,512,512,512,7565.45
76218,512,512,512,7035.08
99957,512,512,512,7291.14
89251,512,512,512,7329.5
113306,512,512,512,7583.55
75834,512,512,512,6929.93
88878,512,512,512,7325.19
454699,2048,512,512,8023.47
370593,512,2048,512,8155.26
99341,512,512,512,7391.32
113026,512,512,512,7488.65
75788,512,512,512,7008.79
103039,512,512,512,7463.64
95971,512,512,512,7391.94
126777,512,512,512,7515.84
84980,512,512,512,7217.22
99415,512,512,512,7461.66
483495,2048,512,512,8056.41
392291,512,2048,512,8110.82
78700,512,512,512,7096.58
89338,512,512,512,7374.5
60344,512,512,512,6799.32
81600,512,512,512,7127.12
377485,2048,512,512,7875.68
263284,512,2048,512,7799.11
125652,512,512,512,7575.1
98723,512,512,512,7382.24
91651,512,512,512,7266.01
101724,512,512,512,7379.24
139876,2048,512,512,6889.91
104165,512,2048,512,7169.89
40729,512,512,512,5723.88
59136,512,512,512,6755.69
32292,512,512,512,5894.72
38547,512,512,512,5926.39
194581,2048,512,512,7272.78
150283,512,2048,512,7568.25
42786,512,512,512,6318.92
66156,512,512,512,6863.32
33491,512,512,512,5771.59
47033,512,512,512,6018.42
247017,2048,512,512,7511.06
179358,512,2048,512,7717.18
55210,512,512,512,6606.1
68722,512,512,512,7023.37
40973,512,512,512,6291.82
52095,512,512,512,6418.48
248270,2048,512,512,7535.29
172574,512,2048,512,7467.2
71451,512,512,512,6942.52
73260,512,512,512,7006.6
54975,512,512,512,6534.01
59423,512,512,512,6763.12
222621,2048,512,512,7376.52
136351,512,2048,512,7040.31
74612,512,512,512,7049
68003,512,512,512,6908.79
58713,512,512,512,6829.88
55485,512,512,512,6642.74
5628498,33288,512,512,8107.18
55839,512,512,512,6351.54
47152,512,512,512,6430.62
40749,512,512,512,5879.03
31688,512,512,512,5384.39
246942,2048,512,512,7531.59
187181,512,2048,512,7560.36
108105,512,512,512,7417.55
107497,512,512,512,7503.54
65349,512,512,512,6796.4
112066,512,512,512,7387.95
53552,512,512,512,6375.53
46022,512,512,512,6475.92
38979,512,512,512,5951.7
28332,512,512,512,5229.64
181465,2048,512,512,7167
138731,512,2048,512,7346.49
44787,512,512,512,6177.18
56702,512,512,512,6626.97
30654,512,512,512,5522.85
40235,512,512,512,5938.06
49209,512,512,512,6472.21
55295,512,512,512,6626.81
37240,512,512,512,6007.97
33400,512,512,512,5828.49
209478,2048,512,512,7298.98
170877,512,2048,512,7684.72
59402,512,512,512,6733.19
78627,512,512,512,7096
40400,512,512,512,6193.05
58892,512,512,512,6729.01
51857,512,512,512,6525.14
60576,512,512,512,6745.3
42887,512,512,512,6281.29
40323,512,512,512,6185.69
249613,2048,512,512,7554.28
196462,512,2048,512,7735.68
65126,512,512,512,6803.89
73887,512,512,512,7159.92
44367,512,512,512,6263.35
60688,512,512,512,6826.07
60021,512,512,512,6843.05
83964,512,512,512,7247.55
47934,512,512,512,6505.38
56646,512,512,512,6753.94
302452,2048,512,512,7706.09
246814,512,2048,512,7969.78
65341,512,512,512,6811.9
81599,512,512,512,7127.77
45839,512,512,512,6372.75
66444,512,512,512,6889.57
63673,512,512,512,6806.82
94580,512,512,512,7380.5
54191,512,512,512,6531.19
65642,512,512,512,6933.92
343356,2048,512,512,7804.17
257197,512,2048,512,7760.59
41783,512,512,512,6190.43
52641,512,512,512,6563.14
29547,512,512,512,5682.54
42360,512,512,512,6230.84
216719,2048,512,512,7376.2
149618,512,2048,512,7654.78
81604,512,512,512,7123.34
64242,512,512,512,6850.2
43030,512,512,512,6099.15
61783,512,512,512,6677.27
48481,2048,512,512,4843.94
38360,512,2048,512,6049.5
18164,512,512,512,4111.03
29508,512,512,512,5740.59
13422,512,512,512,4106.65
18682,512,512,512,4505.5
101911,2048,512,512,6385.96
82333,512,2048,512,7059.87
19741,512,512,512,4370.2
38241,512,512,512,6241.04
15129,512,512,512,4234.2
25640,512,512,512,5015.93
114133,2048,512,512,6544.82
85304,512,2048,512,6991.01
36347,512,512,512,5863.53
44755,512,512,512,6329.64
25265,512,512,512,5276.42
30012,512,512,512,5504.82
115983,2048,512,512,6540.88
83975,512,2048,512,6888.93
48912,512,512,512,6425.88
44247,512,512,512,6317.47
33185,512,512,512,5867.77
27808,512,512,512,5270.49
83494,2048,512,512,5941.31
48292,512,2048,512,5875.28
42541,512,512,512,6059.03
43863,512,512,512,6119.31
30263,512,512,512,5769.53
31688,512,512,512,5739.85
4570384,33288,512,512,7976.56
34247,512,512,512,5159.02
19404,512,512,512,5018.61
16396,512,512,512,3851.86
11969,512,512,512,3501.39
104673,2048,512,512,6415.66
81975,512,2048,512,6417.03
97078,512,512,512,7298.67
69893,512,512,512,6954.8
25760,512,512,512,4727.62
69617,512,512,512,6727.3
48869,512,512,512,6182.89
21820,512,512,512,4936.74
15338,512,512,512,4118.45
10662,512,512,512,3281.01
41663,2048,512,512,4568.94
36012,512,2048,512,5696.76
42364,512,512,512,6008.41
32657,512,512,512,5478.86
13187,512,512,512,3521.3
17178,512,512,512,4128.78
50871,512,512,512,6510.19
27364,512,512,512,5522.42
15168,512,512,512,4327.44
13381,512,512,512,3967.96
52212,2048,512,512,5083.78
48390,512,2048,512,6259.33
55223,512,512,512,6550.71
42626,512,512,512,6256.67
15872,512,512,512,4138.55
24727,512,512,512,5104.52
54011,512,512,512,6605.9
38147,512,512,512,6121.89
17464,512,512,512,4539.33
16461,512,512,512,4458.33
72869,2048,512,512,5721.53
71587,512,2048,512,6810.21
66349,512,512,512,6803.93
49036,512,512,512,6422.72
18628,512,512,512,4711.76
30148,512,512,512,5675.75
63533,512,512,512,6815.19
47347,512,512,512,6396.89
19514,512,512,512,4637.56
23243,512,512,512,5228.19
100398,2048,512,512,6346.77
85572,512,2048,512,6925.62
58607,512,512,512,6612.63
37223,512,512,512,6127.64
14595,512,512,512,4273.01
23119,512,512,512,5151.42
70285,512,512,512,6969.69
56422,512,512,512,6689.22
21842,512,512,512,4957.05
27155,512,512,512,5347.86
130289,2048,512,512,6734.1
90678,512,2048,512,6569.38
48564,512,512,512,6068.43
26377,512,512,512,5479.6
9201,512,512,512,3342.97
16237,512,512,512,4396.27
58872,2048,512,512,5122.44
55804,512,2048,512,6456.58
69433,512,512,512,6768.53
57004,512,512,512,6613.65
12532,512,512,512,3764.16
53312,512,512,512,6413.78
19051,2048,512,512,2627.3
20119,512,2048,512,4747.85
10834,512,512,512,2854.87
21594,512,512,512,4969.05
3649,512,512,512,1681.02
14972,512,512,512,3987.96
19537,2048,512,512,2698.83
20744,512,2048,512,4958.42
32975,512,512,512,5639.01
19159,512,512,512,4833.17
8520,512,512,512,3191.1
9463,512,512,512,3146.14
21054,2048,512,512,2942.85
21606,512,2048,512,4933.23
19284,512,512,512,4443.08
16852,512,512,512,4646.82
5429,512,512,512,1879.16
8863,512,512,512,2898.85
20900,2048,512,512,2877.95
18007,512,2048,512,4423.56
29744,512,512,512,5524.53
15941,512,512,512,4431.9
7369,512,512,512,2872.64
9554,512,512,512,3136.48
16100,2048,512,512,2214.13
9871,512,2048,512,3272.01
32053,512,512,512,5641.12
18132,512,512,512,4616.86
7471,512,512,512,2943.33
12811,512,512,512,3781.85
2802367,33288,512,512,7532.72
17538,512,512,512,4061.26
9689,512,512,512,3411.34
9630,512,512,512,2904.09
5732,512,512,512,2207.27
49727,2048,512,512,5056.85
41575,512,2048,512,5777.75
60339,512,512,512,6585.71
33846,512,512,512,5895.87
10762,512,512,512,3078.98
34845,512,512,512,5569.63
27165,512,512,512,5113.79
12022,512,512,512,3911.08
7018,512,512,512,2660.85
4981,512,512,512,2037.28
18329,2048,512,512,2632.53
18724,512,2048,512,4555.98
20384,512,512,512,4561.45
20795,512,512,512,4755.27
5704,512,512,512,2285.53
9461,512,512,512,3377.99
21954,512,512,512,4873.17
12498,512,512,512,4096.13
5460,512,512,512,2372.3
4860,512,512,512,2210.27
19355,2048,512,512,2698.15
20125,512,2048,512,4614.83
29397,512,512,512,5418.8
26491,512,512,512,5386.15
6978,512,512,512,2826.98
12252,512,512,512,3956.25
23425,512,512,512,5069.15
20550,512,512,512,4753.59
6200,512,512,512,2613.1
7340,512,512,512,2931.42
25190,2048,512,512,3543.01
29575,512,2048,512,5449.65
33448,512,512,512,5599.09
35320,512,512,512,5795.73
8490,512,512,512,2834.8
16466,512,512,512,4416.7
25495,512,512,512,5101.79
36244,512,512,512,5811.75
7017,512,512,512,2867.74
11888,512,512,512,3867
33082,2048,512,512,4191.12
44738,512,2048,512,6134.07
25079,512,512,512,5069.26
31458,512,512,512,5590.59
6391,512,512,512,2732.75
14370,512,512,512,4163.33
44130,512,512,512,6103.34
37424,512,512,512,6011.13
10100,512,512,512,3401.66
15476,512,512,512,4351.3
42127,2048,512,512,4746.5
29857,512,2048,512,4716.69
18768,512,512,512,4541.22
14559,512,512,512,4052.52
3701,512,512,512,1805.02
9011,512,512,512,3269.76
26707,2048,512,512,3645.81
26895,512,2048,512,5133.94
46041,512,512,512,6241.2
39819,512,512,512,5958.07
5371,512,512,512,2037.3
35052,512,512,512,5703.5
3789,2048,512,512,527.94
3298,512,2048,512,1651.26
10357,512,512,512,3063.42
5954,512,512,512,2584.31
2109,512,512,512,1109.09
2920,512,512,512,1381.48
3678,2048,512,512,516.465
3035,512,2048,512,1304.72
3920,512,512,512,1466.06
6539,512,512,512,2729.92
1294,512,512,512,695.203
3906,512,512,512,1698.84
6591,2048,512,512,933.136
6228,512,2048,512,2634.45
10973,512,512,512,3384.44
10235,512,512,512,3342.04
2888,512,512,512,1388.67
6614,512,512,512,2572.45
5856,2048,512,512,828.664
5056,512,2048,512,2268.38
21060,512,512,512,4822.76
9576,512,512,512,3308.75
4067,512,512,512,1910.02
4228,512,512,512,1835.46
4933,2048,512,512,701.933
2797,512,2048,512,1318.42
16062,512,512,512,4305.17
8583,512,512,512,3309.11
3442,512,512,512,1549.14
6578,512,512,512,2597.51
1362291,33288,512,512,6238.29
0,512,512,512,0
929,512,512,512,581.477
0,512,512,512,0
246,512,512,512,146.014
14047,2048,512,512,1990.83
20596,512,2048,512,4725.8
22905,512,512,512,4816.56
27236,512,512,512,5580.61
5473,512,512,512,1843.54
25435,512,512,512,5243.49
0,512,512,512,0
77,512,512,512,54.7252
0,512,512,512,0
19,512,512,512,12.919
1932,2048,512,512,282.592
1833,512,2048,512,945.683
8299,512,512,512,2971.39
20258,512,512,512,4706.46
4656,512,512,512,1912.61
6968,512,512,512,2843.17
39,512,512,512,26.1978
6,512,512,512,4.21978
8,512,512,512,5.58038
20,512,512,512,13.4348
1005,2048,512,512,150.026
960,512,2048,512,576.09
15889,512,512,512,4054.21
26465,512,512,512,5208.76
4629,512,512,512,2044.55
9380,512,512,512,3269.72
2992,512,512,512,1221.22
1844,512,512,512,1111
640,512,512,512,358.434
401,512,512,512,214.851
1423,2048,512,512,203.706
1698,512,2048,512,973.327
13471,512,512,512,3925.08
25799,512,512,512,5165.45
5084,512,512,512,2266.64
10880,512,512,512,3345.28
10658,512,512,512,3010.2
7785,512,512,512,3098.03
5360,512,512,512,1999.07
2762,512,512,512,1337.63
1185,2048,512,512,173.052
1198,512,2048,512,718.071
4459,512,512,512,1758.32
4413,512,512,512,2050.7
1897,512,512,512,948.871
1883,512,512,512,961.404
30410,512,512,512,5342.78
23696,512,512,512,5230.81
14210,512,512,512,4102.12
7168,512,512,512,2832.68
1373,2048,512,512,191.317
1671,512,2048,512,861.757
5531,512,512,512,1854.05
2353,512,512,512,1267.61
2904,512,512,512,1325.89
743,512,512,512,421.56
0,2048,512,512,0
0,512,2048,512,0
9554,512,512,512,2997.7
19357,512,512,512,4743.82
5442,512,512,512,2183.28
13274,512,512,512,3681.23
0,2048,512,512,0
0,512,2048,512,0
1670,512,512,512,831.427
1644,512,512,512,990.501
1203,512,512,512,605.64
301,512,512,512,176.33
159,2048,512,512,23.4227
274,512,2048,512,126.5
87,512,512,512,51.9645
193,512,512,512,127.934
15,512,512,512,9.76354
19,512,512,512,13.0262
0,2048,512,512,0
0,512,2048,512,0
0,512,512,512,0
0,512,512,512,0
0,512,512,512,0
0,512,512,512,0
0,2048,512,512,0
0,512,2048,512,0
0,512,512,512,0
0,512,512,512,0
0,512,512,512,0
0,512,512,512,0
0,2048,512,512,0
0,512,2048,512,0
0,512,512,512,0
0,512,512,512,0
0,512,512,512,0
0,512,512,512,0
850094,33288,512,512,5068.98
