128761,512,512,512,8.97614
132877,512,512,512,5026.08
142349,512,512,512,5371.66
122501,512,512,512,4893.92
657561,2048,512,512,20468.8
587093,512,2048,512,18582.6
158760,512,512,512,6062.43
161312,512,512,512,7129.81
154701,512,512,512,6429.13
163812,512,512,512,8139.73
138452,512,512,512,6692.54
140197,512,512,512,5621.93
139415,512,512,512,5236.24
130440,512,512,512,5435
615379,2048,512,512,17837.1
552458,512,2048,512,17130.5
122396,512,512,512,5470.21
163814,512,512,512,6610.4
119017,512,512,512,4985.01
156550,512,512,512,6406.14
130692,512,512,512,5368.61
144385,512,512,512,7075.53
131820,512,512,512,5506.84
133155,512,512,512,7185.43
629035,2048,512,512,17131.2
550086,512,2048,512,16208.8
129969,512,512,512,5712.92
164324,512,512,512,6758.83
131426,512,512,512,6295.86
157607,512,512,512,7373.43
132401,512,512,512,6693.26
158040,512,512,512,7382.89
136023,512,512,512,5587.59
146596,512,512,512,6960.05
640824,2048,512,512,19058
560424,512,2048,512,16467.9
133334,512,512,512,6396.83
165516,512,512,512,7024.55
134172,512,512,512,6081.45
161231,512,512,512,6779.75
128782,512,512,512,5394.01
171580,512,512,512,7340.32
135490,512,512,512,5947.43
157572,512,512,512,6678.55
655737,2048,512,512,24832.6
588044,512,2048,512,18216.3
125661,512,512,512,5208.75
154825,512,512,512,7211.64
127452,512,512,512,6060.12
153730,512,512,512,7453.58
129316,512,512,512,5715.62
176891,512,512,512,8563.56
141501,512,512,512,6441.01
161782,512,512,512,7557.7
673253,2048,512,512,24993.2
611291,512,2048,512,16906.9
102691,512,512,512,3253.58
136832,512,512,512,7017.03
105460,512,512,512,4377.07
134494,512,512,512,6682.93
546132,2048,512,512,18532.6
478771,512,2048,512,12345.4
126309,512,512,512,5790.67
127433,512,512,512,6332.07
124950,512,512,512,6512.05
136926,512,512,512,5185.36
512834,2048,512,512,19867.7
430911,512,2048,512,12708.9
89535,512,512,512,3464.47
142150,512,512,512,6923.59
83912,512,512,512,3335.63
126151,512,512,512,5002.27
526135,2048,512,512,18748.7
434134,512,2048,512,13553.5
100634,512,512,512,4510.21
132334,512,512,512,5564.64
96583,512,512,512,3873
120956,512,512,512,5873.43
527460,2048,512,512,19880.7
428269,512,2048,512,12074.5
103808,512,512,512,4021.62
127274,512,512,512,5818.24
102659,512,512,512,5140.98
119034,512,512,512,5528.43
529427,2048,512,512,15774.4
424951,512,2048,512,11897.1
117377,512,512,512,5796.4
122898,512,512,512,4953.07
114955,512,512,512,5441.66
118573,512,512,512,5663.19
504860,2048,512,512,19653.9
400093,512,2048,512,10392
115234,512,512,512,4858.35
120376,512,512,512,4779.2
114692,512,512,512,4778.83
119087,512,512,512,4781.41
7941902,33288,512,512,23540.3
82388,512,512,512,3367.07
95040,512,512,512,4472.47
95047,512,512,512,4715.51
81972,512,512,512,3932.69
559163,2048,512,512,21200.5
479025,512,2048,512,12243.5
123005,512,512,512,5105.27
134139,512,512,512,5496.09
117970,512,512,512,4344.12
136606,512,512,512,5662.42
108827,512,512,512,4487.71
113602,512,512,512,5483.05
110167,512,512,512,5230.48
103331,512,512,512,4771.42
500782,2048,512,512,15664.7
433174,512,2048,512,13392.8
83660,512,512,512,3744.22
139159,512,512,512,5851.63
79680,512,512,512,3880.91
128804,512,512,512,5416.2
93269,512,512,512,4344.41
116477,512,512,512,5339.92
96336,512,512,512,4735.41
100708,512,512,512,4074.15
513866,2048,512,512,15239.8
431100,512,2048,512,12929
94610,512,512,512,3906.48
138919,512,512,512,5958.99
97046,512,512,512,4844.73
129913,512,512,512,5203.02
91737,512,512,512,4088.56
128003,512,512,512,5063.16
97528,512,512,512,3901.12
111611,512,512,512,4668.7
530735,2048,512,512,19061.2
446252,512,2048,512,13484.5
96734,512,512,512,4859.48
139126,512,512,512,4603.96
97673,512,512,512,4172.95
132027,512,512,512,5522.7
99926,512,512,512,4392.35
146522,512,512,512,6946.23
105672,512,512,512,5308.48
131348,512,512,512,4921.71
560299,2048,512,512,21093.6
483219,512,2048,512,13115.4
99871,512,512,512,4692.91
139835,512,512,512,6810.84
100632,512,512,512,4694.2
135476,512,512,512,6558.6
100073,512,512,512,4822.8
158983,512,512,512,7627.37
110849,512,512,512,4439.51
140232,512,512,512,6172.52
584554,2048,512,512,22455.9
515851,512,2048,512,13398.7
72786,512,512,512,3588.83
111169,512,512,512,4537.51
75465,512,512,512,3103.96
108697,512,512,512,4106.62
418763,2048,512,512,16523.3
331624,512,2048,512,8705.47
104724,512,512,512,4835.74
104369,512,512,512,4276.32
100685,512,512,512,4972.1
114837,512,512,512,5054.72
384080,2048,512,512,11465.1
294467,512,2048,512,8316.81
52376,512,512,512,2512.79
108226,512,512,512,5361.04
49216,512,512,512,2145.66
88225,512,512,512,4176.33
390912,2048,512,512,14428.1
292071,512,2048,512,7654.6
68275,512,512,512,3047.14
97898,512,512,512,4527.08
65237,512,512,512,3143.95
82951,512,512,512,3961.84
395711,2048,512,512,11713.9
291221,512,2048,512,8960.65
71474,512,512,512,3677.12
99155,512,512,512,4844.21
69597,512,512,512,2756.32
91595,512,512,512,3987.81
386282,2048,512,512,11628.4
286061,512,2048,512,7803.88
74946,512,512,512,3189.19
93347,512,512,512,3884.4
73526,512,512,512,3205.49
87577,512,512,512,3620.75
372892,2048,512,512,11495.7
268393,512,2048,512,8266.19
83966,512,512,512,3379.76
91238,512,512,512,4410.3
82765,512,512,512,4264.86
85516,512,512,512,4255.85
6970877,33288,512,512,23824.4
48820,512,512,512,1900.54
61079,512,512,512,2326.82
59699,512,512,512,2346.89
49720,512,512,512,2466.73
457008,2048,512,512,17044.6
380232,512,2048,512,10346.4
100329,512,512,512,4606.21
112503,512,512,512,5217.53
94479,512,512,512,4525.94
114846,512,512,512,5083.09
82527,512,512,512,3906.6
86541,512,512,512,4438
84021,512,512,512,4073.75
74658,512,512,512,3388.73
371268,2048,512,512,10980.2
296938,512,2048,512,7775.79
59207,512,512,512,2483.12
110975,512,512,512,5199.41
55989,512,512,512,2714.62
99131,512,512,512,3863.81
59373,512,512,512,2865.67
88269,512,512,512,4147.74
64712,512,512,512,2627.9
69763,512,512,512,2862.07
383955,2048,512,512,11334.5
302682,512,2048,512,9552.09
75307,512,512,512,3221.69
120987,512,512,512,5594.77
74395,512,512,512,3634.56
110489,512,512,512,5373.33
69106,512,512,512,2767.7
107546,512,512,512,4378.46
74384,512,512,512,3667.62
86780,512,512,512,3601.76
406737,2048,512,512,11973.9
316678,512,2048,512,8758.6
75207,512,512,512,2871.87
115311,512,512,512,5565.54
77122,512,512,512,3886.46
106452,512,512,512,4284.86
75019,512,512,512,3175.41
125521,512,512,512,4714.4
83525,512,512,512,4112
105434,512,512,512,4954.31
445126,2048,512,512,13262.6
360576,512,2048,512,10683.7
66207,512,512,512,2821.07
107436,512,512,512,4470.68
69103,512,512,512,3310.32
100659,512,512,512,4406.41
80509,512,512,512,3358.92
140067,512,512,512,5645.02
94610,512,512,512,4471.96
117697,512,512,512,5395.85
469702,2048,512,512,13994.8
393501,512,2048,512,10097.9
53044,512,512,512,2685.77
91720,512,512,512,4065.15
54347,512,512,512,2206.98
87767,512,512,512,4223.37
319674,2048,512,512,12134.7
246891,512,2048,512,6840.27
64552,512,512,512,3092.31
73664,512,512,512,2965.09
61364,512,512,512,2997.94
83434,512,512,512,3622.64
237924,2048,512,512,9096.26
152630,512,2048,512,4236.04
32419,512,512,512,1571.83
75766,512,512,512,3128.4
30510,512,512,512,1490.56
57281,512,512,512,2679.81
239685,2048,512,512,8588.94
155797,512,2048,512,3835
43886,512,512,512,2167.21
73089,512,512,512,3506.52
39292,512,512,512,1910.86
62094,512,512,512,2399.77
241817,2048,512,512,9709.09
154531,512,2048,512,4299.99
49628,512,512,512,2057.12
57036,512,512,512,2648.99
48540,512,512,512,1986.29
49310,512,512,512,2317.06
219154,2048,512,512,8429
147362,512,2048,512,4542.95
33528,512,512,512,1643.03
53373,512,512,512,2587.78
34631,512,512,512,1526.44
44365,512,512,512,2204.47
195846,2048,512,512,5991.46
120625,512,2048,512,3765.85
54241,512,512,512,2808.6
71756,512,512,512,3745.83
51254,512,512,512,2422.64
64594,512,512,512,2593.49
5924545,33288,512,512,21955.5
45935,512,512,512,1703.27
46296,512,512,512,2322.06
52919,512,512,512,2345.44
38370,512,512,512,1741.62
331367,2048,512,512,9666.13
265406,512,2048,512,7271.4
65174,512,512,512,2653.39
85635,512,512,512,4083.93
59884,512,512,512,2555.05
89665,512,512,512,3613.7
45262,512,512,512,2284.52
57303,512,512,512,2816.74
48014,512,512,512,1985.07
44781,512,512,512,2110.44
250381,2048,512,512,7594.49
189258,512,2048,512,5718.84
40322,512,512,512,1914.4
85967,512,512,512,4130.55
36932,512,512,512,1710.31
74639,512,512,512,3019.53
44052,512,512,512,1879.55
61540,512,512,512,2544.29
47508,512,512,512,2094.02
46746,512,512,512,2263.04
265383,2048,512,512,9897.73
195030,512,2048,512,5460.16
42118,512,512,512,2039
91334,512,512,512,4169.31
42774,512,512,512,1745.88
79227,512,512,512,3254.51
38467,512,512,512,1564.1
71031,512,512,512,3590.82
44005,512,512,512,1807.65
53746,512,512,512,2415.55
283233,2048,512,512,8361.12
202509,512,2048,512,5221.83
46461,512,512,512,2276.8
78908,512,512,512,3196.27
48194,512,512,512,2298.37
72580,512,512,512,3016.31
43854,512,512,512,1999.04
96524,512,512,512,4381.23
51673,512,512,512,2051.53
76538,512,512,512,3881.48
320489,2048,512,512,9513.59
247453,512,2048,512,7238.11
40847,512,512,512,1797.94
81975,512,512,512,3790.75
42541,512,512,512,1784.16
75412,512,512,512,3607.15
49860,512,512,512,2406.52
110313,512,512,512,4148.08
61547,512,512,512,2512.12
88378,512,512,512,3988.85
345592,2048,512,512,10136.5
274829,512,2048,512,6754.63
25374,512,512,512,1045
60536,512,512,512,2467.71
25890,512,512,512,1056.73
57422,512,512,512,2706.19
209395,2048,512,512,7929.75
151186,512,2048,512,4402.14
32695,512,512,512,1213.74
42140,512,512,512,1746.74
30524,512,512,512,1460.04
49135,512,512,512,2350.25
126254,2048,512,512,3727.06
76575,512,2048,512,2140.09
17164,512,512,512,858.2
52044,512,512,512,2452.74
14299,512,512,512,600.483
37690,512,512,512,1634.25
146819,2048,512,512,5267.05
84761,512,2048,512,2566.09
23183,512,512,512,946.245
49133,512,512,512,2343.15
21266,512,512,512,861.408
36818,512,512,512,1717.46
144374,2048,512,512,5493.42
87498,512,2048,512,2216.89
20567,512,512,512,1056.41
39685,512,512,512,1932.91
19186,512,512,512,912.262
32050,512,512,512,1595.02
133310,2048,512,512,4948.86
81004,512,2048,512,2367.24
25603,512,512,512,1153.94
40168,512,512,512,1765.63
23381,512,512,512,949.482
32959,512,512,512,1316.71
117647,2048,512,512,3472.97
69633,512,2048,512,1993.07
23953,512,512,512,1037.21
31670,512,512,512,1419.38
22904,512,512,512,936.051
28133,512,512,512,1118.33
4045117,33288,512,512,14822.4
34335,512,512,512,1341.54
29747,512,512,512,1194.36
42332,512,512,512,1674.44
23730,512,512,512,978.557
165318,2048,512,512,4840.05
114116,512,2048,512,3390.63
34464,512,512,512,1557.69
60724,512,512,512,2824.37
30956,512,512,512,1618.61
62144,512,512,512,2701.91
27947,512,512,512,1156.93
32084,512,512,512,1191.05
31500,512,512,512,1454.55
26063,512,512,512,1076.15
144805,2048,512,512,4961.2
93516,512,2048,512,2546.82
19984,512,512,512,804.387
51570,512,512,512,2129.34
18956,512,512,512,956.77
45617,512,512,512,2156.2
17384,512,512,512,832.766
30722,512,512,512,1123.55
20613,512,512,512,819.399
23618,512,512,512,985.366
150601,2048,512,512,5539.35
91018,512,2048,512,2582.07
22986,512,512,512,1024.45
50560,512,512,512,2492.94
23332,512,512,512,951.113
48332,512,512,512,1972.73
18710,512,512,512,918.282
48771,512,512,512,1889.43
22976,512,512,512,1102.3
37207,512,512,512,1660.56
158689,2048,512,512,6177.67
91220,512,2048,512,2450.92
25803,512,512,512,1051.84
51980,512,512,512,2674.21
27000,512,512,512,1093.67
50793,512,512,512,2089.17
22110,512,512,512,896.73
70194,512,512,512,2905.83
27829,512,512,512,1353.39
55987,512,512,512,2279.37
166966,2048,512,512,6127.19
100492,512,2048,512,3146.52
16560,512,512,512,682.008
39864,512,512,512,1809.43
17972,512,512,512,744.953
38720,512,512,512,1390.62
24537,512,512,512,1142.92
65081,512,512,512,3179.53
35051,512,512,512,1632.65
54980,512,512,512,2358.39
189128,2048,512,512,7111.75
109440,512,2048,512,2723.23
6244,512,512,512,296.451
26927,512,512,512,1297.69
7420,512,512,512,305.193
26093,512,512,512,1244.38
53227,2048,512,512,1623.7
34630,512,2048,512,1030.85
13396,512,512,512,609.775
27558,512,512,512,1306.45
12282,512,512,512,586.603
32402,512,512,512,1309.17
59715,2048,512,512,1756.32
31978,512,2048,512,1026.38
8006,512,512,512,327.611
25723,512,512,512,1149.63
7531,512,512,512,309.361
18901,512,512,512,927.656
73174,2048,512,512,2745.1
37471,512,2048,512,948.633
7276,512,512,512,265.487
25171,512,512,512,1028.7
6459,512,512,512,278.18
19734,512,512,512,814.823
77994,2048,512,512,2281.36
38793,512,2048,512,1154.77
11015,512,512,512,512.326
24419,512,512,512,1139.08
10472,512,512,512,498.667
20582,512,512,512,830.547
70998,2048,512,512,2119.34
35760,512,2048,512,1033.71
8285,512,512,512,411.039
20839,512,512,512,993.812
7826,512,512,512,337.965
17985,512,512,512,726.667
61917,2048,512,512,1923.63
28848,512,2048,512,770.564
11904,512,512,512,517.565
21574,512,512,512,964.201
11724,512,512,512,504.258
20289,512,512,512,762.924
1938914,33288,512,512,7100.62
13591,512,512,512,471.194
11834,512,512,512,594.487
18364,512,512,512,841.903
8842,512,512,512,374.265
107573,2048,512,512,3970.4
80849,512,2048,512,2174.09
16771,512,512,512,832.05
28842,512,512,512,1363.29
13807,512,512,512,611.945
31600,512,512,512,1211.02
13156,512,512,512,628.346
15612,512,512,512,661.701
15414,512,512,512,585.805
10938,512,512,512,525.55
48981,2048,512,512,1498.46
34082,512,2048,512,985.207
7091,512,512,512,326.492
27698,512,512,512,1136.33
6302,512,512,512,305.089
21599,512,512,512,890.68
6119,512,512,512,255.624
11183,512,512,512,545.512
7324,512,512,512,363.361
7750,512,512,512,371.814
55048,2048,512,512,2102.07
35955,512,2048,512,904.528
8454,512,512,512,382.102
27387,512,512,512,1266.45
8560,512,512,512,351.179
22070,512,512,512,982.253
7508,512,512,512,300.32
18737,512,512,512,838.579
9838,512,512,512,469.875
12906,512,512,512,567.297
63204,2048,512,512,2303.56
40951,512,2048,512,1122.91
10143,512,512,512,452.056
31538,512,512,512,1555.03
10640,512,512,512,437.635
26736,512,512,512,1300.23
10085,512,512,512,493.456
31635,512,512,512,1488.71
12905,512,512,512,623.807
23675,512,512,512,1080.74
75648,2048,512,512,2874.98
51508,512,2048,512,1636.8
8793,512,512,512,452.373
23635,512,512,512,1004.41
8673,512,512,512,429.622
20949,512,512,512,789.597
11498,512,512,512,479.708
50919,512,512,512,1991.94
15955,512,512,512,733.563
35619,512,512,512,1414.15
90763,2048,512,512,3129.76
66881,512,2048,512,1938.58
2012,512,512,512,79.6832
9731,512,512,512,471.092
2143,512,512,512,106.65
8160,512,512,512,299.45
53936,2048,512,512,1592.21
37885,512,2048,512,1116.32
4860,512,512,512,186.923
8693,512,512,512,331.952
4594,512,512,512,186.558
10765,512,512,512,416.542
19771,2048,512,512,725.541
11460,512,2048,512,322.533
3116,512,512,512,117.724
17085,512,512,512,721.266
2706,512,512,512,136.365
11679,512,512,512,453.004
21492,2048,512,512,632.699
12675,512,2048,512,333.553
3128,512,512,512,146.339
8602,512,512,512,398.933
2649,512,512,512,123.749
5842,512,512,512,258.925
21069,2048,512,512,782.144
12926,512,2048,512,412.806
3130,512,512,512,123.654
8456,512,512,512,354.642
2888,512,512,512,119.093
5920,512,512,512,240.406
16569,2048,512,512,488.221
10555,512,2048,512,281.467
3975,512,512,512,162.245
9829,512,512,512,471.556
3688,512,512,512,171.038
6880,512,512,512,268.816
14652,2048,512,512,438.191
9374,512,2048,512,283.524
2878,512,512,512,125.13
5607,512,512,512,265.42
2627,512,512,512,112.235
4187,512,512,512,175.372
1251031,33288,512,512,4563.2
7994,512,512,512,314.26
6230,512,512,512,244.914
10825,512,512,512,538.725
4266,512,512,512,178.447
37336,2048,512,512,1088.12
28863,512,2048,512,728.979
5646,512,512,512,248.517
17872,512,512,512,721.19
4679,512,512,512,198.842
21603,512,512,512,837.935
5126,512,512,512,236.357
5757,512,512,512,263.177
6474,512,512,512,259.609
3865,512,512,512,189.693
18332,2048,512,512,526.592
14699,512,2048,512,447.543
3668,512,512,512,152.833
11791,512,512,512,479.431
3797,512,512,512,154.98
10070,512,512,512,406.356
3401,512,512,512,157.045
5162,512,512,512,260.954
4111,512,512,512,203.641
3691,512,512,512,180.049
13036,2048,512,512,381.658
9863,512,2048,512,269.067
4359,512,512,512,167.051
13924,512,512,512,639.265
4174,512,512,512,200.252
11995,512,512,512,556.29
3302,512,512,512,153.581
7543,512,512,512,358.125
4222,512,512,512,198.682
6012,512,512,512,248.237
12635,2048,512,512,447.257
9668,512,2048,512,259.98
4405,512,512,512,202.82
10699,512,512,512,506.462
4559,512,512,512,217.743
9516,512,512,512,410.394
4352,512,512,512,179.928
15753,512,512,512,714.017
5559,512,512,512,252.323
12052,512,512,512,554.115
14538,2048,512,512,424.08
11200,512,2048,512,277.399
2258,512,512,512,99.2527
8183,512,512,512,357.239
2408,512,512,512,99.1712
6857,512,512,512,272.915
4500,512,512,512,213.65
23566,512,512,512,889.283
5989,512,512,512,245.388
17053,512,512,512,678.726
17556,2048,512,512,528.994
14256,512,2048,512,426.746
742,512,512,512,32.8409
2728,512,512,512,108.442
806,512,512,512,38.1538
2370,512,512,512,113.363
21989,2048,512,512,666.333
16969,512,2048,512,457.848
1040,512,512,512,45.9669
6990,512,512,512,307.253
971,512,512,512,46.7952
10210,512,512,512,409.424
4276,2048,512,512,159.478
3145,512,2048,512,86.3863
1083,512,512,512,51.8027
7508,512,512,512,309.608
989,512,512,512,44.8272
5246,512,512,512,234.786
3167,2048,512,512,95.0694
2309,512,2048,512,72.5815
1566,512,512,512,64.3286
4323,512,512,512,190.022
1368,512,512,512,59.8851
3317,512,512,512,155.181
2099,2048,512,512,63.2467
1606,512,2048,512,47.2353
1259,512,512,512,62.7539
3983,512,512,512,167.265
1243,512,512,512,55.6308
2880,512,512,512,137.552
1483,2048,512,512,43.8595
1166,512,2048,512,31.4339
827,512,512,512,33.4987
1872,512,512,512,77.4955
712,512,512,512,32.1354
1394,512,512,512,63.4538
1887,2048,512,512,69.3272
1200,512,2048,512,33.7434
419,512,512,512,17.413
812,512,512,512,37.9883
391,512,512,512,16.1237
645,512,512,512,29.1114
584680,33288,512,512,2166.48
131072,512,512,512,6393.76
131072,512,512,512,4922.89
131072,512,512,512,5249.44
131072,512,512,512,4832.15
524288,2048,512,512,18078.9
524288,512,2048,512,13562.8
131072,512,512,512,5660.33
131072,512,512,512,5940.94
131072,512,512,512,5229.81
131072,512,512,512,5329.48
131072,512,512,512,5146.39
131072,512,512,512,5405.03
131072,512,512,512,5637.51
131072,512,512,512,6114.15
524288,2048,512,512,19217.9
524288,512,2048,512,16054.8
131072,512,512,512,5801.25
131072,512,512,512,6186.29
131072,512,512,512,6114.15
131072,512,512,512,6288.31
131071,512,512,512,6241.48
131072,512,512,512,5275.85
131072,512,512,512,6043.67
131072,512,512,512,6186.29
524288,2048,512,512,15406.1
524288,512,2048,512,12945.4
131072,512,512,512,6132.02
131072,512,512,512,6472.69
131072,512,512,512,5991.86
131072,512,512,512,4614.2
131072,512,512,512,6288.31
131072,512,512,512,4865.78
131072,512,512,512,5614.86
131072,512,512,512,5983.32
524288,2048,512,512,16085.5
524287,512,2048,512,15391.9
131072,512,512,512,5322.72
131072,512,512,512,6472.69
131072,512,512,512,6123.07
131072,512,512,512,5497.12
131072,512,512,512,6423.13
131072,512,512,512,5197.4
131072,512,512,512,5874.38
131072,512,512,512,5090.17
524288,2048,512,512,15073.9
524288,512,2048,512,13411
131072,512,512,512,6096.37
131072,512,512,512,5090.17
131072,512,512,512,5833.52
131072,512,512,512,6316.72
131072,512,512,512,5518.82
131072,512,512,512,5924.16
131072,512,512,512,6678.83
131072,512,512,512,5256.02
524288,2048,512,512,16008.8
524288,512,2048,512,13923
131072,512,512,512,6374.32
131072,512,512,512,6278.9
131072,512,512,512,5282.5
131072,512,512,512,5866.16
524288,2048,512,512,15060.3
524288,512,2048,512,14266.3
131072,512,512,512,5924.16
131072,512,512,512,6442.86
131072,512,512,512,5336.26
131072,512,512,512,6186.29
524288,2048,512,512,15548.9
524288,512,2048,512,14652.6
131072,512,512,512,5242.88
131072,512,512,512,5229.81
131072,512,512,512,5391.14
131072,512,512,512,5729.92
524288,2048,512,512,15114.6
524288,512,2048,512,14691.1
131072,512,512,512,5482.75
131072,512,512,512,5592.41
131072,512,512,512,5363.56
131072,512,512,512,5660.33
524288,2048,512,512,20068.4
524288,512,2048,512,14254.2
131072,512,512,512,6241.52
131072,512,512,512,5363.56
131072,512,512,512,6384.02
131072,512,512,512,6078.7
524288,2048,512,512,15196.8
524288,512,2048,512,16561.9
131072,512,512,512,5349.88
131072,512,512,512,5262.61
131072,512,512,512,6061.13
131072,512,512,512,5761.41
524288,2048,512,512,20068.4
524288,512,2048,512,13911.5
131072,512,512,512,6195.43
131072,512,512,512,6364.65
131072,512,512,512,5356.71
131072,512,512,512,5991.86
8521728,33288,512,512,31384
104857,512,512,512,4941.71
104857,512,512,512,4827.95
104857,512,512,512,4862.93
104857,512,512,512,3961.54
419430,2048,512,512,12967.9
419430,512,2048,512,12905.5
104857,512,512,512,4565.2
104857,512,512,512,4786.62
104857,512,512,512,4426.68
104857,512,512,512,4719.3
104857,512,512,512,3821.67
104857,512,512,512,4397.67
104857,512,512,512,4628.17
104857,512,512,512,4884.17
419430,2048,512,512,15643.1
419430,512,2048,512,12905.5
104857,512,512,512,5068.62
104857,512,512,512,4426.68
104857,512,512,512,5038.17
104857,512,512,512,4884.17
104857,512,512,512,4096.98
104856,512,512,512,4274.38
104857,512,512,512,5023.09
104857,512,512,512,4634.56
419430,2048,512,512,12235
419430,512,2048,512,12567.2
104857,512,512,512,5038.17
104857,512,512,512,4194.28
104857,512,512,512,4183.82
104857,512,512,512,3787.16
104857,512,512,512,4263.56
104857,512,512,512,4565.2
104857,512,512,512,5038.17
104857,512,512,512,4290.82
419429,2048,512,512,12157.4
419429,512,2048,512,10340.3
104857,512,512,512,4941.71
104857,512,512,512,4204.79
104857,512,512,512,4949
104857,512,512,512,4827.95
104857,512,512,512,4210.07
104857,512,512,512,4268.99
104857,512,512,512,4963.64
104857,512,512,512,4220.66
419430,2048,512,512,12497
419430,512,2048,512,11877.7
104857,512,512,512,4168.23
104857,512,512,512,4855.9
104857,512,512,512,4927.2
104857,512,512,512,5038.17
104857,512,512,512,4905.59
104857,512,512,512,5178.12
104857,512,512,512,4956.31
104857,512,512,512,4963.64
419430,2048,512,512,12579
419430,512,2048,512,11752.9
104857,512,512,512,4279.88
104857,512,512,512,4318.44
104857,512,512,512,5053.35
104857,512,512,512,4941.71
419430,2048,512,512,12146.4
419430,512,2048,512,12722
104857,512,512,512,4565.2
104857,512,512,512,4773.01
104857,512,512,512,4956.31
104857,512,512,512,4231.3
419430,2048,512,512,16016.4
419430,512,2048,512,12416.1
104857,512,512,512,4194.28
104857,512,512,512,5343.03
104857,512,512,512,4242
104857,512,512,512,4647.4
419430,2048,512,512,12336.2
419430,512,2048,512,12567.2
104857,512,512,512,4949
104857,512,512,512,4363.36
104857,512,512,512,4296.32
104857,512,512,512,4848.88
419430,2048,512,512,12135.4
419430,512,2048,512,10568.3
104857,512,512,512,4766.23
104857,512,512,512,4827.95
104857,512,512,512,4855.9
104857,512,512,512,4577.66
419429,2048,512,512,15516.4
419430,512,2048,512,11898.7
104857,512,512,512,4634.56
104857,512,512,512,4252.76
104857,512,512,512,5309.22
104857,512,512,512,4634.56
419430,2048,512,512,12439.1
419430,512,2048,512,12416.1
104857,512,512,512,4147.62
104857,512,512,512,4290.82
104857,512,512,512,5023.09
104857,512,512,512,3719.98
6817381,33288,512,512,24647.6
78643,512,512,512,3711.76
78642,512,512,512,3205.79
78643,512,512,512,3084.04
78643,512,512,512,3377.95
314572,2048,512,512,10006.3
314572,512,2048,512,8244.31
78643,512,512,512,3333.21
78643,512,512,512,3126.18
78643,512,512,512,3853.87
78643,512,512,512,3689.99
78643,512,512,512,3218.13
78643,512,512,512,3717.25
78643,512,512,512,3626.19
78643,512,512,512,3564.56
314572,2048,512,512,9303.42
314571,512,2048,512,8853.36
78643,512,512,512,3657.81
78643,512,512,512,3631.42
78643,512,512,512,3756.08
78643,512,512,512,3539.49
78643,512,512,512,3695.41
78643,512,512,512,3133.97
78643,512,512,512,3620.97
78643,512,512,512,3865.71
314572,2048,512,512,9060.58
314572,512,2048,512,8924.03
78643,512,512,512,3830.4
78643,512,512,512,3118.43
78643,512,512,512,3259.81
78643,512,512,512,3830.4
78643,512,512,512,3456.84
78643,512,512,512,3926.02
78643,512,512,512,3243.01
78643,512,512,512,3500.11
314572,2048,512,512,9792.12
314572,512,2048,512,9596.1
78643,512,512,512,3514.77
78643,512,512,512,3756.08
78643,512,512,512,3812.99
78643,512,512,512,3209.92
78643,512,512,512,3926.02
78643,512,512,512,3137.88
78643,512,512,512,3409.99
78643,512,512,512,3106.88
314572,2048,512,512,9184.58
314572,512,2048,512,8459.08
78643,512,512,512,3247.19
78643,512,512,512,3853.87
78643,512,512,512,3377.95
78643,512,512,512,3883.61
78643,512,512,512,3165.5
78643,512,512,512,3595.11
78643,512,512,512,3784.32
78643,512,512,512,3157.56
314572,2048,512,512,9329.29
314572,512,2048,512,9586.96
78643,512,512,512,3165.5
78643,512,512,512,3529.56
78643,512,512,512,3750.49
78643,512,512,512,3306.93
314572,2048,512,512,11912.8
314572,512,2048,512,9218.23
78643,512,512,512,3733.79
78643,512,512,512,3631.42
78643,512,512,512,3315.65
78643,512,512,512,3185.54
314572,2048,512,512,9763.63
314572,512,2048,512,8020.96
78643,512,512,512,3569.61
78643,512,512,512,3761.7
78643,512,512,512,3750.49
78643,512,512,512,3106.88
314572,2048,512,512,9019.99
314572,512,2048,512,9052.43
78643,512,512,512,3103.05
78643,512,512,512,3812.99
78643,512,512,512,3298.26
78643,512,512,512,3605.41
314572,2048,512,512,12630.2
314571,512,2048,512,8603.65
78643,512,512,512,3141.79
78643,512,512,512,3346.51
78643,512,512,512,3259.81
78643,512,512,512,3756.08
314572,2048,512,512,9286.26
314572,512,2048,512,9541.52
78643,512,512,512,3647.21
78643,512,512,512,3641.93
78643,512,512,512,3679.2
78643,512,512,512,4032.97
314572,2048,512,512,9269.16
314572,512,2048,512,7970.15
78643,512,512,512,3264.04
78643,512,512,512,3333.21
78643,512,512,512,3161.53
78643,512,512,512,3238.84
5113037,33288,512,512,18624.6
52428,512,512,512,2597.05
52428,512,512,512,2424.42
52428,512,512,512,2496.57
52428,512,512,512,1849.72
209715,2048,512,512,6434.21
209715,512,2048,512,5496.22
52428,512,512,512,2427.92
52428,512,512,512,1837.56
52428,512,512,512,2120.98
52428,512,512,512,2190.2
52428,512,512,512,2442.06
52428,512,512,512,2094.5
52428,512,512,512,2086.69
52428,512,512,512,2496.57
209715,2048,512,512,8264.63
209715,512,2048,512,6162.42
52428,512,512,512,2139.92
52428,512,512,512,2170.37
52428,512,512,512,2496.57
52428,512,512,512,2139.92
52428,512,512,512,2164.77
52428,512,512,512,2336.62
52428,512,512,512,2369.63
52428,512,512,512,2463.58
209715,2048,512,512,6185.14
209715,512,2048,512,5398.94
52428,512,512,512,2376.34
52428,512,512,512,2701.6
52428,512,512,512,1845.65
52428,512,512,512,2561.37
52428,512,512,512,2184.5
52428,512,512,512,2131.76
52428,512,512,512,2519.06
52428,512,512,512,1935.06
209715,2048,512,512,6151.13
209715,512,2048,512,5855.92
52428,512,512,512,2173.18
52428,512,512,512,2248.92
52428,512,512,512,2413.95
52428,512,512,512,2383.09
52428,512,512,512,2339.88
52428,512,512,512,2094.5
52428,512,512,512,2732.4
52428,512,512,512,2663.01
209715,2048,512,512,6134.26
209715,512,2048,512,5267.57
52428,512,512,512,2204.59
52428,512,512,512,2167.57
52428,512,512,512,2120.98
52428,512,512,512,2359.63
52428,512,512,512,1422.98
52428,512,512,512,2445.62
52428,512,512,512,2228.02
52428,512,512,512,2159.2
209715,2048,512,512,5965.23
209715,512,2048,512,5923.11
52428,512,512,512,2565.28
52428,512,512,512,2633.75
52428,512,512,512,2317.26
52428,512,512,512,2383.09
209715,2048,512,512,6067.7
209715,512,2048,512,5564.58
52428,512,512,512,2507.77
52428,512,512,512,2500.29
52428,512,512,512,2538.12
52428,512,512,512,2417.43
209715,2048,512,512,8367.68
209715,512,2048,512,5861.03
52428,512,512,512,2481.8
52428,512,512,512,2424.42
52428,512,512,512,2589.04
52428,512,512,512,2438.51
209715,2048,512,512,6502.79
209715,512,2048,512,5583.1
52428,512,512,512,2089.29
52428,512,512,512,2393.29
52428,512,512,512,2295.07
52428,512,512,512,2522.85
209715,2048,512,512,6139.87
209715,512,2048,512,5780.26
52428,512,512,512,2099.74
52428,512,512,512,2565.28
52428,512,512,512,2153.65
52428,512,512,512,2091.89
209715,2048,512,512,6208.03
209715,512,2048,512,5830.48
52428,512,512,512,2500.29
52428,512,512,512,2369.63
52428,512,512,512,2110.31
52428,512,512,512,2396.71
209715,2048,512,512,7951.28
209715,512,2048,512,5790.23
52428,512,512,512,2642.04
52428,512,512,512,2470.83
52428,512,512,512,2201.7
52428,512,512,512,2463.58
3408691,33288,512,512,12560.8
26214,512,512,512,1102.3
26214,512,512,512,1063.18
26214,512,512,512,1150.68
26214,512,512,512,1294.52
104857,2048,512,512,3524.61
104857,512,2048,512,3058.73
26214,512,512,512,1276.79
26214,512,512,512,1150.68
26214,512,512,512,1088
26214,512,512,512,1045.95
26214,512,512,512,1130.52
26214,512,512,512,1079.6
26214,512,512,512,1092.25
26214,512,512,512,1059.15
104857,2048,512,512,3144.73
104857,512,2048,512,3217.09
26214,512,512,512,1316.87
26214,512,512,512,1033.06
26214,512,512,512,1212.21
26214,512,512,512,1056.48
26214,512,512,512,1240.9
26214,512,512,512,1043.34
26214,512,512,512,1078.21
26214,512,512,512,1213.96
104857,2048,512,512,3220.18
104857,512,2048,512,2897.6
26214,512,512,512,1237.24
26214,512,512,512,1074.07
26214,512,512,512,1259.53
26214,512,512,512,1068.6
26214,512,512,512,1086.59
26214,512,512,512,1302.56
26214,512,512,512,1096.53
26214,512,512,512,1092.25
104857,2048,512,512,4101.99
104857,512,2048,512,2910.17
26214,512,512,512,1035.61
26214,512,512,512,999.819
26214,512,512,512,1147.53
26214,512,512,512,1075.45
26214,512,512,512,992.72
26214,512,512,512,1286.58
26214,512,512,512,1078.21
26214,512,512,512,1059.15
104857,2048,512,512,3106.87
104857,512,2048,512,3165.49
26214,512,512,512,1224.6
26214,512,512,512,1099.41
26214,512,512,512,1217.49
26214,512,512,512,1065.88
26214,512,512,512,1290.54
26214,512,512,512,1263.33
26214,512,512,512,1036.89
26214,512,512,512,1250.15
104857,2048,512,512,3956.87
104857,512,2048,512,3156.56
26214,512,512,512,1051.19
26214,512,512,512,1240.9
26214,512,512,512,1346.47
26214,512,512,512,1093.67
104857,2048,512,512,4142.5
104857,512,2048,512,2831.58
26214,512,512,512,1278.73
26214,512,512,512,1248.29
26214,512,512,512,1083.78
26214,512,512,512,1061.83
104857,2048,512,512,4072.12
104857,512,2048,512,2979.95
26214,512,512,512,1072.7
26214,512,512,512,1072.7
26214,512,512,512,1096.53
26214,512,512,512,1145.97
104857,2048,512,512,3127.14
104857,512,2048,512,2824.43
26214,512,512,512,1036.89
26214,512,512,512,1095.1
26214,512,512,512,1219.26
26214,512,512,512,1044.64
104857,2048,512,512,3098.27
104857,512,2048,512,2779.97
26214,512,512,512,1248.29
26214,512,512,512,1248.29
26214,512,512,512,1240.9
26214,512,512,512,1252.01
104857,2048,512,512,3118.42
104857,512,2048,512,2850.83
26214,512,512,512,1193.24
26214,512,512,512,1106.66
26214,512,512,512,1316.87
26214,512,512,512,1210.46
104857,2048,512,512,3061.52
104857,512,2048,512,2629.64
26214,512,512,512,1065.88
26214,512,512,512,1124.46
26214,512,512,512,1097.97
26214,512,512,512,1042.05
1704346,33288,512,512,6259.51
13107,512,512,512,643.288
13107,512,512,512,622.291
13107,512,512,512,528.908
13107,512,512,512,613.193
52428,2048,512,512,1689.52
52428,512,2048,512,1388.82
13107,512,512,512,553.33
13107,512,512,512,591.571
13107,512,512,512,543.295
13107,512,512,512,537.723
13107,512,512,512,524.28
13107,512,512,512,528.908
13107,512,512,512,539.799
13107,512,512,512,527.577
52428,2048,512,512,1544.84
52428,512,2048,512,1590.23
13107,512,512,512,537.035
13107,512,512,512,612.298
13107,512,512,512,551.149
13107,512,512,512,628.822
13107,512,512,512,483.765
13107,512,512,512,645.268
13107,512,512,512,540.495
13107,512,512,512,532.94
52428,2048,512,512,1557.75
52428,512,2048,512,1542
13107,512,512,512,598.322
13107,512,512,512,604.357
13107,512,512,512,537.035
13107,512,512,512,618.619
13107,512,512,512,614.091
13107,512,512,512,581.725
13107,512,512,512,528.242
13107,512,512,512,510.87
52428,2048,512,512,1587.22
52427,512,2048,512,1584.2
13107,512,512,512,516.532
13107,512,512,512,662.597
13107,512,512,512,595.773
13107,512,512,512,534.98
13107,512,512,512,643.288
13107,512,512,512,647.259
13107,512,512,512,528.242
13107,512,512,512,606.104
52428,2048,512,512,2102.38
52428,512,2048,512,1328.34
13107,512,512,512,569.096
13107,512,512,512,583.344
13107,512,512,512,587.429
13107,512,512,512,602.621
13107,512,512,512,617.708
13107,512,512,512,535.663
13107,512,512,512,594.085
13107,512,512,512,536.348
52428,2048,512,512,1544.84
52428,512,2048,512,1644.8
13107,512,512,512,621.369
13107,512,512,512,627.88
13107,512,512,512,584.156
13107,512,512,512,616.8
52428,2048,512,512,1990.15
52428,512,2048,512,1425.4
13107,512,512,512,541.891
13107,512,512,512,627.88
13107,512,512,512,626.006
13107,512,512,512,598.322
52428,2048,512,512,1964.52
52427,512,2048,512,1294.49
13107,512,512,512,598.322
13107,512,512,512,531.589
13107,512,512,512,661.552
13107,512,512,512,637.422
52427,2048,512,512,1579.72
52428,512,2048,512,1599.33
13107,512,512,512,557.004
13107,512,512,512,642.303
13107,512,512,512,518.447
13107,512,512,512,517.169
52428,2048,512,512,1572.35
52428,512,2048,512,1639.98
13107,512,512,512,600.894
13107,512,512,512,539.105
13107,512,512,512,644.276
13107,512,512,512,557.004
52428,2048,512,512,1613.17
52428,512,2048,512,1593.25
13107,512,512,512,629.766
13107,512,512,512,614.991
13107,512,512,512,627.88
13107,512,512,512,537.035
52428,2048,512,512,1962.22
52428,512,2048,512,1448.79
13107,512,512,512,626.006
13107,512,512,512,644.276
13107,512,512,512,672.154
13107,512,512,512,508.393
852171,33288,512,512,3092.83
5242,512,512,512,206.327
5242,512,512,512,229.786
5242,512,512,512,231.691
5242,512,512,512,205.821
20971,2048,512,512,717.724
20971,512,2048,512,563.453
5242,512,512,512,209.157
5242,512,512,512,208.897
5242,512,512,512,230.418
5242,512,512,512,253.39
5242,512,512,512,254.93
5242,512,512,512,218.417
5242,512,512,512,208.897
5242,512,512,512,259.666
20971,2048,512,512,621.363
20971,512,2048,512,640.947
5242,512,512,512,238.273
5242,512,512,512,244.525
5242,512,512,512,249.248
5242,512,512,512,226.07
5242,512,512,512,239.292
5242,512,512,512,211.798
5242,512,512,512,233.627
5242,512,512,512,206.836
20971,2048,512,512,633.087
20971,512,2048,512,519.808
5242,512,512,512,263.748
5242,512,512,512,212.066
5242,512,512,512,251.49
5242,512,512,512,218.987
5242,512,512,512,239.977
5242,512,512,512,215.332
5242,512,512,512,247.046
5242,512,512,512,217.004
20971,2048,512,512,645.883
20971,512,2048,512,518.603
5242,512,512,512,258.864
5242,512,512,512,203.82
5242,512,512,512,258.864
5242,512,512,512,249.991
5242,512,512,512,244.169
5242,512,512,512,221.884
5242,512,512,512,230.418
5242,512,512,512,207.861
20971,2048,512,512,610.621
20971,512,2048,512,574.548
5242,512,512,512,234.936
5242,512,512,512,218.133
5242,512,512,512,245.24
5242,512,512,512,256.882
5242,512,512,512,214.506
5242,512,512,512,210.999
5242,512,512,512,249.248
5242,512,512,512,217.285
20971,2048,512,512,626.584
20971,512,2048,512,586.089
5242,512,512,512,215.332
5242,512,512,512,213.144
5242,512,512,512,212.873
5242,512,512,512,247.41
20971,2048,512,512,784.88
20971,512,2048,512,535.145
5242,512,512,512,220.426
5242,512,512,512,278.645
5242,512,512,512,253.008
5242,512,512,512,254.158
20971,2048,512,512,640.947
20971,512,2048,512,569.671
5242,512,512,512,243.46
5242,512,512,512,261.283
5242,512,512,512,236.927
5242,512,512,512,246.682
20971,2048,512,512,637.901
20971,512,2048,512,575.04
5242,512,512,512,263.748
5242,512,512,512,229.472
5242,512,512,512,226.681
5242,512,512,512,235.596
20971,2048,512,512,806.577
20971,512,2048,512,535.572
5242,512,512,512,207.091
5242,512,512,512,242.405
5242,512,512,512,216.444
5242,512,512,512,215.609
20970,2048,512,512,625.387
20971,512,2048,512,524.685
5242,512,512,512,230.735
5242,512,512,512,272.312
5242,512,512,512,268.39
5242,512,512,512,226.988
20971,2048,512,512,652.794
20971,512,2048,512,606.208
5242,512,512,512,243.46
5242,512,512,512,210.206
5242,512,512,512,259.666
5242,512,512,512,254.93
340867,33288,512,512,1255.5
131072,512,512,512,5540.69
131072,512,512,512,6177.18
131072,512,512,512,5841.65
131072,512,512,512,4766.25
524288,2048,512,512,15812.6
524288,512,2048,512,13189.6
131072,512,512,512,5216.8
131072,512,512,512,5825.42
131072,512,512,512,5729.92
131072,512,512,512,4415.06
131072,512,512,512,5377.31
131072,512,512,512,5440.08
131072,512,512,512,5482.75
131072,512,512,512,5974.79
524288,2048,512,512,19668.5
524288,512,2048,512,12985.5
131072,512,512,512,6250.83
131072,512,512,512,6000.43
131072,512,512,512,5461.33
131072,512,512,512,6533.18
131072,512,512,512,6168.09
131072,512,512,512,5262.61
131072,512,512,512,5047.3
131072,512,512,512,5426.01
524288,2048,512,512,18436.5
524288,512,2048,512,14425.8
131072,512,512,512,5229.81
131072,512,512,512,6316.72
131072,512,512,512,5236.33
131072,512,512,512,5447.15
131072,512,512,512,5322.72
131072,512,512,512,5577.53
131072,512,512,512,5940.94
131072,512,512,512,5761.41
524288,2048,512,512,15606.7
524288,512,2048,512,15448.6
131072,512,512,512,6241.52
131072,512,512,512,5336.26
131072,512,512,512,5841.65
131072,512,512,512,6355.01
131072,512,512,512,5882.61
131072,512,512,512,6232.25
131072,512,512,512,5178.15
131072,512,512,512,6241.52
524288,2048,512,512,15694.3
524288,512,2048,512,13379
131072,512,512,512,5461.33
131072,512,512,512,6502.8
131072,512,512,512,6297.75
131072,512,512,512,6297.75
131072,512,512,512,6213.78
131072,512,512,512,5216.8
131072,512,512,512,5468.45
131072,512,512,512,6452.78
524288,2048,512,512,20213.5
524288,512,2048,512,16693.7
131072,512,512,512,6297.75
131072,512,512,512,5315.97
131072,512,512,512,5940.94
131072,512,512,512,5356.71
524288,2048,512,512,19195.9
524288,512,2048,512,12955.4
131072,512,512,512,6069.9
131072,512,512,512,6241.52
131072,512,512,512,6492.73
131072,512,512,512,6177.18
524288,2048,512,512,15534.5
524288,512,2048,512,13148.3
131072,512,512,512,6159.04
131072,512,512,512,5841.65
131072,512,512,512,6297.75
131072,512,512,512,5412.01
524288,2048,512,512,20116.6
524288,512,2048,512,14614.3
131072,512,512,512,5249.44
131072,512,512,512,5349.88
131072,512,512,512,5714.31
131072,512,512,512,5329.48
524288,2048,512,512,15293.7
524288,512,2048,512,16131.9
131072,512,512,512,6078.7
131072,512,512,512,5071.71
131072,512,512,512,6403.52
131072,512,512,512,6186.29
524288,2048,512,512,19599.6
524288,512,2048,512,16209.9
131072,512,512,512,6096.37
131072,512,512,512,6017.65
131072,512,512,512,5729.92
131072,512,512,512,6168.09
524288,2048,512,512,15128.2
524288,512,2048,512,16209.9
131072,512,512,512,6543.38
131072,512,512,512,6636.56
131072,512,512,512,6335.81
131072,512,512,512,5370.43
8521728,33288,512,512,31319.1
104857,512,512,512,4132.3
104857,512,512,512,5023.09
104857,512,512,512,4220.66
104857,512,512,512,3961.54
419430,2048,512,512,12590.8
419430,512,2048,512,12831.5
104857,512,512,512,4450.16
104857,512,512,512,4301.83
104857,512,512,512,4263.56
104857,512,512,512,4602.78
104857,512,512,512,4877.07
104857,512,512,512,4194.28
104857,512,512,512,4324
104857,512,512,512,4318.44
419430,2048,512,512,12370.3
419431,512,2048,512,11269.3
104857,512,512,512,4571.42
104857,512,512,512,4898.43
104857,512,512,512,4335.17
104857,512,512,512,4739.3
104857,512,512,512,4841.88
104857,512,512,512,4301.83
104857,512,512,512,4369.04
104857,512,512,512,4357.69
419430,2048,512,512,15940.3
419430,512,2048,512,12427.6
104857,512,512,512,4706.06
104857,512,512,512,5122.78
104857,512,512,512,4369.04
104857,512,512,512,4391.92
104857,512,512,512,4628.17
104857,512,512,512,4963.64
104857,512,512,512,5053.35
104857,512,512,512,4279.88
419430,2048,512,512,12462.2
419430,512,2048,512,12113.5
104857,512,512,512,4268.99
104857,512,512,512,4963.64
104857,512,512,512,4013.66
104857,512,512,512,4127.21
104857,512,512,512,4807.2
104857,512,512,512,4210.07
104857,512,512,512,4773.01
104857,512,512,512,4786.62
419430,2048,512,512,15570.5
419430,512,2048,512,12638.2
104857,512,512,512,5008.1
104857,512,512,512,4374.74
104857,512,512,512,5122.78
104857,512,512,512,5360.1
104857,512,512,512,4800.32
104857,512,512,512,3897.12
104857,512,512,512,4142.5
104857,512,512,512,4324
419430,2048,512,512,12638.2
419430,512,2048,512,11794.2
104857,512,512,512,4793.46
104857,512,512,512,4324
104857,512,512,512,5015.58
104857,512,512,512,4236.65
419430,2048,512,512,15808.9
419430,512,2048,512,11119.9
104857,512,512,512,4503.92
104857,512,512,512,4546.65
104857,512,512,512,4263.56
104857,512,512,512,4173.41
419430,2048,512,512,14588.9
419430,512,2048,512,12686
104857,512,512,512,4268.99
104857,512,512,512,4352.04
104857,512,512,512,4274.43
104857,512,512,512,4993.19
419430,2048,512,512,12427.6
419430,512,2048,512,12080.8
104857,512,512,512,4993.19
104857,512,512,512,4220.66
104857,512,512,512,4800.32
104857,512,512,512,5267.54
419430,2048,512,512,16488.6
419430,512,2048,512,12026.7
104857,512,512,512,4509.98
104857,512,512,512,4963.64
104857,512,512,512,4301.83
104857,512,512,512,4409.23
419430,2048,512,512,14733
419430,512,2048,512,12722
104857,512,512,512,5114.98
104857,512,512,512,4963.64
104857,512,512,512,4142.5
104857,512,512,512,5202.21
419430,2048,512,512,15902.6
419430,512,2048,512,10832.7
104857,512,512,512,4210.07
104857,512,512,512,4018.47
104857,512,512,512,4752.73
104857,512,512,512,4540.49
6817382,33288,512,512,24943.5
78643,512,512,512,3080.26
78643,512,512,512,3226.38
78643,512,512,512,3189.58
78643,512,512,512,3605.41
314572,2048,512,512,10209.2
314572,512,2048,512,8670.37
78643,512,512,512,3382.49
78643,512,512,512,3584.87
78643,512,512,512,3428.58
78643,512,512,512,3099.23
78643,512,512,512,3181.51
78643,512,512,512,3907.73
78643,512,512,512,2732.44
78643,512,512,512,3975.63
314572,2048,512,512,9898.04
314572,512,2048,512,9060.58
78643,512,512,512,3631.42
78643,512,512,512,3584.87
78643,512,512,512,3315.65
78643,512,512,512,3281.06
78643,512,512,512,3226.38
78643,512,512,512,3778.64
78643,512,512,512,3938.3
78643,512,512,512,3767.33
314572,2048,512,512,9109.78
314572,512,2048,512,9320.65
78643,512,512,512,3865.71
78643,512,512,512,3717.25
78643,512,512,512,3355.43
78643,512,512,512,3865.71
78643,512,512,512,3177.5
78643,512,512,512,3185.54
78643,512,512,512,3173.49
78643,512,512,512,3865.71
314572,2048,512,512,9303.42
314572,512,2048,512,9451.93
78643,512,512,512,3153.6
78643,512,512,512,3337.63
78643,512,512,512,3574.68
78643,512,512,512,3238.84
78643,512,512,512,3264.04
78643,512,512,512,3226.38
78643,512,512,512,3668.48
78643,512,512,512,4020.09
314572,2048,512,512,9303.42
314572,512,2048,512,9192.97
78643,512,512,512,3103.05
78643,512,512,512,3251.39
78643,512,512,512,3247.19
78643,512,512,512,3405.38
78643,512,512,512,3165.5
78643,512,512,512,3631.42
78643,512,512,512,3673.83
78643,512,512,512,3226.38
314572,2048,512,512,11705
314572,512,2048,512,8722.97
78643,512,512,512,3043.02
78643,512,512,512,3197.68
78643,512,512,512,3251.39
78643,512,512,512,3907.73
314572,2048,512,512,11969.4
314572,512,2048,512,8853.39
78643,512,512,512,3812.99
78643,512,512,512,3932.15
78643,512,512,512,3500.11
78643,512,512,512,3181.51
314572,2048,512,512,9451.93
314572,512,2048,512,9496.51
78643,512,512,512,3549.47
78643,512,512,512,3695.41
78643,512,512,512,3689.99
78643,512,512,512,3684.59
314572,2048,512,512,11597.1
314572,512,2048,512,9337.94
78643,512,512,512,3778.64
78643,512,512,512,3272.53
78643,512,512,512,3529.56
78643,512,512,512,3226.38
314572,2048,512,512,12012.3
314572,512,2048,512,7963.85
78643,512,512,512,3847.98
78643,512,512,512,3919.9
78643,512,512,512,3663.14
78643,512,512,512,3169.49
314572,2048,512,512,11557.2
314572,512,2048,512,7864.3
78643,512,512,512,3717.25
78643,512,512,512,3756.08
78643,512,512,512,3201.75
78643,512,512,512,3185.54
314572,2048,512,512,9303.42
314572,512,2048,512,9651.3
78643,512,512,512,3901.67
78643,512,512,512,3778.64
78643,512,512,512,3956.88
78643,512,512,512,3133.97
5113038,33288,512,512,18641.6
52428,512,512,512,1298.53
52428,512,512,512,2201.7
52428,512,512,512,2236.93
52428,512,512,512,2011.63
209715,2048,512,512,7557.3
209715,512,2048,512,5845.71
52428,512,512,512,2028.65
52428,512,512,512,2434.97
52428,512,512,512,2420.92
52428,512,512,512,2492.86
52428,512,512,512,2142.65
52428,512,512,512,1932.83
52428,512,512,512,2492.86
52428,512,512,512,2438.51
209715,2048,512,512,6313.15
209715,512,2048,512,6260.15
52428,512,512,512,2023.76
52428,512,512,512,2134.47
52428,512,512,512,2605.12
52428,512,512,512,2323.68
52428,512,512,512,2489.16
52428,512,512,512,2474.48
52428,512,512,512,2102.38
52428,512,512,512,2148.14
209715,2048,512,512,6111.91
209715,512,2048,512,5970.53
52428,512,512,512,2445.62
52428,512,512,512,2431.44
52428,512,512,512,2213.32
52428,512,512,512,2276.39
52428,512,512,512,2219.17
52428,512,512,512,2417.43
52428,512,512,512,2317.26
52428,512,512,512,2557.46
209715,2048,512,512,6002.58
209715,512,2048,512,5648.89
52428,512,512,512,2654.58
52428,512,512,512,2449.19
52428,512,512,512,2178.83
52428,512,512,512,2173.18
52428,512,512,512,2129.06
52428,512,512,512,2056
52428,512,512,512,2581.07
52428,512,512,512,2637.89
209715,2048,512,512,6325.05
209715,512,2048,512,5313.44
52428,512,512,512,2170.37
52428,512,512,512,2184.5
52428,512,512,512,2530.46
52428,512,512,512,2129.06
52428,512,512,512,2254.97
52428,512,512,512,2320.46
52428,512,512,512,2242.91
52428,512,512,512,2056
209715,2048,512,512,6385.23
209715,512,2048,512,6572.85
52428,512,512,512,2515.29
52428,512,512,512,2625.5
52428,512,512,512,2526.65
52428,512,512,512,2291.93
209716,2048,512,512,6106.38
209715,512,2048,512,5820.36
52428,512,512,512,2609.17
52428,512,512,512,2129.06
52428,512,512,512,2071.23
52428,512,512,512,2456.36
209715,2048,512,512,8193.99
209715,512,2048,512,6277.72
52428,512,512,512,2176
52428,512,512,512,2366.28
52428,512,512,512,2565.28
52428,512,512,512,2115.63
209715,2048,512,512,6208.03
209715,512,2048,512,5313.44
52428,512,512,512,2236.93
52428,512,512,512,2164.77
52428,512,512,512,2522.85
52428,512,512,512,2317.26
209715,2048,512,512,5970.53
209715,512,2048,512,5981.18
52428,512,512,512,2137.19
52428,512,512,512,2478.13
52428,512,512,512,2198.82
52428,512,512,512,2288.81
209715,2048,512,512,6007.95
209715,512,2048,512,5840.63
52428,512,512,512,2424.42
52429,512,512,512,2642.09
52428,512,512,512,2396.71
52428,512,512,512,2333.37
209715,2048,512,512,7310.33
209715,512,2048,512,6355
52428,512,512,512,2254.97
52428,512,512,512,2515.29
52428,512,512,512,2577.11
52428,512,512,512,2123.67
3408692,33288,512,512,12316.9
26214,512,512,512,1133.58
26214,512,512,512,1221.03
26214,512,512,512,1097.97
26214,512,512,512,1267.14
104857,2048,512,512,3830.39
104857,512,2048,512,2915.22
26214,512,512,512,1244.58
26214,512,512,512,975.405
26214,512,512,512,1248.29
26214,512,512,512,1198.35
26214,512,512,512,1092.25
26214,512,512,512,1173.21
26214,512,512,512,1178.16
26214,512,512,512,1071.33
104857,2048,512,512,4178.61
104857,512,2048,512,3061.52
26214,512,512,512,1206.98
26214,512,512,512,1139.74
26214,512,512,512,1150.68
26214,512,512,512,1263.33
26214,512,512,512,1210.46
26214,512,512,512,1102.3
26214,512,512,512,1186.49
26214,512,512,512,1083.78
104857,2048,512,512,3495.23
104857,512,2048,512,2930.5
26214,512,512,512,1286.58
26214,512,512,512,1381.96
26214,512,512,512,1292.52
26214,512,512,512,1278.73
26214,512,512,512,1108.12
26214,512,512,512,1261.43
26214,512,512,512,1312.75
26214,512,512,512,1189.86
104857,2048,512,512,3081.2
104857,512,2048,512,2890.12
26214,512,512,512,1181.48
26214,512,512,512,1105.2
26214,512,512,512,1237.24
26214,512,512,512,1193.24
26214,512,512,512,1133.58
26214,512,512,512,999.819
26214,512,512,512,1242.74
26214,512,512,512,1213.96
104857,2048,512,512,3141.78
104857,512,2048,512,2940.77
26214,512,512,512,1233.6
26214,512,512,512,1145.97
26214,512,512,512,1229.98
26214,512,512,512,1055.15
26214,512,512,512,1145.97
26214,512,512,512,1310.7
26214,512,512,512,1228.18
26214,512,512,512,1257.64
104857,2048,512,512,4082.02
104857,512,2048,512,2905.13
26214,512,512,512,1088
26214,512,512,512,1246.43
26214,512,512,512,1206.98
26214,512,512,512,1102.3
104857,2048,512,512,3165.49
104857,512,2048,512,3159.53
26214,512,512,512,1174.86
26214,512,512,512,1092.25
26214,512,512,512,1132.05
26214,512,512,512,1294.52
104857,2048,512,512,3101.13
104857,512,2048,512,2629.64
26214,512,512,512,1072.7
26214,512,512,512,859.475
26214,512,512,512,931.019
26214,512,512,512,1160.23
104857,2048,512,512,3883.59
104857,512,2048,512,3036.58
26214,512,512,512,1086.59
26214,512,512,512,1205.24
26214,512,512,512,1189.86
26214,512,512,512,1213.96
104857,2048,512,512,3138.84
104857,512,2048,512,2836.37
26214,512,512,512,1083.78
26214,512,512,512,1201.79
26214,512,512,512,1130.52
26214,512,512,512,1229.98
104857,2048,512,512,3156.56
104857,512,2048,512,2907.65
26214,512,512,512,1096.53
26214,512,512,512,1308.66
26214,512,512,512,1306.62
26214,512,512,512,1203.51
104857,2048,512,512,3186.54
104857,512,2048,512,3238.83
26214,512,512,512,1350.8
26214,512,512,512,902.958
26214,512,512,512,1282.64
26214,512,512,512,1067.24
1704346,33288,512,512,5980.16
13107,512,512,512,395.31
13107,512,512,512,528.242
13107,512,512,512,481.543
13107,512,512,512,599.177
52428,2048,512,512,1537.76
52428,512,2048,512,1445.04
13107,512,512,512,550.425
13107,512,512,512,588.252
13107,512,512,512,685.333
13107,512,512,512,592.407
13107,512,512,512,546.837
13107,512,512,512,606.981
13107,512,512,512,610.515
13107,512,512,512,530.245
52428,2048,512,512,1950.81
52428,512,2048,512,1438.85
13107,512,512,512,638.393
13107,512,512,512,645.268
13107,512,512,512,614.991
13107,512,512,512,535.663
13107,512,512,512,636.455
13107,512,512,512,624.143
13107,512,512,512,581.725
13107,512,512,512,582.533
52428,2048,512,512,1573.82
52428,512,2048,512,1450.04
13107,512,512,512,583.344
13107,512,512,512,648.26
13107,512,512,512,671.078
13107,512,512,512,557.004
13107,512,512,512,647.259
13107,512,512,512,541.192
13107,512,512,512,564.501
13107,512,512,512,476.618
52428,2048,512,512,1530.74
52428,512,2048,512,1553.42
13107,512,512,512,607.861
13107,512,512,512,627.88
13107,512,512,512,608.743
13107,512,512,512,585.788
13107,512,512,512,637.422
13107,512,512,512,538.413
13107,512,512,512,458.888
13107,512,512,512,642.303
52428,2048,512,512,1591.74
52428,512,2048,512,1322.06
13107,512,512,512,546.125
13107,512,512,512,598.322
13107,512,512,512,572.984
13107,512,512,512,623.215
13107,512,512,512,544
13107,512,512,512,580.92
13107,512,512,512,539.105
13107,512,512,512,643.288
52428,2048,512,512,1542
52428,512,2048,512,1632
13107,512,512,512,460.905
13107,512,512,512,498.128
13107,512,512,512,657.404
13107,512,512,512,598.322
52428,2048,512,512,1944.03
52428,512,2048,512,1360.66
13107,512,512,512,615.894
13107,512,512,512,639.366
13107,512,512,512,656.376
13107,512,512,512,540.495
52428,2048,512,512,1997.26
52428,512,2048,512,1630.41
13107,512,512,512,498.128
13107,512,512,512,633.571
13107,512,512,512,576.924
13107,512,512,512,585.788
52428,2048,512,512,1551.99
52428,512,2048,512,1661.09
13107,512,512,512,638.393
13107,512,512,512,654.328
13107,512,512,512,570.645
13107,512,512,512,655.35
52428,2048,512,512,1547.69
52428,512,2048,512,1450.04
13107,512,512,512,630.713
13107,512,512,512,541.891
13107,512,512,512,564.501
13107,512,512,512,567.556
52428,2048,512,512,1939.53
52428,512,2048,512,1491.29
13107,512,512,512,539.105
13107,512,512,512,628.822
13107,512,512,512,656.376
13107,512,512,512,519.089
52428,2048,512,512,1540.58
52428,512,2048,512,1489.96
13107,512,512,512,597.47
13107,512,512,512,536.348
13107,512,512,512,654.328
13107,512,512,512,601.756
852173,33288,512,512,3131.19
5242,512,512,512,235.265
5242,512,512,512,215.609
5242,512,512,512,235.596
5242,512,512,512,225.766
20971,2048,512,512,754.013
20971,512,2048,512,615.662
5242,512,512,512,249.619
5242,512,512,512,171.167
5242,512,512,512,275.442
5242,512,512,512,199.458
5242,512,512,512,213.415
5242,512,512,512,216.724
5242,512,512,512,249.991
5242,512,512,512,231.371
20971,2048,512,512,745.636
20971,512,2048,512,585.578
5242,512,512,512,239.634
5242,512,512,512,190.402
5242,512,512,512,238.952
5242,512,512,512,239.292
5242,512,512,512,211.798
5242,512,512,512,196.883
5242,512,512,512,247.775
5242,512,512,512,223.064
20971,2048,512,512,810.473
20971,512,2048,512,559.227
5242,512,512,512,220.426
5242,512,512,512,215.609
5242,512,512,512,249.991
5242,512,512,512,213.144
5242,512,512,512,198.045
5242,512,512,512,203.326
5242,512,512,512,207.861
5242,512,512,512,243.107
20971,2048,512,512,626
20971,512,2048,512,576.522
5242,512,512,512,269.685
5242,512,512,512,234.936
5242,512,512,512,243.107
5242,512,512,512,225.766
5242,512,512,512,242.405
5242,512,512,512,236.592
5242,512,512,512,244.169
5242,512,512,512,225.766
20971,2048,512,512,624.834
20971,512,2048,512,627.757
5242,512,512,512,254.543
5242,512,512,512,253.773
5242,512,512,512,217.004
5242,512,512,512,252.247
5242,512,512,512,215.609
5242,512,512,512,258.068
5242,512,512,512,185.148
5242,512,512,512,259.666
20971,2048,512,512,637.295
20971,512,2048,512,567.743
5242,512,512,512,237.262
5242,512,512,512,263.748
5242,512,512,512,208.637
5242,512,512,512,236.927
20971,2048,512,512,788.569
20971,512,2048,512,543.378
5242,512,512,512,258.864
5242,512,512,512,202.589
5242,512,512,512,218.987
5242,512,512,512,215.332
20971,2048,512,512,615.662
20971,512,2048,512,628.345
5242,512,512,512,255.318
5242,512,512,512,184.132
5242,512,512,512,251.868
5242,512,512,512,232.332
20971,2048,512,512,629.523
20971,512,2048,512,577.018
5242,512,512,512,251.868
5242,512,512,512,258.864
5242,512,512,512,235.596
5242,512,512,512,215.332
20971,2048,512,512,796.052
20971,512,2048,512,590.732
5242,512,512,512,214.781
5242,512,512,512,266.684
5242,512,512,512,260.068
5242,512,512,512,239.977
20971,2048,512,512,815.397
20971,512,2048,512,543.818
5242,512,512,512,247.775
5242,512,512,512,254.158
5242,512,512,512,258.465
5242,512,512,512,199.458
20971,2048,512,512,606.756
20971,512,2048,512,572.587
5242,512,512,512,247.775
5242,512,512,512,213.687
5242,512,512,512,237.598
5242,512,512,512,235.265
340868,33288,512,512,1243.62
144656,512,512,512,5206.97
145219,512,512,512,5889.74
143086,512,512,512,7154.3
134140,512,512,512,6573.48
617373,2048,512,512,17846.4
511909,512,2048,512,13673.7
152784,512,512,512,6096.12
177501,512,512,512,8439.87
138819,512,512,512,5731.88
175788,512,512,512,7823.67
148318,512,512,512,7041.8
146820,512,512,512,7352.49
139898,512,512,512,5681.14
135158,512,512,512,6593.07
605239,2048,512,512,23029.3
498916,512,2048,512,14962.8
135302,512,512,512,5466.75
167130,512,512,512,8278.89
127129,512,512,512,5642.34
160282,512,512,512,7747.77
137228,512,512,512,6704.27
141001,512,512,512,5747.81
127709,512,512,512,5552.57
127997,512,512,512,6311.1
614701,2048,512,512,18029.7
495116,512,2048,512,13959.2
141404,512,512,512,6845.58
162547,512,512,512,7798.36
133241,512,512,512,6519.44
157924,512,512,512,7883.88
140148,512,512,512,5455.88
155781,512,512,512,5789.77
131610,512,512,512,5469.51
141524,512,512,512,5951.08
622718,2048,512,512,19234.5
500156,512,2048,512,15691.2
145809,512,512,512,6995.33
161899,512,512,512,7165.65
134961,512,512,512,6675.04
157923,512,512,512,6563.03
144846,512,512,512,6836.39
169827,512,512,512,8063
137419,512,512,512,6632.59
157723,512,512,512,7555.59
638805,2048,512,512,18753.9
520728,512,2048,512,12837.7
138115,512,512,512,6190.03
151839,512,512,512,6261.4
128572,512,512,512,5722.26
149774,512,512,512,7185.56
147527,512,512,512,6831.93
166724,512,512,512,7123.05
145068,512,512,512,6052.38
157919,512,512,512,7703.37
662743,2048,512,512,25307.6
529525,512,2048,512,14191.6
123866,512,512,512,6042.24
147677,512,512,512,6970.01
110753,512,512,512,5353.62
145625,512,512,512,6418.73
485342,2048,512,512,14380.5
372276,512,2048,512,9177.84
137762,512,512,512,6855.96
152588,512,512,512,7287.79
124825,512,512,512,5763.93
152847,512,512,512,6214.87
472169,2048,512,512,13900.1
364688,512,2048,512,10988.7
105892,512,512,512,4622.84
152424,512,512,512,6860.15
96613,512,512,512,4317.9
141359,512,512,512,6452.91
498329,2048,512,512,14820.2
374306,512,2048,512,9745.97
111037,512,512,512,5187.13
141993,512,512,512,6224.35
105115,512,512,512,5119.76
131116,512,512,512,5379.12
521358,2048,512,512,15519.5
382228,512,2048,512,10930.6
112897,512,512,512,4625.74
135583,512,512,512,5919.04
105657,512,512,512,4606.3
124591,512,512,512,5924.09
524195,2048,512,512,21020.4
379576,512,2048,512,11908.3
123414,512,512,512,6400.73
142424,512,512,512,6672.87
114404,512,512,512,5597.75
133618,512,512,512,5938.58
518126,2048,512,512,15597.4
360766,512,2048,512,10243.6
127963,512,512,512,6004.13
137811,512,512,512,6381.99
119801,512,512,512,5916.1
131226,512,512,512,5335.75
8449349,33288,512,512,30237
110054,512,512,512,4503.49
100849,512,512,512,5050.34
69340,512,512,512,3499.81
69926,512,512,512,3305.22
520881,2048,512,512,19914.2
420270,512,2048,512,11133
176573,512,512,512,7152.32
164906,512,512,512,8665.01
119346,512,512,512,5812.9
163179,512,512,512,6150.45
131179,512,512,512,6146.01
106332,512,512,512,4812.76
80702,512,512,512,3918.76
75910,512,512,512,3455.36
434108,2048,512,512,12709.5
364167,512,2048,512,9139.88
115824,512,512,512,5340.59
118372,512,512,512,5687.54
73184,512,512,512,3495.36
95756,512,512,512,3969.16
132447,512,512,512,6571.01
106685,512,512,512,4734.98
85843,512,512,512,3841.92
78662,512,512,512,3606.28
451905,2048,512,512,17549.7
377715,512,2048,512,10260.5
131164,512,512,512,5387.99
130939,512,512,512,5406.51
81929,512,512,512,3327.07
114764,512,512,512,4832.17
133557,512,512,512,5362.39
114906,512,512,512,4738.39
86931,512,512,512,3182.83
87415,512,512,512,4024.86
480220,2048,512,512,14621.4
389027,512,2048,512,10374.1
144587,512,512,512,7042.29
131025,512,512,512,6391.46
92656,512,512,512,3715.53
115987,512,512,512,5967.18
144703,512,512,512,6870.17
128707,512,512,512,5226.68
97146,512,512,512,3910.28
100981,512,512,512,4773.11
519534,2048,512,512,20030.2
435213,512,2048,512,11213.2
151362,512,512,512,6572.03
131393,512,512,512,5411.29
95590,512,512,512,4599.82
119793,512,512,512,5879.41
145197,512,512,512,5888.85
145080,512,512,512,6797.31
101998,512,512,512,3835.41
112628,512,512,512,5040.69
562881,2048,512,512,16740
463789,512,2048,512,12838.5
130724,512,512,512,6160.78
106538,512,512,512,3918.64
68242,512,512,512,2843.42
94758,512,512,512,3937.99
464225,2048,512,512,13641.1
348379,512,2048,512,10227.6
157973,512,512,512,6963
128921,512,512,512,5666.86
96673,512,512,512,4119.22
122165,512,512,512,5878.62
225571,2048,512,512,8655
205326,512,2048,512,5703.5
65235,512,512,512,2883.31
83880,512,512,512,3924.21
37002,512,512,512,1653.72
58084,512,512,512,2429.66
281342,2048,512,512,8177.06
253598,512,2048,512,6266.51
84469,512,512,512,3556.59
98998,512,512,512,4201.51
45258,512,512,512,2161.58
74105,512,512,512,3330.56
291371,2048,512,512,10879.7
256402,512,2048,512,7371.85
109587,512,512,512,5479.35
99608,512,512,512,4414.76
60842,512,512,512,2499.29
76770,512,512,512,3808.74
301623,2048,512,512,11068.7
236448,512,2048,512,6608.15
116101,512,512,512,5423.7
93737,512,512,512,3260.42
69341,512,512,512,3392.83
72872,512,512,512,3072.34
266304,2048,512,512,8054.56
179846,512,2048,512,5424.2
118976,512,512,512,5615.39
87654,512,512,512,3967.37
69802,512,512,512,3232.51
68146,512,512,512,3188.12
8099792,33288,512,512,29297.3
69048,512,512,512,3347.78
70699,512,512,512,2686.9
55824,512,512,512,2378.65
51977,512,512,512,2105.4
440834,2048,512,512,15975.9
349724,512,2048,512,9484.04
142988,512,512,512,7513.33
140146,512,512,512,6653.82
102718,512,512,512,4972.73
144324,512,512,512,7008.15
90907,512,512,512,3710.49
79001,512,512,512,3674.47
71333,512,512,512,3652.25
59864,512,512,512,2956.25
350127,2048,512,512,10559.9
278118,512,2048,512,7765.95
77453,512,512,512,3261.18
97490,512,512,512,4227.21
58782,512,512,512,2770.29
79224,512,512,512,3254.39
72798,512,512,512,3009.74
80140,512,512,512,3108.46
60387,512,512,512,2923.42
59524,512,512,512,2563.62
377531,2048,512,512,11155.1
301616,512,2048,512,9045.65
85602,512,512,512,3432.66
106244,512,512,512,4761.64
64319,512,512,512,2302.25
92139,512,512,512,3834.13
80374,512,512,512,4012.43
91729,512,512,512,3812.11
68532,512,512,512,2833.36
70060,512,512,512,3396.85
413100,2048,512,512,12412.4
326865,512,2048,512,9886.28
100219,512,512,512,4542.5
112406,512,512,512,4635.3
76218,512,512,512,3651.16
99957,512,512,512,4628.98
89251,512,512,512,3694.74
113306,512,512,512,5621.38
75834,512,512,512,3699.22
88878,512,512,512,4213.48
454699,2048,512,512,13623.9
370593,512,2048,512,10170.6
99341,512,512,512,4681.76
113026,512,512,512,5334.56
75788,512,512,512,3702.62
103039,512,512,512,4841.77
95971,512,512,512,4570.05
126777,512,512,512,5658.11
84980,512,512,512,3429.21
99415,512,512,512,4153.11
483495,2048,512,512,14090.9
392291,512,2048,512,11401.7
78700,512,512,512,3237.02
89338,512,512,512,4101.6
60344,512,512,512,2921.34
81600,512,512,512,3417.8
377485,2048,512,512,11133.2
263284,512,2048,512,6618.29
125652,512,512,512,5122.12
98723,512,512,512,4982.86
91651,512,512,512,3247.88
101724,512,512,512,4255.12
139876,2048,512,512,4218.69
104165,512,2048,512,2569.99
40729,512,512,512,2036.45
59136,512,512,512,2984.78
32292,512,512,512,1130.57
38547,512,512,512,1764.67
194581,2048,512,512,7547.38
150283,512,2048,512,4041.22
42786,512,512,512,2025.37
66156,512,512,512,2728.08
33491,512,512,512,1555.46
47033,512,512,512,2337.04
247017,2048,512,512,8792.6
179358,512,2048,512,5110.82
55210,512,512,512,2276.7
68722,512,512,512,3029.07
40973,512,512,512,1655.47
52095,512,512,512,2312.12
248270,2048,512,512,7356.15
172574,512,2048,512,4810.43
71451,512,512,512,3402.43
73260,512,512,512,3334.74
54975,512,512,512,2390.22
59423,512,512,512,2736.02
222621,2048,512,512,6583.99
136351,512,2048,512,3567.65
74612,512,512,512,3695.95
68003,512,512,512,3332.46
58713,512,512,512,2833.81
55485,512,512,512,2314.89
5628498,33288,512,512,20565.4
55839,512,512,512,2070.51
47152,512,512,512,1730.35
40749,512,512,512,1535.89
31688,512,512,512,1285.19
246942,2048,512,512,7957.85
187181,512,2048,512,5603.17
108105,512,512,512,4147.91
107497,512,512,512,4526.19
65349,512,512,512,2630.4
112066,512,512,512,5483.35
53552,512,512,512,2690.21
46022,512,512,512,2348.81
38979,512,512,512,1645.55
28332,512,512,512,1282.35
181465,2048,512,512,5467.87
138731,512,2048,512,4211.95
44787,512,512,512,2274.9
56702,512,512,512,2770.17
30654,512,512,512,1364.29
40235,512,512,512,1768.57
49209,512,512,512,2016.25
55295,512,512,512,2594.49
37240,512,512,512,1565.94
33400,512,512,512,1696.51
209478,2048,512,512,6082.85
170877,512,2048,512,4424
59402,512,512,512,2568.74
78627,512,512,512,3470.43
40400,512,512,512,2013.71
58892,512,512,512,2543.24
51857,512,512,512,2429.61
60576,512,512,512,2973.06
42887,512,512,512,2000.56
40323,512,512,512,1848.62
249613,2048,512,512,7507.16
196462,512,2048,512,6074.19
65126,512,512,512,2918.81
73887,512,512,512,3348.99
44367,512,512,512,2122.19
60688,512,512,512,2839.2
60021,512,512,512,3024.68
83964,512,512,512,3768.37
47934,512,512,512,1804.57
56646,512,512,512,2243.41
302452,2048,512,512,9165.21
246814,512,2048,512,7500.52
65341,512,512,512,2999.87
81599,512,512,512,3481.56
45839,512,512,512,2110.57
66444,512,512,512,2722.42
63673,512,512,512,2738.62
94580,512,512,512,4444.29
54191,512,512,512,2663.77
65642,512,512,512,3139.83
343356,2048,512,512,13237.8
257197,512,2048,512,7113.49
41783,512,512,512,1910.08
52641,512,512,512,2587.58
29547,512,512,512,1346.87
42360,512,512,512,1987.57
216719,2048,512,512,8236.35
149618,512,2048,512,4372.4
81604,512,512,512,4138.4
64242,512,512,512,2823.82
43030,512,512,512,1958.69
61783,512,512,512,3009.22
48481,2048,512,512,1456.71
38360,512,2048,512,1144.01
18164,512,512,512,894.228
29508,512,512,512,1430.69
13422,512,512,512,619.775
18682,512,512,512,872.736
101911,2048,512,512,3042.12
82333,512,2048,512,2056.72
19741,512,512,512,957.139
38241,512,512,512,1796.93
15129,512,512,512,629.555
25640,512,512,512,1153.98
114133,2048,512,512,3413.32
85304,512,2048,512,2539.28
36347,512,512,512,1520.4
44755,512,512,512,2276.88
25265,512,512,512,1061
30012,512,512,512,1236.02
115983,2048,512,512,3462.18
83975,512,2048,512,2614.01
48912,512,512,512,2261.83
44247,512,512,512,1942.26
33185,512,512,512,1672.31
27808,512,512,512,1137.92
83494,2048,512,512,2402.71
48292,512,2048,512,1348.47
42541,512,512,512,1958.72
43863,512,512,512,1979.71
30263,512,512,512,1393.4
31688,512,512,512,1440.36
4570384,33288,512,512,16770.1
34247,512,512,512,1581.39
19404,512,512,512,911.789
16396,512,512,512,644.56
11969,512,512,512,566.58
104673,2048,512,512,3684.86
81975,512,2048,512,2081.9
97078,512,512,512,3806.98
69893,512,512,512,2806.24
25760,512,512,512,1208.68
69617,512,512,512,3475.42
48869,512,512,512,2025.66
21820,512,512,512,1070.92
15338,512,512,512,644.962
10662,512,512,512,427.549
41663,2048,512,512,1264.91
36012,512,2048,512,1059.18
42364,512,512,512,1716.01
32657,512,512,512,1707.56
13187,512,512,512,548.744
17178,512,512,512,810.761
50871,512,512,512,2073.72
27364,512,512,512,1129.87
15168,512,512,512,624.68
13381,512,512,512,549.669
52212,2048,512,512,2047.53
48390,512,2048,512,1488.92
55223,512,512,512,2756.84
42626,512,512,512,1943.07
15872,512,512,512,754.686
24727,512,512,512,1276.23
54011,512,512,512,2193.34
38147,512,512,512,1589.46
17464,512,512,512,848.024
16461,512,512,512,681.439
72869,2048,512,512,2261.7
71587,512,2048,512,2071.23
66349,512,512,512,2928.51
49036,512,512,512,2307.58
18628,512,512,512,852.784
30148,512,512,512,1358.78
63533,512,512,512,2616.55
47347,512,512,512,2017.45
19514,512,512,512,601.588
23243,512,512,512,1040.25
100398,2048,512,512,3917.97
85572,512,2048,512,2595.55
58607,512,512,512,2579.68
37223,512,512,512,1538.94
14595,512,512,512,682.807
23119,512,512,512,1129.48
70285,512,512,512,2936.19
56422,512,512,512,2861.34
21842,512,512,512,1097.24
27155,512,512,512,1298.89
130289,2048,512,512,4842.33
90678,512,2048,512,2701.77
48564,512,512,512,2365.37
26377,512,512,512,1325.06
9201,512,512,512,397.344
16237,512,512,512,750.844
58872,2048,512,512,2256.17
55804,512,2048,512,1421.76
69433,512,512,512,2844.89
57004,512,512,512,2369
12532,512,512,512,615.067
53312,512,512,512,2801.29
19051,2048,512,512,563.431
20119,512,2048,512,560.32
10834,512,512,512,488.982
21594,512,512,512,896.249
3649,512,512,512,188.335
14972,512,512,512,685.413
19537,2048,512,512,601.138
20744,512,2048,512,565.906
32975,512,512,512,1589.16
19159,512,512,512,908.278
8520,512,512,512,423.354
9463,512,512,512,407.559
21054,2048,512,512,810.744
21606,512,2048,512,594.49
19284,512,512,512,887.896
16852,512,512,512,720.941
5429,512,512,512,243.317
8863,512,512,512,404.588
20900,2048,512,512,625.047
18007,512,2048,512,537.522
29744,512,512,512,1240.95
15941,512,512,512,720.497
7369,512,512,512,305.847
9554,512,512,512,397.566
16100,2048,512,512,500.68
9871,512,2048,512,306.078
32053,512,512,512,1363.96
18132,512,512,512,900.969
7471,512,512,512,360.048
12811,512,512,512,577.397
2802367,33288,512,512,10323
17538,512,512,512,603.458
9689,512,512,512,451.965
9630,512,512,512,400.728
5732,512,512,512,222.872
49727,2048,512,512,1824.84
41575,512,2048,512,1220.55
60339,512,512,512,2727.19
33846,512,512,512,1386.78
10762,512,512,512,540.634
34845,512,512,512,1659.29
27165,512,512,512,1113.03
12022,512,512,512,571.626
7018,512,512,512,294.333
4981,512,512,512,219.246
18329,2048,512,512,698.248
18724,512,2048,512,489.917
20384,512,512,512,1055.48
20795,512,512,512,842.329
5704,512,512,512,254.927
9461,512,512,512,435.614
21954,512,512,512,1009.38
12498,512,512,512,609.659
5460,512,512,512,220.885
4860,512,512,512,183.18
19355,2048,512,512,584.302
20125,512,2048,512,633.858
29397,512,512,512,1206.03
26491,512,512,512,1092.41
6978,512,512,512,339.356
12252,512,512,512,576.565
23425,512,512,512,1048.39
20550,512,512,512,860.733
6200,512,512,512,295.678
7340,512,512,512,355.34
25190,2048,512,512,747.062
29575,512,2048,512,917.054
33448,512,512,512,1664.6
35320,512,512,512,1589.65
8490,512,512,512,427.17
16466,512,512,512,823.3
25495,512,512,512,1189.27
36244,512,512,512,1608.61
7017,512,512,512,348.671
11888,512,512,512,516.87
33082,2048,512,512,984.766
44738,512,2048,512,1221.52
25079,512,512,512,1008.2
31458,512,512,512,1442.2
6391,512,512,512,240.038
14370,512,512,512,655.977
44130,512,512,512,1831.6
37424,512,512,512,1601.03
10100,512,512,512,458.44
15476,512,512,512,636.545
42127,2048,512,512,1624.17
29857,512,2048,512,736.074
18768,512,512,512,795.465
14559,512,512,512,700.583
3701,512,512,512,169.673
9011,512,512,512,356.43
26707,2048,512,512,821.754
26895,512,2048,512,834.762
46041,512,512,512,2078.01
39819,512,512,512,1659.12
5371,512,512,512,220.632
35052,512,512,512,1686.71
3789,2048,512,512,142.813
3298,512,2048,512,94.0606
10357,512,512,512,459.673
5954,512,512,512,309.802
2109,512,512,512,95.322
2920,512,512,512,131.421
3678,2048,512,512,136.697
3035,512,2048,512,94.0174
3920,512,512,512,198.167
6539,512,512,512,333.197
1294,512,512,512,54.1281
3906,512,512,512,177.798
6591,2048,512,512,242.986
6228,512,2048,512,180.522
10973,512,512,512,487.012
10235,512,512,512,488.107
2888,512,512,512,145.308
6614,512,512,512,321.653
5856,2048,512,512,222.556
5056,512,2048,512,150.925
21060,512,512,512,986.706
9576,512,512,512,503.172
4067,512,512,512,142.545
4228,512,512,512,181.849
4933,2048,512,512,141.957
2797,512,2048,512,85.9789
16062,512,512,512,755.859
8583,512,512,512,301.158
3442,512,512,512,150.882
6578,512,512,512,317.97
1362291,33288,512,512,4978.68
0,512,512,512,0
929,512,512,512,40.2818
0,512,512,512,0
246,512,512,512,9.74257
14047,2048,512,512,476.674
20596,512,2048,512,604.653
22905,512,512,512,931.334
27236,512,512,512,1285.47
5473,512,512,512,274.078
25435,512,512,512,1275.74
0,512,512,512,0
77,512,512,512,3.20833
0,512,512,512,0
19,512,512,512,0.894118
1932,2048,512,512,76.5149
1833,512,2048,512,56.0229
8299,512,512,512,366.301
20258,512,512,512,967.546
4656,512,512,512,211.937
6968,512,512,512,329.846
39,512,512,512,1.60411
6,512,512,512,0.23301
8,512,512,512,0.333333
20,512,512,512,0.821566
1005,2048,512,512,38.4229
960,512,2048,512,23.7771
15889,512,512,512,730.529
26465,512,512,512,925.552
4629,512,512,512,211.31
9380,512,512,512,455.478
2992,512,512,512,143.544
1844,512,512,512,91.3437
640,512,512,512,24.7343
401,512,512,512,16.7083
1423,2048,512,512,41.7761
1698,512,2048,512,49.3067
13471,512,512,512,600.379
25799,512,512,512,1287.94
5084,512,512,512,249.521
10880,512,512,512,552.635
10658,512,512,512,391.119
7785,512,512,512,366.353
5360,512,512,512,231.784
2762,512,512,512,138.75
1185,2048,512,512,44.8757
1198,512,2048,512,37.8067
4459,512,512,512,226.489
4413,512,512,512,188.037
1897,512,512,512,93.679
1883,512,512,512,87.3275
30410,512,512,512,1431.06
23696,512,512,512,1143.7
14210,512,512,512,601.481
7168,512,512,512,345.967
1373,2048,512,512,41.5667
1671,512,2048,512,45.82
5531,512,512,512,230.159
2353,512,512,512,110.082
2904,512,512,512,132.188
743,512,512,512,36.2992
0,2048,512,512,0
0,512,2048,512,0
9554,512,512,512,396.534
19357,512,512,512,853.201
5442,512,512,512,254.969
13274,512,512,512,586.696
0,2048,512,512,0
0,512,2048,512,0
1670,512,512,512,68.866
1644,512,512,512,78.0534
1203,512,512,512,52.8791
301,512,512,512,15.05
159,2048,512,512,5.52443
274,512,2048,512,7.67776
87,512,512,512,4.04651
193,512,512,512,8.74788
15,512,512,512,0.746501
19,512,512,512,0.886297
0,2048,512,512,0
0,512,2048,512,0
0,512,512,512,0
0,512,512,512,0
0,512,512,512,0
0,512,512,512,0
0,2048,512,512,0
0,512,2048,512,0
0,512,512,512,0
0,512,512,512,0
0,512,512,512,0
0,512,512,512,0
0,2048,512,512,0
0,512,2048,512,0
0,512,512,512,0
0,512,512,512,0
0,512,512,512,0
0,512,512,512,0
850094,33288,512,512,3109.27
