128761,512,512,512,6816.56
132877,512,512,512,11852.9
142349,512,512,512,11633.3
122501,512,512,512,11470
657561,2048,512,512,13797.9
587093,512,2048,512,13098.8
158760,512,512,512,12258
161312,512,512,512,12352.2
154701,512,512,512,12336.8
163812,512,512,512,12426.9
138452,512,512,512,11963.7
140197,512,512,512,12110
139415,512,512,512,12089
130440,512,512,512,11867
615379,2048,512,512,13739.9
552458,512,2048,512,13124.5
122396,512,512,512,11642
163814,512,512,512,12372.1
119017,512,512,512,11691.6
156550,512,512,512,12281.1
130692,512,512,512,12015.9
144385,512,512,512,12019.6
131820,512,512,512,12067.2
133155,512,512,512,11925
629035,2048,512,512,13695
550086,512,2048,512,12947.5
129969,512,512,512,11972.2
164324,512,512,512,12549.4
131426,512,512,512,11998.5
157607,512,512,512,12288.3
132401,512,512,512,12053.6
158040,512,512,512,12301.8
136023,512,512,512,11913.5
146596,512,512,512,12284.3
640824,2048,512,512,13772.4
560424,512,2048,512,12959.9
133334,512,512,512,12059.2
165516,512,512,512,12432.8
134172,512,512,512,12169.4
161231,512,512,512,12265.3
128782,512,512,512,12075.8
171580,512,512,512,12544.1
135490,512,512,512,11931.7
157572,512,512,512,12354
655737,2048,512,512,13737.7
588044,512,2048,512,13009.5
125661,512,512,512,11587.9
154825,512,512,512,12201.1
127452,512,512,512,11786.2
153730,512,512,512,11988.6
129316,512,512,512,11975.9
176891,512,512,512,12461.6
141501,512,512,512,12063.9
161782,512,512,512,12378.2
673253,2048,512,512,13786.5
611291,512,2048,512,13045.4
102691,512,512,512,11512.5
136832,512,512,512,12181.5
105460,512,512,512,11680.8
134494,512,512,512,12060.1
546132,2048,512,512,13430.2
478771,512,2048,512,12788
126309,512,512,512,11579.3
127433,512,512,512,11849.1
124950,512,512,512,11831.8
136926,512,512,512,12012.7
512834,2048,512,512,13370
430911,512,2048,512,12695.1
89535,512,512,512,10509.9
142150,512,512,512,12085.4
83912,512,512,512,10730
126151,512,512,512,11914.6
526135,2048,512,512,13431
434134,512,2048,512,12698.5
100634,512,512,512,11010
132334,512,512,512,11963.7
96583,512,512,512,10782
120956,512,512,512,11756.2
527460,2048,512,512,13395.5
428269,512,2048,512,12822.7
103808,512,512,512,11322.9
127274,512,512,512,12011.8
102659,512,512,512,11333.8
119034,512,512,512,11675.8
529427,2048,512,512,13381.4
424951,512,2048,512,12691.3
117377,512,512,512,11829.2
122898,512,512,512,11811.8
114955,512,512,512,11820.1
118573,512,512,512,11737.2
504860,2048,512,512,13321.9
400093,512,2048,512,12472.5
115234,512,512,512,11709.1
120376,512,512,512,11885.8
114692,512,512,512,11782.6
119087,512,512,512,11813.2
7941902,33288,512,512,14104
82388,512,512,512,9699.39
95040,512,512,512,12139.6
95047,512,512,512,11202.1
81972,512,512,512,11129.6
559163,2048,512,512,14778.5
479025,512,2048,512,14177.3
123005,512,512,512,12815.1
134139,512,512,512,13180.2
117970,512,512,512,12515.2
136606,512,512,512,12994.1
108827,512,512,512,12148.8
113602,512,512,512,12843.2
110167,512,512,512,12176.3
103331,512,512,512,12133.7
500782,2048,512,512,14404.5
433174,512,2048,512,13989.9
83660,512,512,512,11474.4
139159,512,512,512,13113.7
79680,512,512,512,11405.1
128804,512,512,512,11802.9
93269,512,512,512,11081.3
116477,512,512,512,11731.6
96336,512,512,512,11268.9
100708,512,512,512,11532.7
513866,2048,512,512,13620.2
431100,512,2048,512,12878.9
94610,512,512,512,11110.2
138919,512,512,512,12225.3
97046,512,512,512,11267.5
129913,512,512,512,12099
91737,512,512,512,11184.2
128003,512,512,512,12059.3
97528,512,512,512,11287.7
111611,512,512,512,11735
530735,2048,512,512,13447
446252,512,2048,512,12918.6
96734,512,512,512,11385.7
139126,512,512,512,12190.7
97673,512,512,512,11223.8
132027,512,512,512,12040.5
99926,512,512,512,11332.1
146522,512,512,512,12264.9
105672,512,512,512,11485.6
131348,512,512,512,12021.8
560299,2048,512,512,13575.2
483219,512,2048,512,12994.4
99871,512,512,512,11110.3
139835,512,512,512,12063.7
100632,512,512,512,11365.8
135476,512,512,512,12104.5
100073,512,512,512,11495.9
158983,512,512,512,12401.2
110849,512,512,512,11816
140232,512,512,512,12115.5
584554,2048,512,512,13661.9
515851,512,2048,512,12777.7
72786,512,512,512,10400.9
111169,512,512,512,11908.6
75465,512,512,512,10467.6
108697,512,512,512,11684.4
418763,2048,512,512,12736.2
331624,512,2048,512,12287.5
104724,512,512,512,11313.9
104369,512,512,512,11309.9
100685,512,512,512,11088.6
114837,512,512,512,11940.8
384080,2048,512,512,12575.4
294467,512,2048,512,12027.5
52376,512,512,512,9149.27
108226,512,512,512,11615.7
49216,512,512,512,9002.07
88225,512,512,512,10574.8
390912,2048,512,512,12654.2
292071,512,2048,512,12147.5
68275,512,512,512,9990.51
97898,512,512,512,11268.8
65237,512,512,512,9807.2
82951,512,512,512,10680.7
395711,2048,512,512,12634.5
291221,512,2048,512,12056.5
71474,512,512,512,10146.6
99155,512,512,512,11368.5
69597,512,512,512,10172.9
91595,512,512,512,10819.6
386282,2048,512,512,12616
286061,512,2048,512,11974.2
74946,512,512,512,10295.8
93347,512,512,512,11221.8
73526,512,512,512,10203.6
87577,512,512,512,10694.9
372892,2048,512,512,12524.6
268393,512,2048,512,11846.5
83966,512,512,512,10700.6
91238,512,512,512,11030.9
82765,512,512,512,10688.5
85516,512,512,512,10691.6
6970877,33288,512,512,13936.6
48820,512,512,512,7741.05
61079,512,512,512,9743.41
59699,512,512,512,8655.95
49720,512,512,512,8743.78
457008,2048,512,512,13210.3
380232,512,2048,512,12839.7
100329,512,512,512,11215.8
112503,512,512,512,11957
94479,512,512,512,11167.5
114846,512,512,512,11934
82527,512,512,512,10443.4
86541,512,512,512,11015
84021,512,512,512,10500.1
74658,512,512,512,10302.1
371268,2048,512,512,12717.9
296938,512,2048,512,12371
59207,512,512,512,9677.56
110975,512,512,512,12056.9
55989,512,512,512,9484.01
99131,512,512,512,11384.7
59373,512,512,512,9747.64
88269,512,512,512,11185.5
64712,512,512,512,10155.9
69763,512,512,512,10354.4
383955,2048,512,512,12830.7
302682,512,2048,512,12443.6
75307,512,512,512,10694.9
120987,512,512,512,12034.3
74395,512,512,512,10577.7
110489,512,512,512,12011.2
69106,512,512,512,10132.4
107546,512,512,512,11776.3
74384,512,512,512,10563.8
86780,512,512,512,11109.5
406737,2048,512,512,12892.9
316678,512,2048,512,12407
75207,512,512,512,10580.9
115311,512,512,512,12179.6
77122,512,512,512,10773.9
106452,512,512,512,11720.7
75019,512,512,512,10461.3
125521,512,512,512,12239
83525,512,512,512,10778
105434,512,512,512,11615.1
445126,2048,512,512,13171.4
360576,512,2048,512,12678.4
66207,512,512,512,10272.1
107436,512,512,512,11784.4
69103,512,512,512,10126.7
100659,512,512,512,11665.3
80509,512,512,512,10930.4
140067,512,512,512,12291.6
94610,512,512,512,11415.4
117697,512,512,512,11931.9
469702,2048,512,512,13329.3
393501,512,2048,512,12642.6
53044,512,512,512,9624.54
91720,512,512,512,11244.3
54347,512,512,512,9792.25
87767,512,512,512,11343.6
319674,2048,512,512,12202.2
246891,512,2048,512,12053.6
64552,512,512,512,9811.38
73664,512,512,512,10388.9
61364,512,512,512,9756.05
83434,512,512,512,10810.4
237924,2048,512,512,11740
152630,512,2048,512,11279.8
32419,512,512,512,7710.2
75766,512,512,512,10790.6
30510,512,512,512,7489.27
57281,512,512,512,9471.6
239685,2048,512,512,11760.5
155797,512,2048,512,11198.7
43886,512,512,512,8844.92
73089,512,512,512,10553.8
39292,512,512,512,8497.72
62094,512,512,512,9866.59
241817,2048,512,512,11631.5
154531,512,2048,512,11286.1
49628,512,512,512,9361.01
57036,512,512,512,9850.38
48540,512,512,512,9128.22
49310,512,512,512,9063.95
219154,2048,512,512,11459.5
147362,512,2048,512,11059.1
33528,512,512,512,7834.93
53373,512,512,512,9573.63
34631,512,512,512,7953.29
44365,512,512,512,8713.7
195846,2048,512,512,11144.9
120625,512,2048,512,9991.91
54241,512,512,512,9514.66
71756,512,512,512,10465.8
51254,512,512,512,9559.25
64594,512,512,512,10072.5
5924545,33288,512,512,13875.8
45935,512,512,512,8040.59
46296,512,512,512,8973.86
52919,512,512,512,8252.48
38370,512,512,512,7963.29
331367,2048,512,512,12402.6
265406,512,2048,512,12149.3
65174,512,512,512,9766.75
85635,512,512,512,11079.3
59884,512,512,512,9884.78
89665,512,512,512,11021.9
45262,512,512,512,9038.98
57303,512,512,512,9783.63
48014,512,512,512,8872.87
44781,512,512,512,8842.22
250381,2048,512,512,11669.4
189258,512,2048,512,11609.3
40322,512,512,512,8463.79
85967,512,512,512,11144.2
36932,512,512,512,8249.36
74639,512,512,512,10480.2
44052,512,512,512,8634.34
61540,512,512,512,9954.03
47508,512,512,512,8922.34
46746,512,512,512,9229.51
265383,2048,512,512,11913.7
195030,512,2048,512,11689.4
42118,512,512,512,8741.15
91334,512,512,512,11341.4
42774,512,512,512,8858.62
79227,512,512,512,10837.4
38467,512,512,512,8503.93
71031,512,512,512,10324.7
44005,512,512,512,8881.49
53746,512,512,512,9472.62
283233,2048,512,512,12008.6
202509,512,2048,512,11801.1
46461,512,512,512,9260.37
78908,512,512,512,11015
48194,512,512,512,9150.53
72580,512,512,512,10422.7
43854,512,512,512,8897.31
96524,512,512,512,11338
51673,512,512,512,9383.1
76538,512,512,512,10903
320489,2048,512,512,12334.8
247453,512,2048,512,11796.2
40847,512,512,512,8530.62
81975,512,512,512,11128.2
42541,512,512,512,9010.09
75412,512,512,512,10836.6
49860,512,512,512,9427
110313,512,512,512,11961.6
61547,512,512,512,10056.2
88378,512,512,512,11413.4
345592,2048,512,512,12472
274829,512,2048,512,11912.7
25374,512,512,512,6733.43
60536,512,512,512,10017.6
25890,512,512,512,6912.64
57422,512,512,512,10023.2
209395,2048,512,512,11370.3
151186,512,2048,512,11412.3
32695,512,512,512,7720.62
42140,512,512,512,8656.59
30524,512,512,512,7511.43
49135,512,512,512,9298.85
126254,2048,512,512,10141.8
76575,512,2048,512,9832.57
17164,512,512,512,5663.08
52044,512,512,512,9466.58
14299,512,512,512,4930.69
37690,512,512,512,8201.84
146819,2048,512,512,10513.8
84761,512,2048,512,10255.1
23183,512,512,512,6560.02
49133,512,512,512,9479.27
21266,512,512,512,6345.1
36818,512,512,512,8332.96
144374,2048,512,512,10318.5
87498,512,2048,512,10086.7
20567,512,512,512,5921.89
39685,512,512,512,8497.29
19186,512,512,512,5804.32
32050,512,512,512,7599.15
133310,2048,512,512,10254.3
81004,512,2048,512,9820.53
25603,512,512,512,6894.98
40168,512,512,512,8524.42
23381,512,512,512,6501.07
32959,512,512,512,7737.99
117647,2048,512,512,9987.61
69633,512,2048,512,8729.27
23953,512,512,512,6794.42
31670,512,512,512,7875.97
22904,512,512,512,6676.64
28133,512,512,512,7484.98
4045117,33288,512,512,12809
34335,512,512,512,7533.22
29747,512,512,512,7684.39
42332,512,512,512,8161.61
23730,512,512,512,6360.46
165318,2048,512,512,10732.5
114116,512,2048,512,10801.5
34464,512,512,512,7922.76
60724,512,512,512,10095.7
30956,512,512,512,7664.9
62144,512,512,512,10037.8
27947,512,512,512,6954.83
32084,512,512,512,7992.12
31500,512,512,512,7239.43
26063,512,512,512,6804.13
144805,2048,512,512,10436.1
93516,512,2048,512,10522.2
19984,512,512,512,6114.38
51570,512,512,512,9449.52
18956,512,512,512,5768.83
45617,512,512,512,9090.73
17384,512,512,512,5427.86
30722,512,512,512,7641.69
20613,512,512,512,6041.13
23618,512,512,512,6465.15
150601,2048,512,512,10652.6
91018,512,2048,512,10420.7
22986,512,512,512,6536.06
50560,512,512,512,9560.76
23332,512,512,512,6618.27
48332,512,512,512,9425.61
18710,512,512,512,6022.58
48771,512,512,512,9379.04
22976,512,512,512,6279.34
37207,512,512,512,8518.15
158689,2048,512,512,10637.2
91220,512,2048,512,10507.7
25803,512,512,512,6539.52
51980,512,512,512,9745.77
27000,512,512,512,6975.48
50793,512,512,512,9340.57
22110,512,512,512,6376.21
70194,512,512,512,10113.5
27829,512,512,512,7177.34
55987,512,512,512,9960.85
166966,2048,512,512,10831.2
100492,512,2048,512,10629.2
16560,512,512,512,5300.53
39864,512,512,512,8747.05
17972,512,512,512,5809.86
38720,512,512,512,8477.86
24537,512,512,512,6859
65081,512,512,512,10044.5
35051,512,512,512,8083.11
54980,512,512,512,9599.56
189128,2048,512,512,11107.8
109440,512,2048,512,10341.7
6244,512,512,512,2562.46
26927,512,512,512,7248.49
7420,512,512,512,2957.37
26093,512,512,512,6959.58
53227,2048,512,512,6274.11
34630,512,2048,512,7502.78
13396,512,512,512,4719.76
27558,512,512,512,7122.51
12282,512,512,512,4312.43
32402,512,512,512,7719.07
59715,2048,512,512,6995.4
31978,512,2048,512,7449.6
8006,512,512,512,3083.86
25723,512,512,512,6660.35
7531,512,512,512,3013.34
18901,512,512,512,5761.68
73174,2048,512,512,7823.81
37471,512,2048,512,7759.1
7276,512,512,512,2972.64
25171,512,512,512,6813.76
6459,512,512,512,2657.09
19734,512,512,512,5840.35
77994,2048,512,512,8192.38
38793,512,2048,512,7894.28
11015,512,512,512,3988.46
24419,512,512,512,7005
10472,512,512,512,3851.22
20582,512,512,512,5910.25
70998,2048,512,512,7653.8
35760,512,2048,512,7494.52
8285,512,512,512,3176.99
20839,512,512,512,6255.61
7826,512,512,512,3045.23
17985,512,512,512,5677.14
61917,2048,512,512,6983.94
28848,512,2048,512,5965.82
11904,512,512,512,4160.87
21574,512,512,512,5982.39
11724,512,512,512,4057.52
20289,512,512,512,5922.44
1938914,33288,512,512,9684.62
13591,512,512,512,3769.14
11834,512,512,512,3793.99
18364,512,512,512,4835.12
8842,512,512,512,3091.44
107573,2048,512,512,9660.33
80849,512,2048,512,9496.37
16771,512,512,512,5278.96
28842,512,512,512,6877.38
13807,512,512,512,4699.01
31600,512,512,512,7295.16
13156,512,512,512,4330.08
15612,512,512,512,5160.33
15414,512,512,512,4618.43
10938,512,512,512,3871.86
48981,2048,512,512,5946.1
34082,512,2048,512,7141.68
7091,512,512,512,2645.05
27698,512,512,512,7066.66
6302,512,512,512,2288.06
21599,512,512,512,6307.72
6119,512,512,512,2443.78
11183,512,512,512,3909.39
7324,512,512,512,2828.4
7750,512,512,512,2934.04
55048,2048,512,512,6439.25
35955,512,2048,512,7105.51
8454,512,512,512,3093.52
27387,512,512,512,7113.51
8560,512,512,512,3133.65
22070,512,512,512,6360.37
7508,512,512,512,2899.02
18737,512,512,512,5689.33
9838,512,512,512,3467.14
12906,512,512,512,4395.29
63204,2048,512,512,7148.64
40951,512,2048,512,7624.89
10143,512,512,512,3517.01
31538,512,512,512,7513.24
10640,512,512,512,3754.43
26736,512,512,512,7246.6
10085,512,512,512,3636.28
31635,512,512,512,7759.47
12905,512,512,512,4458.41
23675,512,512,512,6541.61
75648,2048,512,512,7930.66
51508,512,2048,512,7726.5
8793,512,512,512,3253.37
23635,512,512,512,6100.59
8673,512,512,512,3245.56
20949,512,512,512,5980.09
11498,512,512,512,3993.88
50919,512,512,512,9221.98
15955,512,512,512,5223.79
35619,512,512,512,8010.6
90763,2048,512,512,8748.9
66881,512,2048,512,7744.5
2012,512,512,512,899.532
9731,512,512,512,3003.54
2143,512,512,512,980.883
8160,512,512,512,3166.05
53936,2048,512,512,6202.6
37885,512,2048,512,7459.86
4860,512,512,512,2025.99
8693,512,512,512,3255.42
4594,512,512,512,1916.35
10765,512,512,512,3814.31
19771,2048,512,512,2858.73
11460,512,2048,512,3902.83
3116,512,512,512,1379.14
17085,512,512,512,5658.89
2706,512,512,512,1250.65
11679,512,512,512,4104.08
21492,2048,512,512,3096.73
12675,512,2048,512,4331.02
3128,512,512,512,1341.77
8602,512,512,512,3218.99
2649,512,512,512,1173.87
5842,512,512,512,2360.4
21069,2048,512,512,2968.77
12926,512,2048,512,3995
3130,512,512,512,1346.24
8456,512,512,512,3135.48
2888,512,512,512,1276.02
5920,512,512,512,2358.05
16569,2048,512,512,2422.42
10555,512,2048,512,3195.84
3975,512,512,512,1691.21
9829,512,512,512,3575.71
3688,512,512,512,1575.91
6880,512,512,512,2764.53
14652,2048,512,512,2189.04
9374,512,2048,512,2905.96
2878,512,512,512,1265.71
5607,512,512,512,2224.38
2627,512,512,512,1168.98
4187,512,512,512,1772.57
1251031,33288,512,512,7624.99
7994,512,512,512,2635.5
6230,512,512,512,2600.91
10825,512,512,512,2831.8
4266,512,512,512,1592.44
37336,2048,512,512,4729.58
28863,512,2048,512,6607.29
5646,512,512,512,2281.57
17872,512,512,512,5695.55
4679,512,512,512,1959.79
21603,512,512,512,6311.77
5126,512,512,512,2074.06
5757,512,512,512,2360.71
6474,512,512,512,2484.03
3865,512,512,512,1687.89
18332,2048,512,512,2691.86
14699,512,2048,512,4547.91
3668,512,512,512,1453.8
11791,512,512,512,4104.01
3797,512,512,512,1623.57
10070,512,512,512,3589.92
3401,512,512,512,1506.06
5162,512,512,512,2161.74
4111,512,512,512,1690.36
3691,512,512,512,1599.08
13036,2048,512,512,1970.84
9863,512,2048,512,3492.78
4359,512,512,512,1809.48
13924,512,512,512,4644.36
4174,512,512,512,1766.19
11995,512,512,512,4173.31
3302,512,512,512,1487.18
7543,512,512,512,2704.49
4222,512,512,512,1788.27
6012,512,512,512,2429.47
12635,2048,512,512,1948.76
9668,512,2048,512,3387.64
4405,512,512,512,1813.28
10699,512,512,512,3791.45
4559,512,512,512,1888.52
9516,512,512,512,3507.19
4352,512,512,512,1819.85
15753,512,512,512,5332.23
5559,512,512,512,2237.94
12052,512,512,512,4172.16
14538,2048,512,512,2181.04
11200,512,2048,512,3545.44
2258,512,512,512,1016.26
8183,512,512,512,3023.3
2408,512,512,512,1083.77
6857,512,512,512,2691.91
4500,512,512,512,1906.02
23566,512,512,512,6373.23
5989,512,512,512,2456.63
17053,512,512,512,5503.74
17556,2048,512,512,2531.16
14256,512,2048,512,3286.69
742,512,512,512,340.355
2728,512,512,512,1173.14
806,512,512,512,361.486
2370,512,512,512,1003.67
21989,2048,512,512,2960.86
16969,512,2048,512,5034.84
1040,512,512,512,452.789
6990,512,512,512,2617.29
971,512,512,512,445.397
10210,512,512,512,3754.86
4276,2048,512,512,649.262
3145,512,2048,512,1360.92
1083,512,512,512,475.309
7508,512,512,512,2779.53
989,512,512,512,450.826
5246,512,512,512,2016.18
3167,2048,512,512,504.607
2309,512,2048,512,930.14
1566,512,512,512,687.407
4323,512,512,512,1723.54
1368,512,512,512,621.046
3317,512,512,512,1325.14
2099,2048,512,512,345.848
1606,512,2048,512,717.264
1259,512,512,512,531.943
3983,512,512,512,1639.57
1243,512,512,512,522.767
2880,512,512,512,1190.7
1483,2048,512,512,236.821
1166,512,2048,512,471.26
827,512,512,512,372.405
1872,512,512,512,822.998
712,512,512,512,331.464
1394,512,512,512,629.057
1887,2048,512,512,301.374
1200,512,2048,512,518.568
419,512,512,512,195.274
812,512,512,512,342.345
391,512,512,512,179.899
645,512,512,512,301.479
584680,33288,512,512,4487.69
131072,512,512,512,11868.4
131072,512,512,512,11766.9
131072,512,512,512,11830.4
131072,512,512,512,12009
524288,2048,512,512,13345.6
524288,512,2048,512,12518.6
131072,512,512,512,11453.2
131072,512,512,512,11947.9
131072,512,512,512,11591.7
131072,512,512,512,11582.1
131072,512,512,512,11847.5
131072,512,512,512,11583.7
131072,512,512,512,11736.8
131072,512,512,512,11976
524288,2048,512,512,13350.2
524288,512,2048,512,12670.3
131072,512,512,512,11480.2
131072,512,512,512,11632.7
131072,512,512,512,11875.2
131072,512,512,512,11749.6
131071,512,512,512,11819
131072,512,512,512,11829.5
131072,512,512,512,11992.3
131072,512,512,512,11872.6
524288,2048,512,512,13343.8
524288,512,2048,512,12620.7
131072,512,512,512,11787.1
131072,512,512,512,12024.5
131072,512,512,512,11851.7
131072,512,512,512,11816.2
131072,512,512,512,11786.3
131072,512,512,512,11788
131072,512,512,512,11694.3
131072,512,512,512,11917.3
524288,2048,512,512,13397.5
524287,512,2048,512,12776.4
131072,512,512,512,11858.4
131072,512,512,512,11700.4
131072,512,512,512,11951.3
131072,512,512,512,11934.3
131072,512,512,512,11687.4
131072,512,512,512,11780.1
131072,512,512,512,11880.2
131072,512,512,512,12052.2
524288,2048,512,512,13352.3
524288,512,2048,512,12857.5
131072,512,512,512,11859.2
131072,512,512,512,11819.1
131072,512,512,512,11922.8
131072,512,512,512,11921.1
131072,512,512,512,11870.5
131072,512,512,512,11890.3
131072,512,512,512,11857.1
131072,512,512,512,11912.7
524288,2048,512,512,13331.8
524288,512,2048,512,12703.3
131072,512,512,512,11839.1
131072,512,512,512,11822.4
131072,512,512,512,11823.7
131072,512,512,512,11727.8
524288,2048,512,512,13139.1
524288,512,2048,512,11967.2
131072,512,512,512,11175.1
131072,512,512,512,11073
131072,512,512,512,11444.6
131072,512,512,512,11366.7
524288,2048,512,512,13309.2
524288,512,2048,512,12283
131072,512,512,512,11534.3
131072,512,512,512,11519.3
131072,512,512,512,11781.3
131072,512,512,512,11965.8
524288,2048,512,512,13333.2
524288,512,2048,512,12525.6
131072,512,512,512,11851.7
131072,512,512,512,11622.6
131072,512,512,512,11847.1
131072,512,512,512,11947
524288,2048,512,512,13342.9
524288,512,2048,512,12669
131072,512,512,512,11884
131072,512,512,512,11760.3
131072,512,512,512,11788
131072,512,512,512,11947.9
524288,2048,512,512,13347.8
524288,512,2048,512,12644.5
131072,512,512,512,11889.5
131072,512,512,512,11753.7
131072,512,512,512,11740.5
131072,512,512,512,11831.2
524288,2048,512,512,13341.7
524288,512,2048,512,12831.6
131072,512,512,512,11833.7
131072,512,512,512,11716.3
131072,512,512,512,11814.9
131072,512,512,512,11932.2
8521728,33288,512,512,14234.6
104857,512,512,512,13585.4
104857,512,512,512,13488.5
104857,512,512,512,13452.6
104857,512,512,512,13663.5
419430,2048,512,512,14595.2
419430,512,2048,512,14830.7
104857,512,512,512,13199.9
104857,512,512,512,13466.8
104857,512,512,512,13443.9
104857,512,512,512,13376.2
104857,512,512,512,13672.6
104857,512,512,512,13754.6
104857,512,512,512,13740.5
104857,512,512,512,13638.5
419430,2048,512,512,14693.7
419430,512,2048,512,15110.6
104857,512,512,512,13267.8
104857,512,512,512,13558
104857,512,512,512,13554.5
104857,512,512,512,13504.7
104857,512,512,512,13608.1
104856,512,512,512,13650.9
104857,512,512,512,13547.7
104857,512,512,512,13366.9
419430,2048,512,512,14655.2
419430,512,2048,512,15149.1
104857,512,512,512,13712.4
104857,512,512,512,13651
104857,512,512,512,13630.2
104857,512,512,512,13303.3
104857,512,512,512,13666.3
104857,512,512,512,13792
104857,512,512,512,13653.1
104857,512,512,512,13791.3
419429,2048,512,512,14716.4
419429,512,2048,512,15145.3
104857,512,512,512,13629.5
104857,512,512,512,13660.1
104857,512,512,512,13419
104857,512,512,512,13265.8
104857,512,512,512,13658
104857,512,512,512,13683
104857,512,512,512,13690
104857,512,512,512,13726.4
419430,2048,512,512,14652.6
419430,512,2048,512,15081.9
104857,512,512,512,13667.7
104857,512,512,512,13572.3
104857,512,512,512,13536.1
104857,512,512,512,13472.2
104857,512,512,512,13805.5
104857,512,512,512,13570.3
104857,512,512,512,13750.3
104857,512,512,512,14019.6
419430,2048,512,512,14618.9
419430,512,2048,512,14975.3
104857,512,512,512,13624
104857,512,512,512,13335.7
104857,512,512,512,13751
104857,512,512,512,13369.6
419430,2048,512,512,14878.8
419430,512,2048,512,14308.7
104857,512,512,512,13052.9
104857,512,512,512,12955.3
104857,512,512,512,13072.7
104857,512,512,512,13107.1
419430,2048,512,512,14771.5
419430,512,2048,512,14309.5
104857,512,512,512,13450.6
104857,512,512,512,12877.6
104857,512,512,512,13571.7
104857,512,512,512,13729.9
419430,2048,512,512,14704.9
419430,512,2048,512,14568.5
104857,512,512,512,13596.4
104857,512,512,512,13151.4
104857,512,512,512,13523.1
104857,512,512,512,13560.7
419430,2048,512,512,14654.4
419430,512,2048,512,14567.9
104857,512,512,512,13664.9
104857,512,512,512,13388.9
104857,512,512,512,13773.6
104857,512,512,512,13477.6
419429,2048,512,512,14701.7
419430,512,2048,512,14795.9
104857,512,512,512,13725.7
104857,512,512,512,13384.2
104857,512,512,512,13624
104857,512,512,512,13411
419430,2048,512,512,14730.6
419430,512,2048,512,12238
104857,512,512,512,11531.7
104857,512,512,512,11337.3
104857,512,512,512,11618.5
104857,512,512,512,11517.3
6817381,33288,512,512,13937.6
78643,512,512,512,10475.4
78642,512,512,512,10585.9
78643,512,512,512,10467.2
78643,512,512,512,10465.6
314572,2048,512,512,12049
314572,512,2048,512,12097.7
78643,512,512,512,10198.4
78643,512,512,512,10216
78643,512,512,512,10358.4
78643,512,512,512,10411.4
78643,512,512,512,10411.4
78643,512,512,512,10652.7
78643,512,512,512,10631.4
78643,512,512,512,10396.9
314572,2048,512,512,12049.1
314571,512,2048,512,12083.3
78643,512,512,512,10316
78643,512,512,512,10656.1
78643,512,512,512,10126.6
78643,512,512,512,10279.6
78643,512,512,512,10482.5
78643,512,512,512,10673.6
78643,512,512,512,10814.1
78643,512,512,512,10419.5
314572,2048,512,512,12031.3
314572,512,2048,512,12130.3
78643,512,512,512,10460.7
78643,512,512,512,10591.7
78643,512,512,512,10501.6
78643,512,512,512,10168.5
78643,512,512,512,10703.1
78643,512,512,512,10552.8
78643,512,512,512,10449.3
78643,512,512,512,10746.6
314572,2048,512,512,12061.4
314572,512,2048,512,12079.3
78643,512,512,512,10633.6
78643,512,512,512,10461.8
78643,512,512,512,10461.2
78643,512,512,512,10479.2
78643,512,512,512,10767.8
78643,512,512,512,10663.5
78643,512,512,512,10651.6
78643,512,512,512,10694
314572,2048,512,512,12028.6
314572,512,2048,512,11994.6
78643,512,512,512,10640.9
78643,512,512,512,10612.3
78643,512,512,512,10470.5
78643,512,512,512,10445.5
78643,512,512,512,10507.6
78643,512,512,512,10300.6
78643,512,512,512,10401.2
78643,512,512,512,10713.4
314572,2048,512,512,12047.2
314572,512,2048,512,11776.6
78643,512,512,512,10598.3
78643,512,512,512,10226.3
78643,512,512,512,10593.3
78643,512,512,512,10777
314572,2048,512,512,11994.2
314572,512,2048,512,11544.4
78643,512,512,512,10248.7
78643,512,512,512,10489.6
78643,512,512,512,10139.8
78643,512,512,512,10341.9
314572,2048,512,512,11988.5
314572,512,2048,512,11823.6
78643,512,512,512,10612.9
78643,512,512,512,10124.5
78643,512,512,512,10389.4
78643,512,512,512,10616.8
314572,2048,512,512,11980.5
314572,512,2048,512,11810.1
78643,512,512,512,10299.6
78643,512,512,512,10343
78643,512,512,512,10456.9
78643,512,512,512,10415.8
314572,2048,512,512,12129
314571,512,2048,512,11896.6
78643,512,512,512,10397.5
78643,512,512,512,10321.8
78643,512,512,512,10312.8
78643,512,512,512,10339.3
314572,2048,512,512,12035.6
314572,512,2048,512,11898.9
78643,512,512,512,10545.6
78643,512,512,512,10568.9
78643,512,512,512,10537.9
78643,512,512,512,10248.2
314572,2048,512,512,12006
314572,512,2048,512,11982.1
78643,512,512,512,10511.5
78643,512,512,512,10391.6
78643,512,512,512,10568.3
78643,512,512,512,10256.6
5113037,33288,512,512,13312.4
52428,512,512,512,9299.22
52428,512,512,512,8809.11
52428,512,512,512,9370.64
52428,512,512,512,9278.01
209715,2048,512,512,11219.4
209715,512,2048,512,11535.7
52428,512,512,512,9112.34
52428,512,512,512,9014.42
52428,512,512,512,9110.49
52428,512,512,512,9267.12
52428,512,512,512,9226.98
52428,512,512,512,8944.73
52428,512,512,512,9224.45
52428,512,512,512,9369.33
209715,2048,512,512,11225.5
209715,512,2048,512,11639.5
52428,512,512,512,9355.62
52428,512,512,512,9385.71
52428,512,512,512,9358.88
52428,512,512,512,9242.23
52428,512,512,512,9236.51
52428,512,512,512,9567.7
52428,512,512,512,9256.89
52428,512,512,512,9378.5
209715,2048,512,512,11172
209715,512,2048,512,11572
52428,512,512,512,9429.23
52428,512,512,512,9551.36
52428,512,512,512,9231.42
52428,512,512,512,9296
52428,512,512,512,9341.29
52428,512,512,512,9153.98
52428,512,512,512,9659.97
52428,512,512,512,9479.18
209715,2048,512,512,11272.2
209715,512,2048,512,11434.5
52428,512,512,512,9465.81
52428,512,512,512,9281.22
52428,512,512,512,9248.6
52428,512,512,512,9194.11
52428,512,512,512,9512.1
52428,512,512,512,9283.78
52428,512,512,512,9314.71
52428,512,512,512,9435.2
209715,2048,512,512,11214
209715,512,2048,512,11616
52428,512,512,512,9510.07
52428,512,512,512,9286.35
52428,512,512,512,9508.05
52428,512,512,512,9247.33
52428,512,512,512,9535.75
52428,512,512,512,9404.13
52428,512,512,512,9383.74
52428,512,512,512,9580.68
209715,2048,512,512,11164.3
209715,512,2048,512,11225.5
52428,512,512,512,9484.54
52428,512,512,512,9180.91
52428,512,512,512,9650.25
52428,512,512,512,9527.63
209715,2048,512,512,11371.2
209715,512,2048,512,11470.9
52428,512,512,512,9600.55
52428,512,512,512,9467.81
52428,512,512,512,9263.28
52428,512,512,512,9299.22
209715,2048,512,512,11256.1
209715,512,2048,512,11474.5
52428,512,512,512,9221.91
52428,512,512,512,9185.93
52428,512,512,512,9396.88
52428,512,512,512,9665.54
209715,2048,512,512,11301.8
209715,512,2048,512,11546.8
52428,512,512,512,9541.85
52428,512,512,512,9620.5
52428,512,512,512,9419.97
52428,512,512,512,9427.91
209715,2048,512,512,11052.2
209715,512,2048,512,11538.7
52428,512,512,512,9595.06
52428,512,512,512,9486.55
52428,512,512,512,9522.89
52428,512,512,512,9504.01
209715,2048,512,512,11184.8
209715,512,2048,512,11475.8
52428,512,512,512,9532.36
52428,512,512,512,9442.5
52428,512,512,512,9576.57
52428,512,512,512,9455.14
209715,2048,512,512,11164.6
209715,512,2048,512,11393.9
52428,512,512,512,9467.81
52428,512,512,512,9343.24
52428,512,512,512,9068.63
52428,512,512,512,9474.49
3408691,33288,512,512,12243.2
26214,512,512,512,7217.45
26214,512,512,512,6302.98
26214,512,512,512,7201.96
26214,512,512,512,7087.11
104857,2048,512,512,9651.03
104857,512,2048,512,10185.3
26214,512,512,512,7009.38
26214,512,512,512,6452.06
26214,512,512,512,7152.07
26214,512,512,512,6822.68
26214,512,512,512,7011.58
26214,512,512,512,6768.31
26214,512,512,512,7139.13
26214,512,512,512,6900.55
104857,2048,512,512,9549.75
104857,512,2048,512,10353.1
26214,512,512,512,7074.41
26214,512,512,512,6851.24
26214,512,512,512,6687.38
26214,512,512,512,7004.26
26214,512,512,512,7025.53
26214,512,512,512,7140.65
26214,512,512,512,7037.31
26214,512,512,512,7098.35
104857,2048,512,512,9575.64
104857,512,2048,512,10195
26214,512,512,512,7041.75
26214,512,512,512,6826.84
26214,512,512,512,7038.05
26214,512,512,512,6886.39
26214,512,512,512,6882.15
26214,512,512,512,6804
26214,512,512,512,6840.76
26214,512,512,512,7013.05
104857,2048,512,512,9560.97
104857,512,2048,512,10071.4
26214,512,512,512,7111.9
26214,512,512,512,6706.09
26214,512,512,512,6877.92
26214,512,512,512,6751.29
26214,512,512,512,7165.05
26214,512,512,512,7117.17
26214,512,512,512,6966.45
26214,512,512,512,7135.34
104857,2048,512,512,9537.54
104857,512,2048,512,10302.6
26214,512,512,512,6896.29
26214,512,512,512,6917.62
26214,512,512,512,6889.22
26214,512,512,512,7101.36
26214,512,512,512,6883.56
26214,512,512,512,6804.69
26214,512,512,512,6849.14
26214,512,512,512,6847.04
104857,2048,512,512,9659.02
104857,512,2048,512,9208.71
26214,512,512,512,6992.59
26214,512,512,512,6697.39
26214,512,512,512,7226.78
26214,512,512,512,6876.51
104857,2048,512,512,9617.15
104857,512,2048,512,10043.2
26214,512,512,512,6929.76
26214,512,512,512,6934.78
26214,512,512,512,7103.61
26214,512,512,512,6684.71
104857,2048,512,512,9698.81
104857,512,2048,512,9875.79
26214,512,512,512,7161.99
26214,512,512,512,6740.44
26214,512,512,512,6957.06
26214,512,512,512,6853.33
104857,2048,512,512,9417.74
104857,512,2048,512,10179.1
26214,512,512,512,6817.82
26214,512,512,512,6530.54
26214,512,512,512,6870.17
26214,512,512,512,7049.14
104857,2048,512,512,9221.37
104857,512,2048,512,9987.5
26214,512,512,512,6950.58
26214,512,512,512,6676.73
26214,512,512,512,6842.85
26214,512,512,512,6915.48
104857,2048,512,512,9516.57
104857,512,2048,512,9978.59
26214,512,512,512,7006.46
26214,512,512,512,6756.05
26214,512,512,512,6881.44
26214,512,512,512,6809.52
104857,2048,512,512,9654.51
104857,512,2048,512,10017.3
26214,512,512,512,6916.2
26214,512,512,512,6231
26214,512,512,512,7028.47
26214,512,512,512,6874.4
1704346,33288,512,512,9403.65
13107,512,512,512,4558.96
13107,512,512,512,3873.69
13107,512,512,512,4582.62
13107,512,512,512,4464.33
52428,2048,512,512,6044.39
52428,512,2048,512,8334.82
13107,512,512,512,4602.73
13107,512,512,512,4077.52
13107,512,512,512,4554.01
13107,512,512,512,4655.74
13107,512,512,512,4516.61
13107,512,512,512,4295.18
13107,512,512,512,4499.65
13107,512,512,512,4535.54
52428,2048,512,512,6178.79
52428,512,2048,512,8184.88
13107,512,512,512,4731.9
13107,512,512,512,4089.95
13107,512,512,512,4735.24
13107,512,512,512,4382.7
13107,512,512,512,4563.92
13107,512,512,512,4065.17
13107,512,512,512,4456.03
13107,512,512,512,4580.74
52428,2048,512,512,6119.91
52428,512,2048,512,8334.31
13107,512,512,512,4464.33
13107,512,512,512,4299.58
13107,512,512,512,4365.02
13107,512,512,512,4465.52
13107,512,512,512,4529.42
13107,512,512,512,4443.05
13107,512,512,512,4506.91
13107,512,512,512,4494.83
52428,2048,512,512,6165.73
52427,512,2048,512,8166.8
13107,512,512,512,4549.07
13107,512,512,512,4250.02
13107,512,512,512,4508.72
13107,512,512,512,4563.3
13107,512,512,512,4560.2
13107,512,512,512,4198.44
13107,512,512,512,4469.68
13107,512,512,512,4414.41
52428,2048,512,512,6212.54
52428,512,2048,512,8439.11
13107,512,512,512,4528.81
13107,512,512,512,4119.07
13107,512,512,512,4455.44
13107,512,512,512,4463.14
13107,512,512,512,4519.05
13107,512,512,512,4482.82
13107,512,512,512,4410.35
13107,512,512,512,4511.15
52428,2048,512,512,6150.19
52428,512,2048,512,7308.23
13107,512,512,512,4482.82
13107,512,512,512,3703.52
13107,512,512,512,4463.14
13107,512,512,512,4451.89
52428,2048,512,512,5980.29
52428,512,2048,512,8430.63
13107,512,512,512,4497.24
13107,512,512,512,4084.97
13107,512,512,512,4603.36
13107,512,512,512,4057.31
52428,2048,512,512,6110.16
52427,512,2048,512,8440.55
13107,512,512,512,4431.9
13107,512,512,512,4179.61
13107,512,512,512,4562.06
13107,512,512,512,4491.22
52427,2048,512,512,5959.46
52428,512,2048,512,8115.1
13107,512,512,512,4519.05
13107,512,512,512,4384.41
13107,512,512,512,4503.28
13107,512,512,512,4489.42
52428,2048,512,512,6105.71
52428,512,2048,512,8010.49
13107,512,512,512,4481.62
13107,512,512,512,4490.02
13107,512,512,512,4299.03
13107,512,512,512,4508.72
52428,2048,512,512,6305.35
52428,512,2048,512,8487.14
13107,512,512,512,4659.62
13107,512,512,512,4071.58
13107,512,512,512,4608.42
13107,512,512,512,4534.93
52428,2048,512,512,6222.62
52428,512,2048,512,7979.06
13107,512,512,512,4461.36
13107,512,512,512,4201.59
13107,512,512,512,4511.75
13107,512,512,512,4568.89
852171,33288,512,512,5953.64
5242,512,512,512,2228.42
5242,512,512,512,1690.54
5242,512,512,512,2198.12
5242,512,512,512,2229.9
20971,2048,512,512,2812.54
20971,512,2048,512,5126.11
5242,512,512,512,2190.58
5242,512,512,512,1990.44
5242,512,512,512,2213.71
5242,512,512,512,2153.67
5242,512,512,512,2188.44
5242,512,512,512,2101.73
5242,512,512,512,2173.91
5242,512,512,512,2133.13
20971,2048,512,512,2939.27
20971,512,2048,512,5089.18
5242,512,512,512,2214.08
5242,512,512,512,2168.99
5242,512,512,512,2146.78
5242,512,512,512,2137.89
5242,512,512,512,2206.07
5242,512,512,512,1995.76
5242,512,512,512,2174.96
5242,512,512,512,2275.65
20971,2048,512,512,3017.07
20971,512,2048,512,5231
5242,512,512,512,2194.17
5242,512,512,512,2164.44
5242,512,512,512,2197.04
5242,512,512,512,2144.38
5242,512,512,512,2255.38
5242,512,512,512,2093.2
5242,512,512,512,2253.49
5242,512,512,512,2224.72
20971,2048,512,512,3007.61
20971,512,2048,512,5579.48
5242,512,512,512,2205.34
5242,512,512,512,2074.76
5242,512,512,512,2240.69
5242,512,512,512,2248.58
5242,512,512,512,2173.2
5242,512,512,512,2038.51
5242,512,512,512,2256.52
5242,512,512,512,2256.14
20971,2048,512,512,3025.06
20971,512,2048,512,5485.42
5242,512,512,512,2214.08
5242,512,512,512,2149.88
5242,512,512,512,2171.09
5242,512,512,512,2237.71
5242,512,512,512,2226.94
5242,512,512,512,2218.47
5242,512,512,512,2276.04
5242,512,512,512,2253.11
20971,2048,512,512,2984.37
20971,512,2048,512,4874.32
5242,512,512,512,2240.32
5242,512,512,512,1793.09
5242,512,512,512,2236.59
5242,512,512,512,2207.16
20971,2048,512,512,2980.89
20971,512,2048,512,5529.48
5242,512,512,512,2154.02
5242,512,512,512,2178.14
5242,512,512,512,2040.06
5242,512,512,512,2051.6
20971,2048,512,512,2913.27
20971,512,2048,512,5403.7
5242,512,512,512,2214.81
5242,512,512,512,1942.04
5242,512,512,512,2162
5242,512,512,512,2195.96
20971,2048,512,512,2953.01
20971,512,2048,512,5162.59
5242,512,512,512,2204.26
5242,512,512,512,2003.81
5242,512,512,512,2215.17
5242,512,512,512,2266.81
20971,2048,512,512,2823.63
20971,512,2048,512,5223.87
5242,512,512,512,2214.81
5242,512,512,512,1987.49
5242,512,512,512,2183.1
5242,512,512,512,2175.32
20970,2048,512,512,2860.97
20971,512,2048,512,5219.3
5242,512,512,512,2208.25
5242,512,512,512,2194.17
5242,512,512,512,2221.04
5242,512,512,512,2237.33
20971,2048,512,512,2950.58
20971,512,2048,512,4871.67
5242,512,512,512,2167.94
5242,512,512,512,1918.72
5242,512,512,512,2145.41
5242,512,512,512,2095.16
340867,33288,512,512,2965.57
131072,512,512,512,12002.2
131072,512,512,512,11995.7
131072,512,512,512,12091.7
131072,512,512,512,12122.7
524288,2048,512,512,13433.1
524288,512,2048,512,13067.1
131072,512,512,512,12076.9
131072,512,512,512,11976
131072,512,512,512,12066.5
131072,512,512,512,12056.5
131072,512,512,512,11908.4
131072,512,512,512,12078.6
131072,512,512,512,12005.2
131072,512,512,512,11945.3
524288,2048,512,512,13401.4
524288,512,2048,512,13052.1
131072,512,512,512,11999.2
131072,512,512,512,12015.9
131072,512,512,512,11955.5
131072,512,512,512,12104.3
131072,512,512,512,12157.8
131072,512,512,512,12133.7
131072,512,512,512,11962.4
131072,512,512,512,12005.6
524288,2048,512,512,13414.1
524288,512,2048,512,13026.4
131072,512,512,512,12093
131072,512,512,512,12017.2
131072,512,512,512,12037.9
131072,512,512,512,12087.3
131072,512,512,512,12068.6
131072,512,512,512,12091.3
131072,512,512,512,12133.2
131072,512,512,512,12169.7
524288,2048,512,512,13424.5
524288,512,2048,512,13086.6
131072,512,512,512,11939.8
131072,512,512,512,12097.4
131072,512,512,512,12070.4
131072,512,512,512,12048.3
131072,512,512,512,12015
131072,512,512,512,12027.5
131072,512,512,512,12096.9
131072,512,512,512,11969.6
524288,2048,512,512,13399.8
524288,512,2048,512,13024
131072,512,512,512,12118.3
131072,512,512,512,12135.9
131072,512,512,512,11987.6
131072,512,512,512,11927.9
131072,512,512,512,12076.5
131072,512,512,512,11850.4
131072,512,512,512,11906.3
131072,512,512,512,12000.9
524288,2048,512,512,13384.6
524288,512,2048,512,13046.8
131072,512,512,512,12066.9
131072,512,512,512,12051.3
131072,512,512,512,12108.3
131072,512,512,512,12107.8
524288,2048,512,512,13452.7
524288,512,2048,512,12840
131072,512,512,512,12013.3
131072,512,512,512,11940.2
131072,512,512,512,12093.9
131072,512,512,512,12115.3
524288,2048,512,512,13474.6
524288,512,2048,512,12973.7
131072,512,512,512,12107.4
131072,512,512,512,12058.2
131072,512,512,512,12011.6
131072,512,512,512,11988.4
524288,2048,512,512,13462
524288,512,2048,512,12979.2
131072,512,512,512,12044.4
131072,512,512,512,11985.9
131072,512,512,512,11648
131072,512,512,512,11860.9
524288,2048,512,512,13434.4
524288,512,2048,512,12955.4
131072,512,512,512,12171.1
131072,512,512,512,12090.8
131072,512,512,512,12164.9
131072,512,512,512,12089.5
524288,2048,512,512,13389.8
524288,512,2048,512,13013.5
131072,512,512,512,11957.2
131072,512,512,512,12139.4
131072,512,512,512,11973.9
131072,512,512,512,12043.1
524288,2048,512,512,13426.2
524288,512,2048,512,13093.4
131072,512,512,512,11954.3
131072,512,512,512,12166.7
131072,512,512,512,12132.8
131072,512,512,512,12012.5
8521728,33288,512,512,14297.6
104857,512,512,512,11587.9
104857,512,512,512,11720
104857,512,512,512,11697.5
104857,512,512,512,11633.1
419430,2048,512,512,12683.6
419430,512,2048,512,12800.8
104857,512,512,512,11468.1
104857,512,512,512,11618
104857,512,512,512,11593.4
104857,512,512,512,11639.2
104857,512,512,512,11712.3
104857,512,512,512,11518.3
104857,512,512,512,11641.7
104857,512,512,512,11698.5
419430,2048,512,512,12689.6
419431,512,2048,512,12991.1
104857,512,512,512,11687.8
104857,512,512,512,11728.2
104857,512,512,512,11581.4
104857,512,512,512,11650.3
104857,512,512,512,11517.8
104857,512,512,512,11631.1
104857,512,512,512,11565.4
104857,512,512,512,11641.7
419430,2048,512,512,12699.2
419430,512,2048,512,12947.9
104857,512,512,512,11550.5
104857,512,512,512,11480.9
104857,512,512,512,11715.9
104857,512,512,512,11529.7
104857,512,512,512,11688.8
104857,512,512,512,11649.3
104857,512,512,512,11619
104857,512,512,512,11654.8
419430,2048,512,512,12750.8
419430,512,2048,512,12889.1
104857,512,512,512,11596.9
104857,512,512,512,11688.3
104857,512,512,512,11480.9
104857,512,512,512,11796.2
104857,512,512,512,11671
104857,512,512,512,11520.3
104857,512,512,512,11511.9
104857,512,512,512,11574.4
419430,2048,512,512,12713.9
419430,512,2048,512,12879.5
104857,512,512,512,11618.5
104857,512,512,512,11583.9
104857,512,512,512,11684.2
104857,512,512,512,11534.6
104857,512,512,512,11703.6
104857,512,512,512,11721.5
104857,512,512,512,11651.3
104857,512,512,512,11562
419430,2048,512,512,12700.8
419430,512,2048,512,12952.7
104857,512,512,512,11713.3
104857,512,512,512,11461.7
104857,512,512,512,11711.3
104857,512,512,512,11615.5
419430,2048,512,512,12693.2
419430,512,2048,512,13005
104857,512,512,512,11476.4
104857,512,512,512,11694.4
104857,512,512,512,11581.4
104857,512,512,512,11521.8
419430,2048,512,512,12698.7
419430,512,2048,512,12857.9
104857,512,512,512,11500
104857,512,512,512,11519.3
104857,512,512,512,11667.5
104857,512,512,512,11563.9
419430,2048,512,512,12775.8
419430,512,2048,512,12990.6
104857,512,512,512,11568.9
104857,512,512,512,11509.9
104857,512,512,512,11508.4
104857,512,512,512,11682.2
419430,2048,512,512,12743
419430,512,2048,512,12822.5
104857,512,512,512,11530.2
104857,512,512,512,11837.8
104857,512,512,512,11683.7
104857,512,512,512,11582.4
419430,2048,512,512,12719.2
419430,512,2048,512,13042.4
104857,512,512,512,11619
104857,512,512,512,11095.1
104857,512,512,512,11386.9
104857,512,512,512,11565.4
419430,2048,512,512,12699
419430,512,2048,512,12918.7
104857,512,512,512,11555
104857,512,512,512,11686.8
104857,512,512,512,11596.4
104857,512,512,512,11613
6817382,33288,512,512,13907
78643,512,512,512,10762.1
78643,512,512,512,10714.5
78643,512,512,512,10781.1
78643,512,512,512,10767.8
314572,2048,512,512,12053.8
314572,512,2048,512,12382.6
78643,512,512,512,10694
78643,512,512,512,10611.2
78643,512,512,512,10854.9
78643,512,512,512,10897.2
78643,512,512,512,10836.2
78643,512,512,512,10950.6
78643,512,512,512,10764.4
78643,512,512,512,10685
314572,2048,512,512,12029.3
314572,512,2048,512,12428.7
78643,512,512,512,10612.3
78643,512,512,512,10711.1
78643,512,512,512,10673.6
78643,512,512,512,10840.9
78643,512,512,512,10821.1
78643,512,512,512,10846.1
78643,512,512,512,10836.8
78643,512,512,512,10654.4
314572,2048,512,512,11993
314572,512,2048,512,12288.3
78643,512,512,512,10631.9
78643,512,512,512,10652.7
78643,512,512,512,10804.8
78643,512,512,512,10839.1
78643,512,512,512,10876
78643,512,512,512,10840.9
78643,512,512,512,10901.3
78643,512,512,512,10803.1
314572,2048,512,512,12028.1
314572,512,2048,512,12366.8
78643,512,512,512,10717.4
78643,512,512,512,10761.5
78643,512,512,512,10655
78643,512,512,512,10722.5
78643,512,512,512,10642
78643,512,512,512,10819.3
78643,512,512,512,10915.5
78643,512,512,512,10670.2
314572,2048,512,512,12011.4
314572,512,2048,512,12462.5
78643,512,512,512,10585.5
78643,512,512,512,10653.3
78643,512,512,512,10712.8
78643,512,512,512,10727.7
78643,512,512,512,10746
78643,512,512,512,10758
78643,512,512,512,10837.4
78643,512,512,512,10856.7
314572,2048,512,512,12020
314572,512,2048,512,12336
78643,512,512,512,10811.8
78643,512,512,512,10835.1
78643,512,512,512,10558.3
78643,512,512,512,10665.7
314572,2048,512,512,12066.8
314572,512,2048,512,12330.3
78643,512,512,512,10651
78643,512,512,512,10698
78643,512,512,512,10635.3
78643,512,512,512,10711.7
314572,2048,512,512,12010.3
314572,512,2048,512,12510.6
78643,512,512,512,10910.8
78643,512,512,512,10793.8
78643,512,512,512,10671.4
78643,512,512,512,10681.6
314572,2048,512,512,12020.5
314572,512,2048,512,12370.1
78643,512,512,512,10795
78643,512,512,512,10656.1
78643,512,512,512,10534
78643,512,512,512,10630.2
314572,2048,512,512,12022.7
314572,512,2048,512,12495.8
78643,512,512,512,10693.5
78643,512,512,512,10709.4
78643,512,512,512,10653.3
78643,512,512,512,10734.5
314572,2048,512,512,12021.4
314572,512,2048,512,12452.1
78643,512,512,512,10731.1
78643,512,512,512,10681.6
78643,512,512,512,10842.6
78643,512,512,512,10807.7
314572,2048,512,512,12068.1
314572,512,2048,512,12232.9
78643,512,512,512,10896.6
78643,512,512,512,10862.5
78643,512,512,512,10696.9
78643,512,512,512,10798.4
5113038,33288,512,512,13351.3
52428,512,512,512,9779.63
52428,512,512,512,9676.69
52428,512,512,512,9573.16
52428,512,512,512,9461.8
209715,2048,512,512,11320.9
209715,512,2048,512,11702.4
52428,512,512,512,9475.83
52428,512,512,512,9471.15
52428,512,512,512,9599.86
52428,512,512,512,9648.17
52428,512,512,512,9532.36
52428,512,512,512,9512.77
52428,512,512,512,9561.56
52428,512,512,512,9594.37
209715,2048,512,512,11423.5
209715,512,2048,512,11716.7
52428,512,512,512,9543.89
52428,512,512,512,9459.14
52428,512,512,512,9646.09
52428,512,512,512,9768.95
52428,512,512,512,9322.48
52428,512,512,512,9775.36
52428,512,512,512,9796.05
52428,512,512,512,9623.96
209715,2048,512,512,11368.1
209715,512,2048,512,11820.9
52428,512,512,512,9298.58
52428,512,512,512,9744.84
52428,512,512,512,9573.16
52428,512,512,512,9404.78
52428,512,512,512,9230.15
52428,512,512,512,9387.68
52428,512,512,512,9456.47
52428,512,512,512,9538.46
209715,2048,512,512,11342.2
209715,512,2048,512,11846
52428,512,512,512,9252.43
52428,512,512,512,9440.51
52428,512,512,512,9575.21
52428,512,512,512,9410.06
52428,512,512,512,9526.95
52428,512,512,512,9483.87
52428,512,512,512,9518.84
52428,512,512,512,9783.2
209715,2048,512,512,11384.3
209715,512,2048,512,11874.5
52428,512,512,512,9471.82
52428,512,512,512,9428.57
52428,512,512,512,9357.57
52428,512,512,512,9336.74
52428,512,512,512,9556.8
52428,512,512,512,9326.36
52428,512,512,512,9534.39
52428,512,512,512,9502
209715,2048,512,512,11352.7
209715,512,2048,512,11790.8
52428,512,512,512,9372.6
52428,512,512,512,9493.26
52428,512,512,512,9545.92
52428,512,512,512,9451.14
209716,2048,512,512,11324.3
209715,512,2048,512,11666.5
52428,512,512,512,9512.77
52428,512,512,512,9522.22
52428,512,512,512,9699.07
52428,512,512,512,9803.92
209715,2048,512,512,11391
209715,512,2048,512,11641
52428,512,512,512,9699.07
52428,512,512,512,9502.67
52428,512,512,512,9593
52428,512,512,512,9680.88
209715,2048,512,512,11335.2
209715,512,2048,512,11767.3
52428,512,512,512,9638.47
52428,512,512,512,9321.83
52428,512,512,512,9734.24
52428,512,512,512,9588.2
209715,2048,512,512,11398.3
209715,512,2048,512,11623.6
52428,512,512,512,9597.8
52428,512,512,512,9431.22
52428,512,512,512,9497.29
52428,512,512,512,9356.92
209715,2048,512,512,11341.7
209715,512,2048,512,11714.1
52428,512,512,512,9573.16
52429,512,512,512,9555.62
52428,512,512,512,9646.78
52428,512,512,512,9543.89
209715,2048,512,512,11369.3
209715,512,2048,512,11634.9
52428,512,512,512,9489.23
52428,512,512,512,9379.81
52428,512,512,512,9591.63
52428,512,512,512,9425.92
3408692,33288,512,512,12344
26214,512,512,512,6828.92
26214,512,512,512,6980.95
26214,512,512,512,6892.75
26214,512,512,512,7190.38
104857,2048,512,512,9496.04
104857,512,2048,512,10579.1
26214,512,512,512,7064.73
26214,512,512,512,6893.46
26214,512,512,512,6902.68
26214,512,512,512,6941.23
26214,512,512,512,6742.47
26214,512,512,512,7066.21
26214,512,512,512,7083.37
26214,512,512,512,7053.59
104857,2048,512,512,9534.15
104857,512,2048,512,10397.6
26214,512,512,512,7114.16
26214,512,512,512,6976.59
26214,512,512,512,6842.15
26214,512,512,512,6756.05
26214,512,512,512,7206.6
26214,512,512,512,6953.46
26214,512,512,512,6771.73
26214,512,512,512,6817.13
104857,2048,512,512,9556.89
104857,512,2048,512,10569.9
26214,512,512,512,6964.28
26214,512,512,512,7083.37
26214,512,512,512,6821.29
26214,512,512,512,6806.76
26214,512,512,512,6982.4
26214,512,512,512,7008.65
26214,512,512,512,6819.9
26214,512,512,512,7009.38
104857,2048,512,512,9508.14
104857,512,2048,512,10715.1
26214,512,512,512,7166.58
26214,512,512,512,6975.14
26214,512,512,512,6940.52
26214,512,512,512,6895.59
26214,512,512,512,6984.58
26214,512,512,512,6810.21
26214,512,512,512,6989.67
26214,512,512,512,6788.86
104857,2048,512,512,9440.26
104857,512,2048,512,10528.5
26214,512,512,512,7056.56
26214,512,512,512,6905.52
26214,512,512,512,6819.9
26214,512,512,512,7207.37
26214,512,512,512,6870.17
26214,512,512,512,6965.01
26214,512,512,512,7008.65
26214,512,512,512,7037.32
104857,2048,512,512,9589.32
104857,512,2048,512,10545.8
26214,512,512,512,7111.14
26214,512,512,512,7060.27
26214,512,512,512,6854.03
26214,512,512,512,6912.63
104857,2048,512,512,9552.47
104857,512,2048,512,10553.7
26214,512,512,512,6897.71
26214,512,512,512,7029.21
26214,512,512,512,6958.51
26214,512,512,512,6825.45
104857,2048,512,512,9443.25
104857,512,2048,512,10637.8
26214,512,512,512,6965.73
26214,512,512,512,7273.77
26214,512,512,512,7001.34
26214,512,512,512,7010.85
104857,2048,512,512,9496.37
104857,512,2048,512,10485.3
26214,512,512,512,6786.8
26214,512,512,512,7221.33
26214,512,512,512,6981.67
26214,512,512,512,6836.58
104857,2048,512,512,9580.77
104857,512,2048,512,10638.6
26214,512,512,512,7070.68
26214,512,512,512,6943.39
26214,512,512,512,6870.88
26214,512,512,512,6939.08
104857,2048,512,512,9360.6
104857,512,2048,512,10563.7
26214,512,512,512,7213.57
26214,512,512,512,7005.72
26214,512,512,512,6750.61
26214,512,512,512,7035.84
104857,2048,512,512,9559.95
104857,512,2048,512,10525.2
26214,512,512,512,7035.1
26214,512,512,512,6730.3
26214,512,512,512,6887.09
26214,512,512,512,7172.71
1704346,33288,512,512,9209.28
13107,512,512,512,4463.74
13107,512,512,512,4468.49
13107,512,512,512,4454.26
13107,512,512,512,4547.22
52428,2048,512,512,6089.09
52428,512,2048,512,8795.84
13107,512,512,512,4431.9
13107,512,512,512,4328.42
13107,512,512,512,4427.22
13107,512,512,512,4478.63
13107,512,512,512,4438.94
13107,512,512,512,4440.11
13107,512,512,512,4453.07
13107,512,512,512,4453.07
52428,2048,512,512,6006.25
52428,512,2048,512,9036.27
13107,512,512,512,4424.89
13107,512,512,512,4489.42
13107,512,512,512,4525.75
13107,512,512,512,4441.87
13107,512,512,512,4538.61
13107,512,512,512,4435.42
13107,512,512,512,4313.4
13107,512,512,512,4428.98
52428,2048,512,512,6041.4
52428,512,2048,512,8720.4
13107,512,512,512,4570.76
13107,512,512,512,4320.06
13107,512,512,512,4463.74
13107,512,512,512,4486.42
13107,512,512,512,4474.45
13107,512,512,512,4419.06
13107,512,512,512,4476.24
13107,512,512,512,4461.36
52428,2048,512,512,5968.32
52428,512,2048,512,8819.53
13107,512,512,512,4498.45
13107,512,512,512,4470.88
13107,512,512,512,4419.06
13107,512,512,512,4466.11
13107,512,512,512,4427.22
13107,512,512,512,4482.22
13107,512,512,512,4429.56
13107,512,512,512,4483.42
52428,2048,512,512,6037.05
52428,512,2048,512,8832.3
13107,512,512,512,4438.94
13107,512,512,512,4536.15
13107,512,512,512,4465.52
13107,512,512,512,4217.97
13107,512,512,512,4451.3
13107,512,512,512,4434.24
13107,512,512,512,4450.71
13107,512,512,512,4433.07
52428,2048,512,512,6076.41
52428,512,2048,512,8696.1
13107,512,512,512,4444.82
13107,512,512,512,4417.9
13107,512,512,512,4519.05
13107,512,512,512,4481.62
52428,2048,512,512,6020.53
52428,512,2048,512,8983.05
13107,512,512,512,4453.67
13107,512,512,512,4560.82
13107,512,512,512,4547.83
13107,512,512,512,4429.56
52428,2048,512,512,5982.69
52428,512,2048,512,8904.38
13107,512,512,512,4457.81
13107,512,512,512,4433.66
13107,512,512,512,4489.42
13107,512,512,512,4322.84
52428,2048,512,512,6055.02
52428,512,2048,512,8928.66
13107,512,512,512,4426.05
13107,512,512,512,4463.74
13107,512,512,512,4426.05
13107,512,512,512,4431.32
52428,2048,512,512,6023.23
52428,512,2048,512,8885.51
13107,512,512,512,4059.76
13107,512,512,512,4440.7
13107,512,512,512,4457.22
13107,512,512,512,4518.44
52428,2048,512,512,6004.37
52428,512,2048,512,8827.07
13107,512,512,512,4200.54
13107,512,512,512,4388.43
13107,512,512,512,4449.53
13107,512,512,512,4444.23
52428,2048,512,512,6011.9
52428,512,2048,512,8968.64
13107,512,512,512,4437.18
13107,512,512,512,4496.04
13107,512,512,512,4473.26
13107,512,512,512,4447.76
852173,33288,512,512,5538.59
5242,512,512,512,2238.83
5242,512,512,512,2208.61
5242,512,512,512,2226.57
5242,512,512,512,2220.67
20971,2048,512,512,3027.45
20971,512,2048,512,5693.69
5242,512,512,512,2228.42
5242,512,512,512,2188.44
5242,512,512,512,2227.31
5242,512,512,512,2242.57
5242,512,512,512,2163.74
5242,512,512,512,2227.68
5242,512,512,512,2241.07
5242,512,512,512,2219.57
20971,2048,512,512,3069.51
20971,512,2048,512,5903.43
5242,512,512,512,2261.08
5242,512,512,512,2225.46
5242,512,512,512,2233.98
5242,512,512,512,2228.42
5242,512,512,512,2226.94
5242,512,512,512,2239.95
5242,512,512,512,2218.47
5242,512,512,512,2074.43
20971,2048,512,512,3023.02
20971,512,2048,512,5773.28
5242,512,512,512,2237.71
5242,512,512,512,2112.98
5242,512,512,512,2227.31
5242,512,512,512,2138.91
5242,512,512,512,2234.35
5242,512,512,512,2215.9
5242,512,512,512,2225.83
5242,512,512,512,2225.09
20971,2048,512,512,3038.07
20971,512,2048,512,5878.86
5242,512,512,512,2174.61
5242,512,512,512,2235.84
5242,512,512,512,2262.23
5242,512,512,512,2214.81
5242,512,512,512,2238.45
5242,512,512,512,2247.07
5242,512,512,512,2235.84
5242,512,512,512,2245.57
20971,2048,512,512,3041.69
20971,512,2048,512,5836.04
5242,512,512,512,2259.18
5242,512,512,512,2293.15
5242,512,512,512,2134.49
5242,512,512,512,2212.25
5242,512,512,512,2222.51
5242,512,512,512,2210.79
5242,512,512,512,2252.35
5242,512,512,512,2197.4
20971,2048,512,512,3006.43
20971,512,2048,512,5837.95
5242,512,512,512,2164.09
5242,512,512,512,2252.35
5242,512,512,512,2214.08
5242,512,512,512,2167.24
20971,2048,512,512,2971.65
20971,512,2048,512,5775.77
5242,512,512,512,2251.6
5242,512,512,512,2234.35
5242,512,512,512,2207.52
5242,512,512,512,2244.82
20971,2048,512,512,3028.99
20971,512,2048,512,5989.04
5242,512,512,512,2231.75
5242,512,512,512,2244.07
5242,512,512,512,2249.71
5242,512,512,512,2218.1
20971,2048,512,512,2947.99
20971,512,2048,512,5811.41
5242,512,512,512,2248.96
5242,512,512,512,2193.09
5242,512,512,512,2225.46
5242,512,512,512,2190.94
20971,2048,512,512,3071.97
20971,512,2048,512,5873.72
5242,512,512,512,2264.52
5242,512,512,512,2247.45
5242,512,512,512,2220.67
5242,512,512,512,2227.68
20971,2048,512,512,3021.66
20971,512,2048,512,5737.5
5242,512,512,512,2240.32
5242,512,512,512,2228.42
5242,512,512,512,2239.2
5242,512,512,512,2246.7
20971,2048,512,512,3035.49
20971,512,2048,512,5687.65
5242,512,512,512,2253.11
5242,512,512,512,2235.1
5242,512,512,512,2138.91
5242,512,512,512,2254.62
340868,33288,512,512,2913.86
144656,512,512,512,11882.9
145219,512,512,512,12431
143086,512,512,512,11769.1
134140,512,512,512,11999
617373,2048,512,512,13746.8
511909,512,2048,512,13096.4
152784,512,512,512,12168.3
177501,512,512,512,12599.9
138819,512,512,512,12172.1
175788,512,512,512,12545.4
148318,512,512,512,12222.2
146820,512,512,512,12266.5
139898,512,512,512,12022.1
135158,512,512,512,12106.9
605239,2048,512,512,13659.9
498916,512,2048,512,13112.5
135302,512,512,512,12120.7
167130,512,512,512,12589.8
127129,512,512,512,11994.6
160282,512,512,512,12435.1
137228,512,512,512,12150.8
141001,512,512,512,12138.5
127709,512,512,512,11894.2
127997,512,512,512,12142.8
614701,2048,512,512,13693.9
495116,512,2048,512,13173.3
141404,512,512,512,12083.4
162547,512,512,512,12544.3
133241,512,512,512,11993.1
157924,512,512,512,12281.2
140148,512,512,512,12050.1
155781,512,512,512,12470.3
131610,512,512,512,12240.6
141524,512,512,512,12225
622718,2048,512,512,13721
500156,512,2048,512,13066.6
145809,512,512,512,12131.4
161899,512,512,512,12423.2
134961,512,512,512,11963.3
157923,512,512,512,12335.1
144846,512,512,512,12212.4
169827,512,512,512,12662.2
137419,512,512,512,12143.8
157723,512,512,512,12434.4
638805,2048,512,512,13754.3
520728,512,2048,512,13006.4
138115,512,512,512,12244.6
151839,512,512,512,12326.6
128572,512,512,512,12094.7
149774,512,512,512,12223.7
147527,512,512,512,12279.9
166724,512,512,512,12465.7
145068,512,512,512,12374.2
157919,512,512,512,12202.2
662743,2048,512,512,13818.5
529525,512,2048,512,12936.9
123866,512,512,512,12152.6
147677,512,512,512,12310.4
110753,512,512,512,11748.5
145625,512,512,512,12351.3
485342,2048,512,512,13251
372276,512,2048,512,12658.9
137762,512,512,512,12015.2
152588,512,512,512,12350.2
124825,512,512,512,12060.4
152847,512,512,512,12286.5
472169,2048,512,512,13149.3
364688,512,2048,512,12568.2
105892,512,512,512,11388.6
152424,512,512,512,12301.9
96613,512,512,512,11145
141359,512,512,512,12159.1
498329,2048,512,512,13336.8
374306,512,2048,512,12533
111037,512,512,512,11357.5
141993,512,512,512,12148.7
105115,512,512,512,11240.8
131116,512,512,512,12058.4
521358,2048,512,512,13417.5
382228,512,2048,512,12640.9
112897,512,512,512,11580.1
135583,512,512,512,12177.4
105657,512,512,512,11404.6
124591,512,512,512,11924.8
524195,2048,512,512,13364.9
379576,512,2048,512,12591.1
123414,512,512,512,11972.9
142424,512,512,512,12195.8
114404,512,512,512,11535.5
133618,512,512,512,12029.2
518126,2048,512,512,13454.5
360766,512,2048,512,12547.4
127963,512,512,512,11934.3
137811,512,512,512,12000.3
119801,512,512,512,11698.2
131226,512,512,512,12174.3
8449349,33288,512,512,14214.8
110054,512,512,512,10605.2
100849,512,512,512,11027.4
69340,512,512,512,8996.98
69926,512,512,512,9038.65
520881,2048,512,512,13419.9
420270,512,2048,512,12800.6
176573,512,512,512,12412.5
164906,512,512,512,12101.5
119346,512,512,512,11571.6
163179,512,512,512,11748.1
131179,512,512,512,11913.5
106332,512,512,512,11479.4
80702,512,512,512,10636.7
75910,512,512,512,10223
434108,2048,512,512,12916.4
364167,512,2048,512,12386.3
115824,512,512,512,11456.6
118372,512,512,512,11912.6
73184,512,512,512,10132.6
95756,512,512,512,10793.2
132447,512,512,512,11818.6
106685,512,512,512,11625.3
85843,512,512,512,10508.2
78662,512,512,512,10158.1
451905,2048,512,512,13033.6
377715,512,2048,512,12522.8
131164,512,512,512,11916.4
130939,512,512,512,11786.4
81929,512,512,512,10635.3
114764,512,512,512,11581.8
133557,512,512,512,11892.4
114906,512,512,512,11874.2
86931,512,512,512,10859
87415,512,512,512,10788.3
480220,2048,512,512,13226.9
389027,512,2048,512,12626.7
144587,512,512,512,11967.5
131025,512,512,512,11954.7
92656,512,512,512,11219.3
115987,512,512,512,11826.5
144703,512,512,512,11967
128707,512,512,512,11959.7
97146,512,512,512,10990.5
100981,512,512,512,11421.9
519534,2048,512,512,13441.1
435213,512,2048,512,12741.5
151362,512,512,512,12148.1
131393,512,512,512,11885.7
95590,512,512,512,10967.2
119793,512,512,512,11916
145197,512,512,512,12089.5
145080,512,512,512,12122
101998,512,512,512,11279.7
112628,512,512,512,11628.5
562881,2048,512,512,13491.1
463789,512,2048,512,12742
130724,512,512,512,11914.9
106538,512,512,512,11599.4
68242,512,512,512,10145.2
94758,512,512,512,11123
464225,2048,512,512,13120.5
348379,512,2048,512,12507.2
157973,512,512,512,12110.3
128921,512,512,512,11877.8
96673,512,512,512,11023.2
122165,512,512,512,11664.3
225571,2048,512,512,11228.3
205326,512,2048,512,11892.5
65235,512,512,512,9785.63
83880,512,512,512,10900.7
37002,512,512,512,7975.51
58084,512,512,512,8804.77
281342,2048,512,512,11784
253598,512,2048,512,11911.5
84469,512,512,512,10672.8
98998,512,512,512,11321.1
45258,512,512,512,8658.58
74105,512,512,512,9772.25
291371,2048,512,512,11768.5
256402,512,2048,512,11917.2
109587,512,512,512,11553.1
99608,512,512,512,11434.8
60842,512,512,512,9742.64
76770,512,512,512,10135.7
301623,2048,512,512,11791.7
236448,512,2048,512,11743.3
116101,512,512,512,11731.5
93737,512,512,512,11217.1
69341,512,512,512,10009.2
72872,512,512,512,9721.84
266304,2048,512,512,11514.1
179846,512,2048,512,11096.5
118976,512,512,512,11721.8
87654,512,512,512,11023.5
69802,512,512,512,10017.6
68146,512,512,512,10095.1
8099792,33288,512,512,14183.7
69048,512,512,512,9169.63
70699,512,512,512,10298.7
55824,512,512,512,8328.54
51977,512,512,512,8467.68
440834,2048,512,512,12855.4
349724,512,2048,512,12528.6
142988,512,512,512,11857.4
140146,512,512,512,11937.6
102718,512,512,512,11315.4
144324,512,512,512,11863.6
90907,512,512,512,10759.2
79001,512,512,512,10657.8
71333,512,512,512,9829.5
59864,512,512,512,9039.81
350127,2048,512,512,12314
278118,512,2048,512,12184.2
77453,512,512,512,10133.4
97490,512,512,512,11337.6
58782,512,512,512,9336.27
79224,512,512,512,10627.4
72798,512,512,512,10209.4
80140,512,512,512,10554.5
60387,512,512,512,9984.54
59524,512,512,512,9530.39
377531,2048,512,512,12471.2
301616,512,2048,512,12251.1
85602,512,512,512,10413.5
106244,512,512,512,11576.8
64319,512,512,512,9754.54
92139,512,512,512,11074.5
80374,512,512,512,10541.4
91729,512,512,512,11014.4
68532,512,512,512,10276.6
70060,512,512,512,9797
413100,2048,512,512,12735.1
326865,512,2048,512,12464.6
100219,512,512,512,11350.7
112406,512,512,512,11814.7
76218,512,512,512,10395.2
99957,512,512,512,11330.6
89251,512,512,512,10944.7
113306,512,512,512,11936.8
75834,512,512,512,10394.9
88878,512,512,512,10925.7
454699,2048,512,512,12981
370593,512,2048,512,12533.1
99341,512,512,512,11139.9
113026,512,512,512,11600.8
75788,512,512,512,10232.4
103039,512,512,512,11591.7
95971,512,512,512,11223.1
126777,512,512,512,11895.2
84980,512,512,512,10666.8
99415,512,512,512,11190.4
483495,2048,512,512,13209.5
392291,512,2048,512,12533.7
78700,512,512,512,10745.2
89338,512,512,512,11007.1
60344,512,512,512,10005.9
81600,512,512,512,10382.5
377485,2048,512,512,12377.2
263284,512,2048,512,11932.5
125652,512,512,512,11864
98723,512,512,512,11270.6
91651,512,512,512,10747.9
101724,512,512,512,11190.5
139876,2048,512,512,10157.5
104165,512,2048,512,10583.1
40729,512,512,512,8283.65
59136,512,512,512,9331.7
32292,512,512,512,7628.97
38547,512,512,512,8175.67
194581,2048,512,512,10887.3
150283,512,2048,512,11221.4
42786,512,512,512,8511.98
66156,512,512,512,10034.9
33491,512,512,512,7915.16
47033,512,512,512,8494.14
247017,2048,512,512,11580.5
179358,512,2048,512,11218.4
55210,512,512,512,9444.54
68722,512,512,512,10015.8
40973,512,512,512,8397.32
52095,512,512,512,9060
248270,2048,512,512,11546.6
172574,512,2048,512,11173.8
71451,512,512,512,9885.67
73260,512,512,512,10392.1
54975,512,512,512,9192.42
59423,512,512,512,8815.14
222621,2048,512,512,11224.2
136351,512,2048,512,10478.8
74612,512,512,512,10396.6
68003,512,512,512,10208
58713,512,512,512,9472.23
55485,512,512,512,9568.31
5628498,33288,512,512,13495.9
55839,512,512,512,8531.65
47152,512,512,512,8863.94
40749,512,512,512,7439.03
31688,512,512,512,6982.98
246942,2048,512,512,11632.8
187181,512,2048,512,11515.2
108105,512,512,512,11290.3
107497,512,512,512,11599.3
65349,512,512,512,9709.99
112066,512,512,512,11377.7
53552,512,512,512,9008.62
46022,512,512,512,8414.25
38979,512,512,512,7998.9
28332,512,512,512,6932.04
181465,2048,512,512,10788.7
138731,512,2048,512,10920.7
44787,512,512,512,8385.48
56702,512,512,512,9738.82
30654,512,512,512,6884.31
40235,512,512,512,8348.32
49209,512,512,512,9025.29
55295,512,512,512,9550.34
37240,512,512,512,8009.27
33400,512,512,512,7592.26
209478,2048,512,512,11048.6
170877,512,2048,512,11280.8
59402,512,512,512,8936.31
78627,512,512,512,10765.1
40400,512,512,512,8444.84
58892,512,512,512,9596.05
51857,512,512,512,9137.8
60576,512,512,512,9617.62
42887,512,512,512,8651.07
40323,512,512,512,8580.07
249613,2048,512,512,11635.9
196462,512,2048,512,11463.1
65126,512,512,512,9897.45
73887,512,512,512,10432.4
44367,512,512,512,8432.04
60688,512,512,512,9871.73
60021,512,512,512,9678.37
83964,512,512,512,10918.3
47934,512,512,512,8536.42
56646,512,512,512,9268.42
302452,2048,512,512,11966.8
246814,512,2048,512,11855.6
65341,512,512,512,9979.89
81599,512,512,512,10749.4
45839,512,512,512,9049.03
66444,512,512,512,10069.7
63673,512,512,512,9833.67
94580,512,512,512,11238.6
54191,512,512,512,9418.12
65642,512,512,512,9900.05
343356,2048,512,512,12168
257197,512,2048,512,11778.4
41783,512,512,512,8431.03
52641,512,512,512,9474.2
29547,512,512,512,7483.95
42360,512,512,512,8776.43
216719,2048,512,512,11039.7
149618,512,2048,512,11352.8
81604,512,512,512,10298.6
64242,512,512,512,10011.5
43030,512,512,512,8138.06
61783,512,512,512,9855.1
48481,2048,512,512,5859.28
38360,512,2048,512,7954.12
18164,512,512,512,5037.36
29508,512,512,512,7559.34
13422,512,512,512,4704.32
18682,512,512,512,5266.01
101911,2048,512,512,9376.51
82333,512,2048,512,9989.69
19741,512,512,512,5532.23
38241,512,512,512,8346.57
15129,512,512,512,4367.91
25640,512,512,512,6319.89
114133,2048,512,512,9594.16
85304,512,2048,512,9859.95
36347,512,512,512,7848.87
44755,512,512,512,8734.68
25265,512,512,512,6705.9
30012,512,512,512,7198.61
115983,2048,512,512,9779.53
83975,512,2048,512,9901.25
48912,512,512,512,8938.8
44247,512,512,512,8915.57
33185,512,512,512,7924.04
27808,512,512,512,6914.86
83494,2048,512,512,8292.71
48292,512,2048,512,8087.63
42541,512,512,512,8335.63
43863,512,512,512,8433.92
30263,512,512,512,7321.23
31688,512,512,512,7506.36
4570384,33288,512,512,13002
34247,512,512,512,6618.78
19404,512,512,512,6406.27
16396,512,512,512,4107.42
11969,512,512,512,3509.01
104673,2048,512,512,9476.02
81975,512,2048,512,9234.59
97078,512,512,512,10909.1
69893,512,512,512,10114.5
25760,512,512,512,6496.46
69617,512,512,512,9683.21
48869,512,512,512,8627.31
21820,512,512,512,6062.43
15338,512,512,512,4779.71
10662,512,512,512,3698.97
41663,2048,512,512,5365.32
36012,512,2048,512,7688.33
42364,512,512,512,7908.69
32657,512,512,512,7426
13187,512,512,512,4240.51
17178,512,512,512,5237.07
50871,512,512,512,9421.24
27364,512,512,512,7073.8
15168,512,512,512,4772.63
13381,512,512,512,4597.42
52212,2048,512,512,6428.87
48390,512,2048,512,8573.49
55223,512,512,512,9444.87
42626,512,512,512,8614.03
15872,512,512,512,5007.06
24727,512,512,512,6554.27
54011,512,512,512,9463.29
38147,512,512,512,8241.73
17464,512,512,512,5211.92
16461,512,512,512,4897.74
72869,2048,512,512,7885.39
71587,512,2048,512,10068.3
66349,512,512,512,9925.98
49036,512,512,512,9177.67
18628,512,512,512,5339.57
30148,512,512,512,7450.42
63533,512,512,512,9924.61
47347,512,512,512,9206.16
19514,512,512,512,5866.8
23243,512,512,512,6403.58
100398,2048,512,512,9292.08
85572,512,2048,512,9860.21
58607,512,512,512,9415.37
37223,512,512,512,8101.59
14595,512,512,512,4887.91
23119,512,512,512,6350.28
70285,512,512,512,9826.31
56422,512,512,512,9540.31
21842,512,512,512,6134.45
27155,512,512,512,6974
130289,2048,512,512,9994.6
90678,512,2048,512,9396.3
48564,512,512,512,9142.8
26377,512,512,512,6906.53
9201,512,512,512,3399.42
16237,512,512,512,5051.86
58872,2048,512,512,6804.78
55804,512,2048,512,9268.08
69433,512,512,512,9920.11
57004,512,512,512,9668.74
12532,512,512,512,4256.03
53312,512,512,512,9132.07
19051,2048,512,512,2833.52
20119,512,2048,512,6019.71
10834,512,512,512,3309.67
21594,512,512,512,6377.55
3649,512,512,512,1468.09
14972,512,512,512,4683.32
19537,2048,512,512,2887.19
20744,512,2048,512,6087.19
32975,512,512,512,7228.63
19159,512,512,512,5961.72
8520,512,512,512,3113.66
9463,512,512,512,3258.28
21054,2048,512,512,3040.46
21606,512,2048,512,6265.45
19284,512,512,512,5523.28
16852,512,512,512,5169.7
5429,512,512,512,2150.76
8863,512,512,512,3213.78
20900,2048,512,512,3045.36
18007,512,2048,512,5180.12
29744,512,512,512,6785.3
15941,512,512,512,4912.01
7369,512,512,512,2743.95
9554,512,512,512,3401.23
16100,2048,512,512,2350.9
9871,512,2048,512,3552.62
32053,512,512,512,7466.4
18132,512,512,512,5499.75
7471,512,512,512,2801.49
12811,512,512,512,4126.86
2802367,33288,512,512,11383.9
17538,512,512,512,4564.12
9689,512,512,512,3578.16
9630,512,512,512,3161.83
5732,512,512,512,2141.87
49727,2048,512,512,6270.99
41575,512,2048,512,7939.13
60339,512,512,512,9325.52
33846,512,512,512,7921.54
10762,512,512,512,3190.96
34845,512,512,512,7418.76
27165,512,512,512,6512.68
12022,512,512,512,4203.84
7018,512,512,512,2591.76
4981,512,512,512,1949.45
18329,2048,512,512,2740.62
18724,512,2048,512,5633.93
20384,512,512,512,5605.05
20795,512,512,512,6010.52
5704,512,512,512,2132.03
9461,512,512,512,3254.09
21954,512,512,512,6315.57
12498,512,512,512,4411.26
5460,512,512,512,2061.59
4860,512,512,512,1877.13
19355,2048,512,512,2868.24
20125,512,2048,512,5857.21
29397,512,512,512,6973.34
26491,512,512,512,7026.21
6978,512,512,512,2697.63
12252,512,512,512,4362.33
23425,512,512,512,6260.36
20550,512,512,512,6243.53
6200,512,512,512,2426.91
7340,512,512,512,2789.96
25190,2048,512,512,3594.96
29575,512,2048,512,7320.83
33448,512,512,512,7622.8
35320,512,512,512,7841.4
8490,512,512,512,2869.99
16466,512,512,512,5002.72
25495,512,512,512,6397.49
36244,512,512,512,7954.1
7017,512,512,512,2676.33
11888,512,512,512,4034.64
33082,2048,512,512,4558.61
44738,512,2048,512,8681.72
25079,512,512,512,6047.69
31458,512,512,512,7495.58
6391,512,512,512,2396.86
14370,512,512,512,4806.9
44130,512,512,512,8476.35
37424,512,512,512,8110.86
10100,512,512,512,3646.83
15476,512,512,512,4856.41
42127,2048,512,512,5481.61
29857,512,2048,512,6126.97
18768,512,512,512,5110.2
14559,512,512,512,4627.64
3701,512,512,512,1421.54
9011,512,512,512,3201.69
26707,2048,512,512,3756.79
26895,512,2048,512,6799.45
46041,512,512,512,8874.04
39819,512,512,512,8396.07
5371,512,512,512,2072.93
35052,512,512,512,7393.35
3789,2048,512,512,609.172
3298,512,2048,512,1430.51
10357,512,512,512,3508.06
5954,512,512,512,2318.56
2109,512,512,512,890.931
2920,512,512,512,1196.22
3678,2048,512,512,592.479
3035,512,2048,512,1356.66
3920,512,512,512,1400.59
6539,512,512,512,2552.19
1294,512,512,512,550.73
3906,512,512,512,1507.52
6591,2048,512,512,1046.84
6228,512,2048,512,2510.82
10973,512,512,512,3939.81
10235,512,512,512,3783.62
2888,512,512,512,1172.42
6614,512,512,512,2544.99
5856,2048,512,512,939.132
5056,512,2048,512,2104.27
21060,512,512,512,5973.81
9576,512,512,512,3201.17
4067,512,512,512,1673.88
4228,512,512,512,1648.44
4933,2048,512,512,780.692
2797,512,2048,512,1087.7
16062,512,512,512,4907.94
8583,512,512,512,3136.69
3442,512,512,512,1447.12
6578,512,512,512,2545.68
1362291,33288,512,512,8180.39
0,512,512,512,0
929,512,512,512,429.363
0,512,512,512,0
246,512,512,512,110.291
14047,2048,512,512,2181.4
20596,512,2048,512,5976.62
22905,512,512,512,6086.44
27236,512,512,512,7026.52
5473,512,512,512,1760.16
25435,512,512,512,6413.24
0,512,512,512,0
77,512,512,512,36.9831
0,512,512,512,0
19,512,512,512,9.17563
1932,2048,512,512,314.246
1833,512,2048,512,868.817
8299,512,512,512,3023.4
20258,512,512,512,6071.23
4656,512,512,512,1810.63
6968,512,512,512,2353.62
39,512,512,512,18.7387
6,512,512,512,2.96697
8,512,512,512,3.80882
20,512,512,512,9.6006
1005,2048,512,512,168.642
960,512,2048,512,457.568
15889,512,512,512,4845.82
26465,512,512,512,6733.96
4629,512,512,512,1825.64
9380,512,512,512,3479.11
2992,512,512,512,1085.69
1844,512,512,512,828.619
640,512,512,512,274.072
401,512,512,512,174.259
1423,2048,512,512,229.444
1698,512,2048,512,775.26
13471,512,512,512,4497.95
25799,512,512,512,6689.5
5084,512,512,512,2004.47
10880,512,512,512,3790.01
10658,512,512,512,3472.19
7785,512,512,512,2939.9
5360,512,512,512,1941.92
2762,512,512,512,1142.47
1185,2048,512,512,191.612
1198,512,2048,512,578.766
4459,512,512,512,1622.38
4413,512,512,512,1766.58
1897,512,512,512,766.102
1883,512,512,512,794.541
30410,512,512,512,6978.9
23696,512,512,512,6432.17
14210,512,512,512,4841.95
7168,512,512,512,2738.41
1373,2048,512,512,211.957
1671,512,2048,512,818.24
5531,512,512,512,1924.87
2353,512,512,512,1003.61
2904,512,512,512,1162.69
743,512,512,512,320.162
0,2048,512,512,0
0,512,2048,512,0
9554,512,512,512,3233.08
19357,512,512,512,5715.56
5442,512,512,512,2152.92
13274,512,512,512,4138.02
0,2048,512,512,0
0,512,2048,512,0
1670,512,512,512,677.635
1644,512,512,512,790.058
1203,512,512,512,499.381
301,512,512,512,136.721
159,2048,512,512,26.1476
274,512,2048,512,140.457
87,512,512,512,38.6465
193,512,512,512,98.0512
15,512,512,512,7.79537
19,512,512,512,9.83222
0,2048,512,512,0
0,512,2048,512,0
0,512,512,512,0
0,512,512,512,0
0,512,512,512,0
0,512,512,512,0
0,2048,512,512,0
0,512,2048,512,0
0,512,512,512,0
0,512,512,512,0
0,512,512,512,0
0,512,512,512,0
0,2048,512,512,0
0,512,2048,512,0
0,512,512,512,0
0,512,512,512,0
0,512,512,512,0
0,512,512,512,0
850094,33288,512,512,6063.59
