128761,512,512,512,623.794
132877,512,512,512,968.242
142349,512,512,512,999.914
122501,512,512,512,979.288
657561,2048,512,512,1073.55
587093,512,2048,512,1180.99
158760,512,512,512,1015.39
161312,512,512,512,1016.72
154701,512,512,512,1008.1
163812,512,512,512,1020.44
138452,512,512,512,988.532
140197,512,512,512,987.16
139415,512,512,512,991.307
130440,512,512,512,984.004
615379,2048,512,512,1061.05
552458,512,2048,512,1188.44
122396,512,512,512,978.407
163814,512,512,512,1021.65
119017,512,512,512,969.239
156550,512,512,512,1089.5
130692,512,512,512,1073.78
144385,512,512,512,1086.12
131820,512,512,512,1074.09
133155,512,512,512,1071
629035,2048,512,512,1144.45
550086,512,2048,512,1304.3
129969,512,512,512,1011.6
164324,512,512,512,1118.47
131426,512,512,512,1071.32
157607,512,512,512,1108.2
132401,512,512,512,1070.71
158040,512,512,512,1109.44
136023,512,512,512,1073.24
146596,512,512,512,1091.88
640824,2048,512,512,1161.58
560424,512,2048,512,1305.78
133334,512,512,512,1053.46
165516,512,512,512,1117.76
134172,512,512,512,1071.32
161231,512,512,512,1111.31
128782,512,512,512,1070
171580,512,512,512,1128.94
135490,512,512,512,1073.05
157572,512,512,512,1109.77
655737,2048,512,512,1175.65
588044,512,2048,512,1288.5
125661,512,512,512,1033.48
154825,512,512,512,1102.54
127452,512,512,512,1070.52
153730,512,512,512,1101.5
129316,512,512,512,1069.29
176891,512,512,512,1134.56
141501,512,512,512,1082.81
161782,512,512,512,1113.82
673253,2048,512,512,1180.22
611291,512,2048,512,1296.2
102691,512,512,512,990.638
136832,512,512,512,1070.85
105460,512,512,512,1053.35
134494,512,512,512,1067.56
546132,2048,512,512,1145.28
478771,512,2048,512,1287.59
126309,512,512,512,1077.42
127433,512,512,512,1069.02
124950,512,512,512,1071.98
136926,512,512,512,1083.67
512834,2048,512,512,1134.07
430911,512,2048,512,1281.94
89535,512,512,512,1054.9
142150,512,512,512,1084.24
83912,512,512,512,1049.36
126151,512,512,512,1074.44
526135,2048,512,512,1139.51
434134,512,2048,512,1290.76
100634,512,512,512,1052.64
132334,512,512,512,1061.13
96583,512,512,512,1052.74
120956,512,512,512,1072.17
527460,2048,512,512,1139.5
428269,512,2048,512,1285.77
103808,512,512,512,1058.01
127274,512,512,512,1069.13
102659,512,512,512,1057.69
119034,512,512,512,1064.33
529427,2048,512,512,1062.03
424951,512,2048,512,1199.33
117377,512,512,512,1059.33
122898,512,512,512,1061.44
114955,512,512,512,1058.74
118573,512,512,512,1065.49
504860,2048,512,512,1139.75
400093,512,2048,512,1278.49
115234,512,512,512,1051.47
120376,512,512,512,1064.71
114692,512,512,512,1060.54
119087,512,512,512,1060.54
7941902,33288,512,512,1128.25
82388,512,512,512,1038.93
95040,512,512,512,1052.08
95047,512,512,512,1063.41
81972,512,512,512,1047.33
559163,2048,512,512,1141.51
479025,512,2048,512,1294.6
123005,512,512,512,1008.04
134139,512,512,512,1073.16
117970,512,512,512,1066.2
136606,512,512,512,1081.49
108827,512,512,512,1066.26
113602,512,512,512,1060.13
110167,512,512,512,1069.52
103331,512,512,512,1059.06
500782,2048,512,512,1135.12
433174,512,2048,512,1287.72
83660,512,512,512,1044.34
139159,512,512,512,1079.2
79680,512,512,512,1037.06
128804,512,512,512,1074.66
93269,512,512,512,1049.44
116477,512,512,512,1060.13
96336,512,512,512,1052.14
100708,512,512,512,1051.82
513866,2048,512,512,1129.75
431100,512,2048,512,1281.76
94610,512,512,512,995.185
138919,512,512,512,1076.3
97046,512,512,512,1051.99
129913,512,512,512,1068.24
91737,512,512,512,1050.51
128003,512,512,512,1062.94
97528,512,512,512,1053.34
111611,512,512,512,1057.79
530735,2048,512,512,1131.23
446252,512,2048,512,1285.46
96734,512,512,512,989.761
139126,512,512,512,1076.81
97673,512,512,512,1054.23
132027,512,512,512,1069.78
99926,512,512,512,1052.64
146522,512,512,512,1088.38
105672,512,512,512,1054.57
131348,512,512,512,1061.43
560299,2048,512,512,1140.81
483219,512,2048,512,1297.89
99871,512,512,512,984.429
139835,512,512,512,1077.83
100632,512,512,512,1052.23
135476,512,512,512,1072.56
100073,512,512,512,1053.07
158983,512,512,512,1106.78
110849,512,512,512,1056.01
140232,512,512,512,1079.61
584554,2048,512,512,1143.97
515851,512,2048,512,1299.93
72786,512,512,512,1035.93
111169,512,512,512,1056.31
75465,512,512,512,1040.88
108697,512,512,512,1055.61
418763,2048,512,512,1137.13
331624,512,2048,512,1252.19
104724,512,512,512,1006.65
104369,512,512,512,1057.22
100685,512,512,512,1054.19
114837,512,512,512,1058.8
384080,2048,512,512,1139.36
294467,512,2048,512,1231.32
52376,512,512,512,998.607
108226,512,512,512,1057.15
49216,512,512,512,988.987
88225,512,512,512,1046.38
390912,2048,512,512,1139.39
292071,512,2048,512,1231.1
68275,512,512,512,981.619
97898,512,512,512,1053.46
65237,512,512,512,1030.06
82951,512,512,512,1044.19
395711,2048,512,512,1139.21
291221,512,2048,512,1229.03
71474,512,512,512,1034.76
99155,512,512,512,1053.19
69597,512,512,512,1035.38
91595,512,512,512,1049.37
386282,2048,512,512,1138.78
286061,512,2048,512,1227.17
74946,512,512,512,1040.04
93347,512,512,512,1049.9
73526,512,512,512,1038.56
87577,512,512,512,1049.41
372892,2048,512,512,1139.62
268393,512,2048,512,1096.66
83966,512,512,512,948.135
91238,512,512,512,949.747
82765,512,512,512,947.083
85516,512,512,512,946.555
6970877,33288,512,512,1109.56
48820,512,512,512,980.426
61079,512,512,512,1020.59
59699,512,512,512,1016.03
49720,512,512,512,981.615
457008,2048,512,512,1133.31
380232,512,2048,512,1271.51
100329,512,512,512,1049.12
112503,512,512,512,1058.59
94479,512,512,512,1050.63
114846,512,512,512,1059.43
82527,512,512,512,1050.17
86541,512,512,512,1045.43
84021,512,512,512,1047.75
74658,512,512,512,1038.2
371268,2048,512,512,1135.97
296938,512,2048,512,1231.03
59207,512,512,512,1007.27
110975,512,512,512,1055.74
55989,512,512,512,1005.74
99131,512,512,512,1051.09
59373,512,512,512,1013.58
88269,512,512,512,1047.06
64712,512,512,512,1026.93
69763,512,512,512,1030.49
383955,2048,512,512,1136.44
302682,512,2048,512,1234.26
75307,512,512,512,989.92
120987,512,512,512,1059.86
74395,512,512,512,1035.93
110489,512,512,512,1055.41
69106,512,512,512,1032.06
107546,512,512,512,1051.85
74384,512,512,512,1033.45
86780,512,512,512,1048.82
406737,2048,512,512,1134.95
316678,512,2048,512,1242.65
75207,512,512,512,1039.14
115311,512,512,512,1060.11
77122,512,512,512,1037.62
106452,512,512,512,1055.81
75019,512,512,512,1038.35
125521,512,512,512,1062.13
83525,512,512,512,1045.16
105434,512,512,512,1054.49
445126,2048,512,512,1133.44
360576,512,2048,512,1261.1
66207,512,512,512,1027.26
107436,512,512,512,1055.8
69103,512,512,512,1033.62
100659,512,512,512,1048.68
80509,512,512,512,1044.44
140067,512,512,512,1075.15
94610,512,512,512,1052.38
117697,512,512,512,959.095
469702,2048,512,512,1026.18
393501,512,2048,512,1155.08
53044,512,512,512,910.759
91720,512,512,512,954.578
54347,512,512,512,915.168
87767,512,512,512,953.821
319674,2048,512,512,1037.09
246891,512,2048,512,1085.13
64552,512,512,512,929.646
73664,512,512,512,939.086
61364,512,512,512,926.079
83434,512,512,512,950.175
237924,2048,512,512,1043.53
152630,512,2048,512,986.028
32419,512,512,512,826.455
75766,512,512,512,946.93
30510,512,512,512,812.82
57281,512,512,512,913.628
239685,2048,512,512,1043.63
155797,512,2048,512,992.083
43886,512,512,512,876.149
73089,512,512,512,941.292
39292,512,512,512,865.409
62094,512,512,512,920.167
241817,2048,512,512,1040.59
154531,512,2048,512,988.732
49628,512,512,512,899.837
57036,512,512,512,922.67
48540,512,512,512,895.851
49310,512,512,512,900.855
219154,2048,512,512,1036.58
147362,512,2048,512,976.69
33528,512,512,512,835.367
53373,512,512,512,915.528
34631,512,512,512,840.144
44365,512,512,512,882.03
195846,2048,512,512,1030.6
120625,512,2048,512,942.358
54241,512,512,512,917.346
71756,512,512,512,939.868
51254,512,512,512,907.643
64594,512,512,512,932.071
5924545,33288,512,512,1091.74
45935,512,512,512,927.155
46296,512,512,512,988.057
52919,512,512,512,985.29
38370,512,512,512,929.378
331367,2048,512,512,1145.54
265406,512,2048,512,1211.94
65174,512,512,512,1016.99
85635,512,512,512,1045.63
59884,512,512,512,1009.2
89665,512,512,512,1048.85
45262,512,512,512,977.853
57303,512,512,512,1020.89
48014,512,512,512,984.745
44781,512,512,512,976.872
250381,2048,512,512,1156.82
189258,512,2048,512,1136
40322,512,512,512,945.097
85967,512,512,512,1048.46
36932,512,512,512,934.159
74639,512,512,512,1040.91
44052,512,512,512,976.457
61540,512,512,512,1027.74
47508,512,512,512,992.789
46746,512,512,512,992.445
265383,2048,512,512,1156.06
195030,512,2048,512,1144.1
42118,512,512,512,970.691
91334,512,512,512,1052.73
42774,512,512,512,972.44
79227,512,512,512,1043.12
38467,512,512,512,958.268
71031,512,512,512,1036.76
44005,512,512,512,981.425
53746,512,512,512,1013.33
283233,2048,512,512,1153.89
202509,512,2048,512,1153.74
46461,512,512,512,988.105
78908,512,512,512,1042.97
48194,512,512,512,994.274
72580,512,512,512,1037.15
43854,512,512,512,977.472
96524,512,512,512,1053.41
51673,512,512,512,1004.56
76538,512,512,512,1043.56
320489,2048,512,512,1147.45
247453,512,2048,512,1196.94
40847,512,512,512,959.187
81975,512,512,512,1044.43
42541,512,512,512,968.939
75412,512,512,512,1040.93
49860,512,512,512,998.499
110313,512,512,512,1058.08
61547,512,512,512,1024.21
88378,512,512,512,1049.3
345592,2048,512,512,1143.52
274829,512,2048,512,1100.56
25374,512,512,512,775.119
60536,512,512,512,929.246
25890,512,512,512,781.304
57422,512,512,512,917.212
209395,2048,512,512,1042.24
151186,512,2048,512,982.537
32695,512,512,512,825.299
42140,512,512,512,879.848
30524,512,512,512,812.118
49135,512,512,512,901.622
126254,2048,512,512,1017.15
76575,512,2048,512,866.003
17164,512,512,512,669.081
52044,512,512,512,910.536
14299,512,512,512,615.094
37690,512,512,512,854.394
146819,2048,512,512,1029.46
84761,512,2048,512,895.778
23183,512,512,512,748.374
49133,512,512,512,906.759
21266,512,512,512,732.442
36818,512,512,512,851.313
144374,2048,512,512,1024.83
87498,512,2048,512,902.343
20567,512,512,512,722.608
39685,512,512,512,873.181
19186,512,512,512,698.403
32050,512,512,512,823.305
133310,2048,512,512,1020.6
81004,512,2048,512,886.776
25603,512,512,512,777.07
40168,512,512,512,873.55
23381,512,512,512,754.804
32959,512,512,512,833.304
117647,2048,512,512,985.671
69633,512,2048,512,799.007
23953,512,512,512,696.542
31670,512,512,512,776.886
22904,512,512,512,688.163
28133,512,512,512,746.79
4045117,33288,512,512,1087.85
34335,512,512,512,813.631
29747,512,512,512,839.895
42332,512,512,512,894.662
23730,512,512,512,767.907
165318,2048,512,512,1144.66
114116,512,2048,512,996.961
34464,512,512,512,886.783
60724,512,512,512,988.071
30956,512,512,512,858.599
62144,512,512,512,985.275
27947,512,512,512,810.021
32084,512,512,512,863.808
31500,512,512,512,841.395
26063,512,512,512,810.881
144805,2048,512,512,1133.09
93516,512,2048,512,980.461
19984,512,512,512,724.427
51570,512,512,512,967.701
18956,512,512,512,708.272
45617,512,512,512,945.229
17384,512,512,512,682.629
30722,512,512,512,862.621
20613,512,512,512,737.686
23618,512,512,512,789.875
150601,2048,512,512,1134.69
91018,512,2048,512,978.955
22986,512,512,512,775.645
50560,512,512,512,963.019
23332,512,512,512,776.1
48332,512,512,512,960.004
18710,512,512,512,703.988
48771,512,512,512,960.916
22976,512,512,512,771.597
37207,512,512,512,905.321
158689,2048,512,512,1139.98
91220,512,2048,512,976.66
25803,512,512,512,804.623
51980,512,512,512,967.835
27000,512,512,512,819.89
50793,512,512,512,964.592
22110,512,512,512,763.558
70194,512,512,512,1003.68
27829,512,512,512,836.679
55987,512,512,512,979.227
166966,2048,512,512,1144.61
100492,512,2048,512,982.615
16560,512,512,512,668.88
39864,512,512,512,922.704
17972,512,512,512,699.334
38720,512,512,512,912.924
24537,512,512,512,793.412
65081,512,512,512,1002.36
35051,512,512,512,891.16
54980,512,512,512,980.429
189128,2048,512,512,1150.4
109440,512,2048,512,994.544
6244,512,512,512,349.095
26927,512,512,512,827.552
7420,512,512,512,392.534
26093,512,512,512,816.379
53227,2048,512,512,952.843
34630,512,2048,512,610.328
13396,512,512,512,599.751
27558,512,512,512,830.076
12282,512,512,512,567.888
32402,512,512,512,874.289
59715,2048,512,512,979.522
31978,512,2048,512,563.228
8006,512,512,512,436.183
25723,512,512,512,795.969
7531,512,512,512,406.127
18901,512,512,512,707.299
73174,2048,512,512,1028.56
37471,512,2048,512,629.821
7276,512,512,512,377.001
25171,512,512,512,729.382
6459,512,512,512,348.711
19734,512,512,512,662.82
77994,2048,512,512,941.878
38793,512,2048,512,600.345
11015,512,512,512,496.227
24419,512,512,512,724.72
10472,512,512,512,478.905
20582,512,512,512,680.362
70998,2048,512,512,924.702
35760,512,2048,512,563.835
8285,512,512,512,414.768
20839,512,512,512,677.912
7826,512,512,512,390.531
17985,512,512,512,643.025
61917,2048,512,512,901.8
28848,512,2048,512,492.092
11904,512,512,512,522.506
21574,512,512,512,692.112
11724,512,512,512,511.365
20289,512,512,512,678.13
1938914,33288,512,512,1082.19
13591,512,512,512,567.845
11834,512,512,512,521.035
18364,512,512,512,658.09
8842,512,512,512,468.605
107573,2048,512,512,1094.22
80849,512,2048,512,955.888
16771,512,512,512,671.949
28842,512,512,512,844.467
13807,512,512,512,604.659
31600,512,512,512,854.71
13156,512,512,512,586.422
15612,512,512,512,645.283
15414,512,512,512,640.125
10938,512,512,512,527.053
48981,2048,512,512,923.75
34082,512,2048,512,591.653
7091,512,512,512,381.859
27698,512,512,512,834.143
6302,512,512,512,356.662
21599,512,512,512,759.209
6119,512,512,512,354.532
11183,512,512,512,529.937
7324,512,512,512,398.03
7750,512,512,512,416.624
55048,2048,512,512,960.954
35955,512,2048,512,618.408
8454,512,512,512,450.654
27387,512,512,512,828.559
8560,512,512,512,449.786
22070,512,512,512,762.497
7508,512,512,512,398.243
18737,512,512,512,706.707
9838,512,512,512,498.734
12906,512,512,512,579.394
63204,2048,512,512,997.494
40951,512,2048,512,660.36
10143,512,512,512,499.663
31538,512,512,512,865.915
10640,512,512,512,518.558
26736,512,512,512,822.235
10085,512,512,512,504.006
31635,512,512,512,866.252
12905,512,512,512,579.56
23675,512,512,512,785.86
75648,2048,512,512,1042.11
51508,512,2048,512,766.438
8793,512,512,512,473.083
23635,512,512,512,786.384
8673,512,512,512,467.153
20949,512,512,512,743.177
11498,512,512,512,536.749
50919,512,512,512,970.296
15955,512,512,512,651.849
35619,512,512,512,893.525
90763,2048,512,512,1083.42
66881,512,2048,512,885.2
2012,512,512,512,110.923
9731,512,512,512,414.311
2143,512,512,512,142.129
8160,512,512,512,426.235
53936,2048,512,512,955.164
37885,512,2048,512,654.629
4860,512,512,512,339.504
8693,512,512,512,493.938
4594,512,512,512,310.668
10765,512,512,512,359.481
19771,2048,512,512,570.72
11460,512,2048,512,340.416
3116,512,512,512,183.281
17085,512,512,512,634.04
2706,512,512,512,172.842
11679,512,512,512,528.992
21492,2048,512,512,667.531
12675,512,2048,512,378.273
3128,512,512,512,196.61
8602,512,512,512,445.375
2649,512,512,512,187.773
5842,512,512,512,348.016
21069,2048,512,512,684.538
12926,512,2048,512,393.433
3130,512,512,512,209.19
8456,512,512,512,437.511
2888,512,512,512,200.931
5920,512,512,512,356.304
16569,2048,512,512,605.364
10555,512,2048,512,359.576
3975,512,512,512,262.117
9829,512,512,512,491.634
3688,512,512,512,234.918
6880,512,512,512,394.17
14652,2048,512,512,581.263
9374,512,2048,512,319.057
2878,512,512,512,192.079
5607,512,512,512,306.97
2627,512,512,512,175.785
4187,512,512,512,252.657
1251031,33288,512,512,1053.42
7994,512,512,512,426.787
6230,512,512,512,357.545
10825,512,512,512,556.779
4266,512,512,512,337.034
37336,2048,512,512,843.269
28863,512,2048,512,558.339
5646,512,512,512,373.536
17872,512,512,512,750.945
4679,512,512,512,322.329
21603,512,512,512,805.134
5126,512,512,512,377.103
5757,512,512,512,367.529
6474,512,512,512,428.937
3865,512,512,512,299.446
18332,2048,512,512,634.181
14699,512,2048,512,433.415
3668,512,512,512,268.946
11791,512,512,512,602.08
3797,512,512,512,283.775
10070,512,512,512,558.155
3401,512,512,512,260.04
5162,512,512,512,340.326
4111,512,512,512,292.059
3691,512,512,512,278.232
13036,2048,512,512,529.153
9863,512,2048,512,371.567
4359,512,512,512,302.203
13924,512,512,512,663.422
4174,512,512,512,300.47
11995,512,512,512,618.717
3302,512,512,512,250.936
7543,512,512,512,438.299
4222,512,512,512,296.235
6012,512,512,512,385.949
12635,2048,512,512,524.73
9668,512,2048,512,368.314
4405,512,512,512,313.83
10699,512,512,512,566.468
4559,512,512,512,323.298
9516,512,512,512,538.959
4352,512,512,512,306.81
15753,512,512,512,708.756
5559,512,512,512,360.053
12052,512,512,512,617.348
14538,2048,512,512,567.565
11200,512,2048,512,390.236
2258,512,512,512,189.758
8183,512,512,512,474.419
2408,512,512,512,200.125
6857,512,512,512,417.879
4500,512,512,512,313.159
23566,512,512,512,837.456
5989,512,512,512,383.526
17053,512,512,512,730.039
17556,2048,512,512,610.445
14256,512,2048,512,434.862
742,512,512,512,71.6497
2728,512,512,512,219.304
806,512,512,512,77.21
2370,512,512,512,198.701
21989,2048,512,512,688.656
16969,512,2048,512,453.527
1040,512,512,512,97.5895
6990,512,512,512,410.701
971,512,512,512,92.3634
10210,512,512,512,568.426
4276,2048,512,512,272.351
3145,512,2048,512,195.292
1083,512,512,512,103.207
7508,512,512,512,445.793
989,512,512,512,95.4518
5246,512,512,512,361.988
3167,2048,512,512,218.81
2309,512,2048,512,162.152
1566,512,512,512,132.867
4323,512,512,512,304.222
1368,512,512,512,126.345
3317,512,512,512,255.812
2099,2048,512,512,161.407
1606,512,2048,512,127.202
1259,512,512,512,118.599
3983,512,512,512,298.975
1243,512,512,512,117.016
2880,512,512,512,236.861
1483,2048,512,512,120.818
1166,512,2048,512,102.421
827,512,512,512,80.619
1872,512,512,512,166.155
712,512,512,512,68.9985
1394,512,512,512,129.912
1887,2048,512,512,147.534
1200,512,2048,512,103.496
419,512,512,512,41.4262
812,512,512,512,80.1802
391,512,512,512,38.6352
645,512,512,512,63.1366
584680,33288,512,512,1032.05
131072,512,512,512,1009.81
131072,512,512,512,1073.01
131072,512,512,512,1073.69
131072,512,512,512,1068.89
524288,2048,512,512,1108.49
524288,512,2048,512,1259.29
131072,512,512,512,1045.8
131072,512,512,512,1046.44
131072,512,512,512,1054.17
131072,512,512,512,1059.7
131072,512,512,512,1075.79
131072,512,512,512,1067.54
131072,512,512,512,1073.72
131072,512,512,512,1074.66
524288,2048,512,512,1141.51
524288,512,2048,512,1301.9
131072,512,512,512,1073.35
131072,512,512,512,1066.32
131072,512,512,512,1078.39
131072,512,512,512,1076.31
131071,512,512,512,1068.2
131072,512,512,512,1071.96
131072,512,512,512,1070.67
131072,512,512,512,1072.25
524288,2048,512,512,1137.3
524288,512,2048,512,1299.38
131072,512,512,512,1069.94
131072,512,512,512,1067.39
131072,512,512,512,1070.21
131072,512,512,512,1071.74
131072,512,512,512,1065.9
131072,512,512,512,1067.09
131072,512,512,512,1071.01
131072,512,512,512,1069.69
524288,2048,512,512,1128.42
524287,512,2048,512,1298.31
131072,512,512,512,1002.69
131072,512,512,512,1071.41
131072,512,512,512,1072.78
131072,512,512,512,1075.01
131072,512,512,512,1070.66
131072,512,512,512,1067.6
131072,512,512,512,1069.55
131072,512,512,512,1067.36
524288,2048,512,512,1128.19
524288,512,2048,512,1300.76
131072,512,512,512,1064.5
131072,512,512,512,1065.97
131072,512,512,512,1068.19
131072,512,512,512,1074.37
131072,512,512,512,1070.55
131072,512,512,512,1072.59
131072,512,512,512,1071.01
131072,512,512,512,1052.03
524288,2048,512,512,1134.62
524288,512,2048,512,1293.84
131072,512,512,512,1019.21
131072,512,512,512,1016.18
131072,512,512,512,1050.32
131072,512,512,512,1052.07
524288,2048,512,512,1149.61
524288,512,2048,512,1278.46
131072,512,512,512,1095.11
131072,512,512,512,1109.16
131072,512,512,512,1098.39
131072,512,512,512,1092.82
524288,2048,512,512,1139.73
524288,512,2048,512,1282.09
131072,512,512,512,1049.03
131072,512,512,512,1082.05
131072,512,512,512,1073.78
131072,512,512,512,1069.78
524288,2048,512,512,1139.68
524288,512,2048,512,1290.34
131072,512,512,512,1066.88
131072,512,512,512,1075.36
131072,512,512,512,1074.67
131072,512,512,512,1075.35
524288,2048,512,512,1134.07
524288,512,2048,512,1296.5
131072,512,512,512,1073.69
131072,512,512,512,1078.53
131072,512,512,512,1072.38
131072,512,512,512,1069.66
524288,2048,512,512,1127.28
524288,512,2048,512,1292.5
131072,512,512,512,1067.96
131072,512,512,512,1070.02
131072,512,512,512,1069.21
131072,512,512,512,1066.53
524288,2048,512,512,1134.78
524288,512,2048,512,1292.61
131072,512,512,512,1016.17
131072,512,512,512,1074.52
131072,512,512,512,992.493
131072,512,512,512,1024.14
8521728,33288,512,512,1106.94
104857,512,512,512,1028.55
104857,512,512,512,1030.11
104857,512,512,512,1028.69
104857,512,512,512,1032.95
419430,2048,512,512,1129.15
419430,512,2048,512,1273.41
104857,512,512,512,1029.19
104857,512,512,512,1033.46
104857,512,512,512,1031.77
104857,512,512,512,1033.51
104857,512,512,512,1031.93
104857,512,512,512,1031.18
104857,512,512,512,1031.78
104857,512,512,512,1032.46
419430,2048,512,512,1130.24
419430,512,2048,512,1260.61
104857,512,512,512,1010.75
104857,512,512,512,1033.73
104857,512,512,512,1031.46
104857,512,512,512,1030.66
104857,512,512,512,1031.92
104856,512,512,512,1034.72
104857,512,512,512,1030.24
104857,512,512,512,1032.43
419430,2048,512,512,1132.51
419430,512,2048,512,1275.03
104857,512,512,512,987.389
104857,512,512,512,1032.21
104857,512,512,512,1032.14
104857,512,512,512,1034.45
104857,512,512,512,1030.7
104857,512,512,512,1034.91
104857,512,512,512,1030.55
104857,512,512,512,1032.5
419429,2048,512,512,1132.61
419429,512,2048,512,1274.2
104857,512,512,512,1007.29
104857,512,512,512,1033.68
104857,512,512,512,963.245
104857,512,512,512,964.976
104857,512,512,512,963.228
104857,512,512,512,963.687
104857,512,512,512,964.028
104857,512,512,512,957.544
419430,2048,512,512,1031.61
419430,512,2048,512,1150.99
104857,512,512,512,939.771
104857,512,512,512,940.224
104857,512,512,512,939.148
104857,512,512,512,938.25
104857,512,512,512,971.26
104857,512,512,512,987.232
104857,512,512,512,985.672
104857,512,512,512,985.137
419430,2048,512,512,1077.54
419430,512,2048,512,1210.6
104857,512,512,512,985.672
104857,512,512,512,986.904
104857,512,512,512,983.686
104857,512,512,512,984.336
419430,2048,512,512,1078.78
419430,512,2048,512,1203.85
104857,512,512,512,991.037
104857,512,512,512,987.964
104857,512,512,512,989.634
104857,512,512,512,989.301
419430,2048,512,512,1075.69
419430,512,2048,512,1211.01
104857,512,512,512,984.093
104857,512,512,512,986.294
104857,512,512,512,982.972
104857,512,512,512,984.599
419430,2048,512,512,1078.34
419430,512,2048,512,1208.89
104857,512,512,512,987.052
104857,512,512,512,987.883
104857,512,512,512,984.804
104857,512,512,512,984.524
419430,2048,512,512,1084.47
419430,512,2048,512,1216.8
104857,512,512,512,988.523
104857,512,512,512,990.484
104857,512,512,512,991.769
104857,512,512,512,990.344
419429,2048,512,512,1084.15
419430,512,2048,512,1216.57
104857,512,512,512,986.947
104857,512,512,512,986.239
104857,512,512,512,988.538
104857,512,512,512,987.508
419430,2048,512,512,1080.72
419430,512,2048,512,1214.6
104857,512,512,512,989.876
104857,512,512,512,992.94
104857,512,512,512,989.616
104857,512,512,512,990.256
6817381,33288,512,512,1092.01
78643,512,512,512,998.142
78642,512,512,512,1008.45
78643,512,512,512,1010.3
78643,512,512,512,1011.86
314572,2048,512,512,1141.61
314572,512,2048,512,1230.21
78643,512,512,512,1006.37
78643,512,512,512,1014.2
78643,512,512,512,1006.29
78643,512,512,512,1013.74
78643,512,512,512,1013.36
78643,512,512,512,1009.86
78643,512,512,512,1013.07
78643,512,512,512,1011.1
314572,2048,512,512,1141.19
314571,512,2048,512,1229.68
78643,512,512,512,1012.19
78643,512,512,512,1007.66
78643,512,512,512,1009.99
78643,512,512,512,1008.49
78643,512,512,512,1014.43
78643,512,512,512,1013.75
78643,512,512,512,1014.63
78643,512,512,512,1014.36
314572,2048,512,512,1142.01
314572,512,2048,512,1232.06
78643,512,512,512,964.934
78643,512,512,512,1013.67
78643,512,512,512,1015.11
78643,512,512,512,1015.15
78643,512,512,512,1015.44
78643,512,512,512,1012.88
78643,512,512,512,1016.16
78643,512,512,512,1015.16
314572,2048,512,512,1142.53
314572,512,2048,512,1227.77
78643,512,512,512,1015.26
78643,512,512,512,1014.74
78643,512,512,512,1013.42
78643,512,512,512,1010.14
78643,512,512,512,1016.08
78643,512,512,512,1014.02
78643,512,512,512,1014.35
78643,512,512,512,1014.36
314572,2048,512,512,1109.91
314572,512,2048,512,1114.49
78643,512,512,512,924.03
78643,512,512,512,922.854
78643,512,512,512,925.365
78643,512,512,512,921.03
78643,512,512,512,923.368
78643,512,512,512,920.484
78643,512,512,512,922.569
78643,512,512,512,924.305
314572,2048,512,512,1034.14
314572,512,2048,512,1114.31
78643,512,512,512,921.992
78643,512,512,512,924.641
78643,512,512,512,896.839
78643,512,512,512,814.524
314572,2048,512,512,1017
314572,512,2048,512,1112.49
78643,512,512,512,913.497
78643,512,512,512,905.862
78643,512,512,512,917.039
78643,512,512,512,918.844
314572,2048,512,512,1028.76
314572,512,2048,512,1118.05
78643,512,512,512,920.151
78643,512,512,512,915.255
78643,512,512,512,920.683
78643,512,512,512,922.133
314572,2048,512,512,1029.31
314572,512,2048,512,1113.5
78643,512,512,512,920.178
78643,512,512,512,920.08
78643,512,512,512,923.165
78643,512,512,512,922.908
314572,2048,512,512,1032.41
314571,512,2048,512,1113.34
78643,512,512,512,923.328
78643,512,512,512,919.062
78643,512,512,512,923.345
78643,512,512,512,921.077
314572,2048,512,512,1032.85
314572,512,2048,512,1113.07
78643,512,512,512,920.996
78643,512,512,512,919.727
78643,512,512,512,922.296
78643,512,512,512,919.247
314572,2048,512,512,1031.52
314572,512,2048,512,1113.39
78643,512,512,512,922.275
78643,512,512,512,918.81
78643,512,512,512,923.365
78643,512,512,512,920.42
5113037,33288,512,512,1096.36
52428,512,512,512,957.546
52428,512,512,512,964.448
52428,512,512,512,965.903
52428,512,512,512,967.145
209715,2048,512,512,1151.22
209715,512,2048,512,1144.78
52428,512,512,512,968.736
52428,512,512,512,968.502
52428,512,512,512,969.7
52428,512,512,512,967.474
52428,512,512,512,971.339
52428,512,512,512,968.25
52428,512,512,512,973.311
52428,512,512,512,970.85
209715,2048,512,512,1147.54
209715,512,2048,512,1144.55
52428,512,512,512,963.031
52428,512,512,512,966.861
52428,512,512,512,961.993
52428,512,512,512,967.162
52428,512,512,512,967.357
52428,512,512,512,973.565
52428,512,512,512,968.479
52428,512,512,512,968.558
209715,2048,512,512,1148.96
209715,512,2048,512,1145.43
52428,512,512,512,972.082
52428,512,512,512,971.626
52428,512,512,512,966.176
52428,512,512,512,972.668
52428,512,512,512,971.221
52428,512,512,512,968.558
52428,512,512,512,975.15
52428,512,512,512,969.279
209715,2048,512,512,1148.68
209715,512,2048,512,1144.65
52428,512,512,512,971.423
52428,512,512,512,969.817
52428,512,512,512,973.503
52428,512,512,512,972.408
52428,512,512,512,970.49
52428,512,512,512,970.614
52428,512,512,512,972.132
52428,512,512,512,968.233
209715,2048,512,512,1149.87
209715,512,2048,512,1144.15
52428,512,512,512,962.915
52428,512,512,512,971.8
52428,512,512,512,973.69
52428,512,512,512,968.636
52428,512,512,512,972.29
52428,512,512,512,970.013
52428,512,512,512,973.706
52428,512,512,512,970.659
209715,2048,512,512,1151.28
209715,512,2048,512,1144.95
52428,512,512,512,966.655
52428,512,512,512,968.619
52428,512,512,512,885.907
52428,512,512,512,883.588
209715,2048,512,512,1042.33
209715,512,2048,512,1038.97
52428,512,512,512,879.553
52428,512,512,512,880.717
52428,512,512,512,881.18
52428,512,512,512,883.086
209715,2048,512,512,1039.56
209715,512,2048,512,1037.85
52428,512,512,512,884.856
52428,512,512,512,885.621
52428,512,512,512,885.066
52428,512,512,512,885.378
209715,2048,512,512,1038.03
209715,512,2048,512,1039.43
52428,512,512,512,885.495
52428,512,512,512,882.714
52428,512,512,512,884.841
52428,512,512,512,885.739
209715,2048,512,512,1041.78
209715,512,2048,512,1038.34
52428,512,512,512,884.538
52428,512,512,512,885.037
52428,512,512,512,884.851
52428,512,512,512,884.52
209715,2048,512,512,1038.09
209715,512,2048,512,1037.68
52428,512,512,512,886.384
52428,512,512,512,882.714
52428,512,512,512,886.684
52428,512,512,512,884.65
209715,2048,512,512,1038.11
209715,512,2048,512,1037.26
52428,512,512,512,883.486
52428,512,512,512,881.481
52428,512,512,512,883.681
52428,512,512,512,883.97
3408691,33288,512,512,1108.22
26214,512,512,512,830.321
26214,512,512,512,828.516
26214,512,512,512,829.803
26214,512,512,512,823.207
104857,2048,512,512,1119.79
104857,512,2048,512,1004.05
26214,512,512,512,862.4
26214,512,512,512,864.159
26214,512,512,512,861.975
26214,512,512,512,867.861
26214,512,512,512,864.213
26214,512,512,512,868.894
26214,512,512,512,860.869
26214,512,512,512,871.35
104857,2048,512,512,1120.66
104857,512,2048,512,1004.55
26214,512,512,512,863.572
26214,512,512,512,870.689
26214,512,512,512,863.875
26214,512,512,512,867.573
26214,512,512,512,871.44
26214,512,512,512,867.268
26214,512,512,512,870.798
26214,512,512,512,867.206
104857,2048,512,512,1119.42
104857,512,2048,512,1004.2
26214,512,512,512,866.203
26214,512,512,512,869.868
26214,512,512,512,864.142
26214,512,512,512,868.805
26214,512,512,512,871.585
26214,512,512,512,869.777
26214,512,512,512,867.609
26214,512,512,512,870.978
104857,2048,512,512,1119.56
104857,512,2048,512,1006.59
26214,512,512,512,868.508
26214,512,512,512,870.933
26214,512,512,512,868.4
26214,512,512,512,866.48
26214,512,512,512,872.909
26214,512,512,512,868.355
26214,512,512,512,869.462
26214,512,512,512,871.984
104857,2048,512,512,1118.25
104857,512,2048,512,1005.65
26214,512,512,512,872.047
26214,512,512,512,869.931
26214,512,512,512,869.245
26214,512,512,512,863.537
26214,512,512,512,870.816
26214,512,512,512,868.759
26214,512,512,512,871.024
26214,512,512,512,868.58
104857,2048,512,512,1123.68
104857,512,2048,512,1011.58
26214,512,512,512,867.233
26214,512,512,512,864.854
26214,512,512,512,867.762
26214,512,512,512,868.517
104857,2048,512,512,1124.36
104857,512,2048,512,1006.35
26214,512,512,512,851.865
26214,512,512,512,865.122
26214,512,512,512,861.824
26214,512,512,512,861.515
104857,2048,512,512,1117.15
104857,512,2048,512,1004.97
26214,512,512,512,869.038
26214,512,512,512,866.167
26214,512,512,512,864.97
26214,512,512,512,868.85
104857,2048,512,512,1108.22
104857,512,2048,512,1005.46
26214,512,512,512,868.058
26214,512,512,512,865.113
26214,512,512,512,869.597
26214,512,512,512,869.11
104857,2048,512,512,992.066
104857,512,2048,512,874.07
26214,512,512,512,704.109
26214,512,512,512,715.85
26214,512,512,512,726.822
26214,512,512,512,728.002
104857,2048,512,512,991.954
104857,512,2048,512,902.848
26214,512,512,512,751.258
26214,512,512,512,745.941
26214,512,512,512,753.303
26214,512,512,512,750.163
104857,2048,512,512,996.485
104857,512,2048,512,902.763
26214,512,512,512,753.411
26214,512,512,512,743.778
26214,512,512,512,753.519
26214,512,512,512,751.09
1704346,33288,512,512,1109.81
13107,512,512,512,393.091
13107,512,512,512,419.466
13107,512,512,512,389.875
13107,512,512,512,414.799
52428,2048,512,512,875.958
52428,512,2048,512,756.244
13107,512,512,512,538.345
13107,512,512,512,545.905
13107,512,512,512,555.735
13107,512,512,512,549.733
13107,512,512,512,547.144
13107,512,512,512,549.668
13107,512,512,512,550.99
13107,512,512,512,549.971
52428,2048,512,512,949.084
52428,512,2048,512,780.317
13107,512,512,512,587.058
13107,512,512,512,577.004
13107,512,512,512,589.733
13107,512,512,512,579.411
13107,512,512,512,580.124
13107,512,512,512,577.504
13107,512,512,512,583.88
13107,512,512,512,579.635
52428,2048,512,512,949.605
52428,512,2048,512,782.183
13107,512,512,512,588.682
13107,512,512,512,580.373
13107,512,512,512,586.402
13107,512,512,512,573.611
13107,512,512,512,580.622
13107,512,512,512,575.634
13107,512,512,512,583.953
13107,512,512,512,582.355
52428,2048,512,512,946.786
52427,512,2048,512,781.913
13107,512,512,512,584.441
13107,512,512,512,577.488
13107,512,512,512,587.33
13107,512,512,512,576.409
13107,512,512,512,583.92
13107,512,512,512,583.27
13107,512,512,512,583.961
13107,512,512,512,581.362
52428,2048,512,512,950.439
52428,512,2048,512,783.542
13107,512,512,512,584.473
13107,512,512,512,576.702
13107,512,512,512,582.995
13107,512,512,512,582.388
13107,512,512,512,584.075
13107,512,512,512,572.171
13107,512,512,512,584.742
13107,512,512,512,583.344
52428,2048,512,512,956.078
52428,512,2048,512,791.142
13107,512,512,512,583.782
13107,512,512,512,576.029
13107,512,512,512,585.24
13107,512,512,512,579.956
52428,2048,512,512,957.633
52428,512,2048,512,779.465
13107,512,512,512,583.628
13107,512,512,512,579.387
13107,512,512,512,580.815
13107,512,512,512,571.197
52428,2048,512,512,955.865
52427,512,2048,512,785.376
13107,512,512,512,576.251
13107,512,512,512,582.21
13107,512,512,512,579.411
13107,512,512,512,580.936
52427,2048,512,512,952.412
52428,512,2048,512,782.365
13107,512,512,512,577.131
13107,512,512,512,577.083
13107,512,512,512,577.624
13107,512,512,512,584.832
52428,2048,512,512,946.503
52428,512,2048,512,781.491
13107,512,512,512,579.763
13107,512,512,512,574.624
13107,512,512,512,579.139
13107,512,512,512,585.55
52428,2048,512,512,867.892
52428,512,2048,512,718.601
13107,512,512,512,538.545
13107,512,512,512,534.258
13107,512,512,512,544.976
13107,512,512,512,541.249
52428,2048,512,512,861.519
52428,512,2048,512,719.856
13107,512,512,512,536.06
13107,512,512,512,538.055
13107,512,512,512,533.036
13107,512,512,512,543.317
852171,33288,512,512,1054.24
5242,512,512,512,294.691
5242,512,512,512,293.844
5242,512,512,512,296.818
5242,512,512,512,291.227
20971,2048,512,512,542.276
20971,512,2048,512,429.866
5242,512,512,512,188.041
5242,512,512,512,214.677
5242,512,512,512,230.007
5242,512,512,512,241.866
5242,512,512,512,254.535
5242,512,512,512,249.768
5242,512,512,512,262.967
5242,512,512,512,272.821
20971,2048,512,512,568.406
20971,512,2048,512,418.685
5242,512,512,512,278.806
5242,512,512,512,277.497
5242,512,512,512,275.663
5242,512,512,512,292.242
5242,512,512,512,289.678
5242,512,512,512,290.964
5242,512,512,512,293.752
5242,512,512,512,293.049
20971,2048,512,512,583.723
20971,512,2048,512,429.319
5242,512,512,512,296.671
5242,512,512,512,289.888
5242,512,512,512,297.286
5242,512,512,512,293.474
5242,512,512,512,294.484
5242,512,512,512,293.146
5242,512,512,512,292.834
5242,512,512,512,291.04
20971,2048,512,512,581.644
20971,512,2048,512,426.064
5242,512,512,512,292.757
5242,512,512,512,289.358
5242,512,512,512,293.166
5242,512,512,512,292.293
5242,512,512,512,290.929
5242,512,512,512,293.243
5242,512,512,512,292.339
5242,512,512,512,291.658
20971,2048,512,512,579.709
20971,512,2048,512,428.978
5242,512,512,512,293.536
5242,512,512,512,292.962
5242,512,512,512,295.902
5242,512,512,512,293.274
5242,512,512,512,293.361
5242,512,512,512,293.988
5242,512,512,512,292.946
5242,512,512,512,291.718
20971,2048,512,512,573.345
20971,512,2048,512,436.683
5242,512,512,512,291.445
5242,512,512,512,295.949
5242,512,512,512,293.253
5242,512,512,512,299.179
20971,2048,512,512,570.125
20971,512,2048,512,433.126
5242,512,512,512,303.922
5242,512,512,512,293.166
5242,512,512,512,294.179
5242,512,512,512,302.749
20971,2048,512,512,578.595
20971,512,2048,512,430.962
5242,512,512,512,292.435
5242,512,512,512,295.287
5242,512,512,512,293.968
5242,512,512,512,294.241
20971,2048,512,512,581.624
20971,512,2048,512,431.067
5242,512,512,512,289.538
5242,512,512,512,292.018
5242,512,512,512,292.16
5242,512,512,512,295.111
20971,2048,512,512,592.019
20971,512,2048,512,429.02
5242,512,512,512,286.683
5242,512,512,512,294.991
5242,512,512,512,289.253
5242,512,512,512,290.179
20970,2048,512,512,592.975
20971,512,2048,512,431.411
5242,512,512,512,292.573
5242,512,512,512,295.991
5242,512,512,512,294.96
5242,512,512,512,293.911
20971,2048,512,512,588.113
20971,512,2048,512,430.956
5242,512,512,512,292.818
5242,512,512,512,298.37
5242,512,512,512,297.35
5242,512,512,512,297.709
340867,33288,512,512,826.718
131072,512,512,512,955.6
131072,512,512,512,946.36
131072,512,512,512,954.079
131072,512,512,512,945.219
524288,2048,512,512,1018.64
524288,512,2048,512,1170.24
131072,512,512,512,948.811
131072,512,512,512,948.112
131072,512,512,512,955.807
131072,512,512,512,933.843
131072,512,512,512,949.812
131072,512,512,512,946.916
131072,512,512,512,937.941
131072,512,512,512,936.935
524288,2048,512,512,1013.58
524288,512,2048,512,1175.67
131072,512,512,512,1027.24
131072,512,512,512,1051.21
131072,512,512,512,1076.85
131072,512,512,512,1061.7
131072,512,512,512,1065.33
131072,512,512,512,1060.79
131072,512,512,512,1048.02
131072,512,512,512,1068.18
524288,2048,512,512,1133.04
524288,512,2048,512,1299.74
131072,512,512,512,1051.84
131072,512,512,512,1057.11
131072,512,512,512,1063.13
131072,512,512,512,1055.48
131072,512,512,512,1051.78
131072,512,512,512,1057.32
131072,512,512,512,1058.13
131072,512,512,512,1064.7
524288,2048,512,512,1131.85
524288,512,2048,512,1299.09
131072,512,512,512,1060.91
131072,512,512,512,1059.14
131072,512,512,512,1070.64
131072,512,512,512,1059.32
131072,512,512,512,1057.53
131072,512,512,512,1071.39
131072,512,512,512,1069.89
131072,512,512,512,1073.63
524288,2048,512,512,1130.68
524288,512,2048,512,1298.55
131072,512,512,512,992.258
131072,512,512,512,1067.51
131072,512,512,512,1071.46
131072,512,512,512,1052.73
131072,512,512,512,1065.83
131072,512,512,512,1067.23
131072,512,512,512,1059.14
131072,512,512,512,1065.36
524288,2048,512,512,1127.97
524288,512,2048,512,1291.81
131072,512,512,512,1029.19
131072,512,512,512,1059.87
131072,512,512,512,1058.38
131072,512,512,512,1061.32
524288,2048,512,512,1125.53
524288,512,2048,512,1291.97
131072,512,512,512,977.156
131072,512,512,512,1048.45
131072,512,512,512,1062.7
131072,512,512,512,1040.3
524288,2048,512,512,1016.17
524288,512,2048,512,1170.24
131072,512,512,512,944.357
131072,512,512,512,947.545
131072,512,512,512,949.185
131072,512,512,512,954.626
524288,2048,512,512,1108.12
524288,512,2048,512,1271.55
131072,512,512,512,1030.56
131072,512,512,512,1025.52
131072,512,512,512,1015.93
131072,512,512,512,1037.31
524288,2048,512,512,1130.28
524288,512,2048,512,1282.17
131072,512,512,512,1005.64
131072,512,512,512,1035.72
131072,512,512,512,1042.14
131072,512,512,512,1038.9
524288,2048,512,512,1123.31
524288,512,2048,512,1283.58
131072,512,512,512,1021.99
131072,512,512,512,1049.98
131072,512,512,512,1041.04
131072,512,512,512,1039.47
524288,2048,512,512,1121.45
524288,512,2048,512,1291.61
131072,512,512,512,1043.65
131072,512,512,512,1035.28
131072,512,512,512,1041.97
131072,512,512,512,1043.57
8521728,33288,512,512,1088.9
104857,512,512,512,1027.66
104857,512,512,512,1025.63
104857,512,512,512,1031.13
104857,512,512,512,1032.15
419430,2048,512,512,1129.73
419430,512,2048,512,1271.96
104857,512,512,512,1031.86
104857,512,512,512,1030.46
104857,512,512,512,1030.32
104857,512,512,512,1030.81
104857,512,512,512,1031.04
104857,512,512,512,1032.33
104857,512,512,512,1030.24
104857,512,512,512,1031.68
419430,2048,512,512,1129.99
419431,512,2048,512,1271.73
104857,512,512,512,1020.29
104857,512,512,512,1030.93
104857,512,512,512,1031.06
104857,512,512,512,1029.42
104857,512,512,512,1032.3
104857,512,512,512,1030.11
104857,512,512,512,1033.18
104857,512,512,512,1031.62
419430,2048,512,512,1129.95
419430,512,2048,512,1271.99
104857,512,512,512,1011.34
104857,512,512,512,1027.56
104857,512,512,512,1030.56
104857,512,512,512,1027.81
104857,512,512,512,1028.1
104857,512,512,512,1029.04
104857,512,512,512,1028.9
104857,512,512,512,1029.48
419430,2048,512,512,1124.22
419430,512,2048,512,1265.99
104857,512,512,512,985.874
104857,512,512,512,1031.53
104857,512,512,512,1027.86
104857,512,512,512,1029.06
104857,512,512,512,1028.13
104857,512,512,512,1029.68
104857,512,512,512,1029.43
104857,512,512,512,1029.49
419430,2048,512,512,1127.34
419430,512,2048,512,1260.94
104857,512,512,512,1026.98
104857,512,512,512,1029.81
104857,512,512,512,1028.2
104857,512,512,512,1028.9
104857,512,512,512,1027.11
104857,512,512,512,1030.13
104857,512,512,512,1026.7
104857,512,512,512,1030.27
419430,2048,512,512,1126.51
419430,512,2048,512,1267.39
104857,512,512,512,1025.38
104857,512,512,512,1030
104857,512,512,512,1028.35
104857,512,512,512,1029.47
419430,2048,512,512,1127.18
419430,512,2048,512,1267.62
104857,512,512,512,970.127
104857,512,512,512,980.003
104857,512,512,512,995.27
104857,512,512,512,996.615
419430,2048,512,512,1059.39
419430,512,2048,512,1183.65
104857,512,512,512,960.677
104857,512,512,512,1034.82
104857,512,512,512,1035.96
104857,512,512,512,1044.04
419430,2048,512,512,1123.66
419430,512,2048,512,1268.13
104857,512,512,512,1016.74
104857,512,512,512,1015.65
104857,512,512,512,1041.39
104857,512,512,512,1043.45
419430,2048,512,512,1122.88
419430,512,2048,512,1268.61
104857,512,512,512,1016.84
104857,512,512,512,1043.49
104857,512,512,512,1041.79
104857,512,512,512,1043.52
419430,2048,512,512,1122.84
419430,512,2048,512,1272.14
104857,512,512,512,1045.84
104857,512,512,512,1045.1
104857,512,512,512,1046
104857,512,512,512,1044.96
419430,2048,512,512,1124.63
419430,512,2048,512,1265.66
104857,512,512,512,1003.28
104857,512,512,512,1043.9
104857,512,512,512,1044.08
104857,512,512,512,1043.17
6817382,33288,512,512,1097.88
78643,512,512,512,1009.26
78643,512,512,512,1008.76
78643,512,512,512,1010.61
78643,512,512,512,1009.65
314572,2048,512,512,1138.94
314572,512,2048,512,1229.97
78643,512,512,512,1013.05
78643,512,512,512,1009.89
78643,512,512,512,1009.39
78643,512,512,512,1011.2
78643,512,512,512,1013.08
78643,512,512,512,1014.14
78643,512,512,512,1012.39
78643,512,512,512,1015.98
314572,2048,512,512,1141.18
314572,512,2048,512,1230.54
78643,512,512,512,1013.34
78643,512,512,512,1014.69
78643,512,512,512,1012.72
78643,512,512,512,1014.31
78643,512,512,512,1013.08
78643,512,512,512,1012.61
78643,512,512,512,1012.98
78643,512,512,512,1013.05
314572,2048,512,512,1141.98
314572,512,2048,512,1225.33
78643,512,512,512,1015.58
78643,512,512,512,1012.89
78643,512,512,512,1015.33
78643,512,512,512,1013.07
78643,512,512,512,1015
78643,512,512,512,1014.99
78643,512,512,512,1012.48
78643,512,512,512,1016.61
314572,2048,512,512,1142.43
314572,512,2048,512,1230.44
78643,512,512,512,1003.85
78643,512,512,512,1017.12
78643,512,512,512,1012.4
78643,512,512,512,1016.14
78643,512,512,512,1014.27
78643,512,512,512,1016.17
78643,512,512,512,1012.26
78643,512,512,512,1015.32
314572,2048,512,512,1142.46
314572,512,2048,512,1231.54
78643,512,512,512,923.416
78643,512,512,512,811.998
78643,512,512,512,864.113
78643,512,512,512,888.054
78643,512,512,512,899.072
78643,512,512,512,906.599
78643,512,512,512,910.842
78643,512,512,512,909.289
314572,2048,512,512,1034.99
314572,512,2048,512,1112.95
78643,512,512,512,922.705
78643,512,512,512,922.066
78643,512,512,512,922.539
78643,512,512,512,921.762
314572,2048,512,512,1035.26
314572,512,2048,512,1113.94
78643,512,512,512,924.654
78643,512,512,512,920.939
78643,512,512,512,922.874
78643,512,512,512,921.56
314572,2048,512,512,1034.99
314572,512,2048,512,1114.24
78643,512,512,512,919.912
78643,512,512,512,923.989
78643,512,512,512,919.902
78643,512,512,512,922.614
314572,2048,512,512,1035.13
314572,512,2048,512,1113.51
78643,512,512,512,920.474
78643,512,512,512,924.128
78643,512,512,512,922.451
78643,512,512,512,922.807
314572,2048,512,512,1034.72
314572,512,2048,512,1113.39
78643,512,512,512,924.355
78643,512,512,512,921.65
78643,512,512,512,923.562
78643,512,512,512,922.888
314572,2048,512,512,1035.98
314572,512,2048,512,1113.36
78643,512,512,512,923.911
78643,512,512,512,920.895
78643,512,512,512,925.157
78643,512,512,512,921.661
314572,2048,512,512,1035.94
314572,512,2048,512,1114.32
78643,512,512,512,922.123
78643,512,512,512,922.695
78643,512,512,512,923.229
78643,512,512,512,922.482
5113038,33288,512,512,1093.81
52428,512,512,512,935.854
52428,512,512,512,998.968
52428,512,512,512,1006.8
52428,512,512,512,1008.13
209715,2048,512,512,1161.41
209715,512,2048,512,1158.15
52428,512,512,512,1007.94
52428,512,512,512,1007.17
52428,512,512,512,1008.19
52428,512,512,512,1005.96
52428,512,512,512,1005.77
52428,512,512,512,1008.63
52428,512,512,512,1006.02
52428,512,512,512,1006.56
209715,2048,512,512,1161.25
209715,512,2048,512,1157.02
52428,512,512,512,989.855
52428,512,512,512,1007.9
52428,512,512,512,1006.59
52428,512,512,512,1009.01
52428,512,512,512,1004.22
52428,512,512,512,1007.43
52428,512,512,512,1006.69
52428,512,512,512,813.705
209715,2048,512,512,1131.42
209715,512,2048,512,1136.28
52428,512,512,512,951.728
52428,512,512,512,948.279
52428,512,512,512,962.313
52428,512,512,512,973.786
52428,512,512,512,969.913
52428,512,512,512,974.045
52428,512,512,512,970.524
52428,512,512,512,971.491
209715,2048,512,512,1152.05
209715,512,2048,512,1143.51
52428,512,512,512,966.521
52428,512,512,512,972.504
52428,512,512,512,970.086
52428,512,512,512,972.549
52428,512,512,512,967.898
52428,512,512,512,976.04
52428,512,512,512,973.368
52428,512,512,512,970.238
209715,2048,512,512,1153.72
209715,512,2048,512,1143.77
52428,512,512,512,974.334
52428,512,512,512,972.301
52428,512,512,512,972.239
52428,512,512,512,968.658
52428,512,512,512,973.899
52428,512,512,512,970.182
52428,512,512,512,972.51
52428,512,512,512,970.3
209715,2048,512,512,1089.98
209715,512,2048,512,1037.82
52428,512,512,512,885.266
52428,512,512,512,885.196
52428,512,512,512,886.23
52428,512,512,512,886.633
209716,2048,512,512,1045.14
209715,512,2048,512,1039.02
52428,512,512,512,883.695
52428,512,512,512,886.375
52428,512,512,512,885.622
52428,512,512,512,887.651
209715,2048,512,512,1044.53
209715,512,2048,512,1038.9
52428,512,512,512,884.529
52428,512,512,512,887.134
52428,512,512,512,904.521
52428,512,512,512,903.289
209715,2048,512,512,1048.49
209715,512,2048,512,1049.26
52428,512,512,512,913.181
52428,512,512,512,912.872
52428,512,512,512,913.345
52428,512,512,512,913.658
209715,2048,512,512,1050.73
209715,512,2048,512,1051.17
52428,512,512,512,914.415
52428,512,512,512,912.346
52428,512,512,512,914.265
52428,512,512,512,912.441
209715,2048,512,512,1050.77
209715,512,2048,512,1050.61
52428,512,512,512,911.9
52429,512,512,512,913.034
52428,512,512,512,913.001
52428,512,512,512,913.912
209715,2048,512,512,1049.41
209715,512,2048,512,1050.77
52428,512,512,512,913.877
52428,512,512,512,915.592
52428,512,512,512,914.544
52428,512,512,512,911.821
3408692,33288,512,512,1123.09
26214,512,512,512,824.453
26214,512,512,512,826.484
26214,512,512,512,825.394
26214,512,512,512,824.372
104857,2048,512,512,1126.11
104857,512,2048,512,1001.29
26214,512,512,512,866.203
26214,512,512,512,864.524
26214,512,512,512,867.735
26214,512,512,512,868.517
26214,512,512,512,864.917
26214,512,512,512,866.695
26214,512,512,512,869.516
26214,512,512,512,869.426
104857,2048,512,512,1126.47
104857,512,2048,512,1000.22
26214,512,512,512,869.696
26214,512,512,512,864.284
26214,512,512,512,871.06
26214,512,512,512,868.957
26214,512,512,512,871.648
26214,512,512,512,871.349
26214,512,512,512,870.156
26214,512,512,512,869.029
104857,2048,512,512,1128.82
104857,512,2048,512,1003.88
26214,512,512,512,870.292
26214,512,512,512,868.984
26214,512,512,512,867.538
26214,512,512,512,870.608
26214,512,512,512,871.712
26214,512,512,512,870.951
26214,512,512,512,872.591
26214,512,512,512,870.057
104857,2048,512,512,1129.6
104857,512,2048,512,1002.95
26214,512,512,512,870.834
26214,512,512,512,866.856
26214,512,512,512,871.829
26214,512,512,512,866.382
26214,512,512,512,869.525
26214,512,512,512,869.489
26214,512,512,512,869.561
26214,512,512,512,868.786
104857,2048,512,512,1129.56
104857,512,2048,512,1003.49
26214,512,512,512,872.945
26214,512,512,512,868.921
26214,512,512,512,869.462
26214,512,512,512,867.546
26214,512,512,512,867.879
26214,512,512,512,869.39
26214,512,512,512,871.159
26214,512,512,512,870.003
104857,2048,512,512,1128.86
104857,512,2048,512,1004.32
26214,512,512,512,868.418
26214,512,512,512,870.689
26214,512,512,512,870.96
26214,512,512,512,869.363
104857,2048,512,512,1130.52
104857,512,2048,512,1003.99
26214,512,512,512,868.705
26214,512,512,512,869.21
26214,512,512,512,872.709
26214,512,512,512,867.215
104857,2048,512,512,1128.03
104857,512,2048,512,1002.75
26214,512,512,512,867.582
26214,512,512,512,868.589
26214,512,512,512,870.535
26214,512,512,512,868.292
104857,2048,512,512,1130.02
104857,512,2048,512,1002.5
26214,512,512,512,871.06
26214,512,512,512,869.804
26214,512,512,512,870.391
26214,512,512,512,870.87
104857,2048,512,512,1128.65
104857,512,2048,512,916.447
26214,512,512,512,796.332
26214,512,512,512,794.604
26214,512,512,512,793.237
26214,512,512,512,793.402
104857,2048,512,512,1019.48
104857,512,2048,512,916.607
26214,512,512,512,789.638
26214,512,512,512,789.786
26214,512,512,512,791.493
26214,512,512,512,792.749
104857,2048,512,512,1018.78
104857,512,2048,512,915.019
26214,512,512,512,791.523
26214,512,512,512,791.807
26214,512,512,512,793.004
26214,512,512,512,791.866
1704346,33288,512,512,1130.88
13107,512,512,512,599.888
13107,512,512,512,629.199
13107,512,512,512,631.51
13107,512,512,512,633.743
52428,2048,512,512,974.023
52428,512,2048,512,805.505
13107,512,512,512,634.059
13107,512,512,512,630.656
13107,512,512,512,632.11
13107,512,512,512,636.581
13107,512,512,512,634.481
13107,512,512,512,632.453
13107,512,512,512,635.529
13107,512,512,512,633.733
52428,2048,512,512,978.511
52428,512,2048,512,805.907
13107,512,512,512,630.826
13107,512,512,512,636.378
13107,512,512,512,633.083
13107,512,512,512,627.11
13107,512,512,512,631.415
13107,512,512,512,634.75
13107,512,512,512,634.002
13107,512,512,512,634.76
52428,2048,512,512,977.508
52428,512,2048,512,805.273
13107,512,512,512,635.568
13107,512,512,512,629.293
13107,512,512,512,632.215
13107,512,512,512,631.51
13107,512,512,512,632.453
13107,512,512,512,631.073
13107,512,512,512,635.5
13107,512,512,512,632.711
52428,2048,512,512,978.819
52428,512,2048,512,804.956
13107,512,512,512,635.346
13107,512,512,512,632.72
13107,512,512,512,635.953
13107,512,512,512,631.377
13107,512,512,512,633.542
13107,512,512,512,636.137
13107,512,512,512,630.381
13107,512,512,512,628.369
52428,2048,512,512,980.667
52428,512,2048,512,808.065
13107,512,512,512,632.167
13107,512,512,512,634.548
13107,512,512,512,633.303
13107,512,512,512,633.083
13107,512,512,512,636.214
13107,512,512,512,634.165
13107,512,512,512,630.599
13107,512,512,512,635.78
52428,2048,512,512,979.505
52428,512,2048,512,808.509
13107,512,512,512,632.463
13107,512,512,512,634.395
13107,512,512,512,629.879
13107,512,512,512,636.271
52428,2048,512,512,976.398
52428,512,2048,512,807.602
13107,512,512,512,633.963
13107,512,512,512,633.026
13107,512,512,512,631.558
13107,512,512,512,633.887
52428,2048,512,512,978.248
52428,512,2048,512,805.899
13107,512,512,512,630.95
13107,512,512,512,631.225
13107,512,512,512,631.434
13107,512,512,512,632.396
52428,2048,512,512,978.756
52428,512,2048,512,808.583
13107,512,512,512,632.358
13107,512,512,512,633.561
13107,512,512,512,631.853
13107,512,512,512,632.415
52428,2048,512,512,981.884
52428,512,2048,512,807.454
13107,512,512,512,633.523
13107,512,512,512,631.273
13107,512,512,512,632.043
13107,512,512,512,634.165
52428,2048,512,512,980.129
52428,512,2048,512,805.025
13107,512,512,512,634.356
13107,512,512,512,636.861
13107,512,512,512,636.011
13107,512,512,512,635
52428,2048,512,512,977.992
52428,512,2048,512,806.795
13107,512,512,512,580.221
13107,512,512,512,579.091
13107,512,512,512,584.449
13107,512,512,512,581.097
852173,33288,512,512,1061.28
5242,512,512,512,322.343
5242,512,512,512,321.49
5242,512,512,512,322.361
5242,512,512,512,320.912
20971,2048,512,512,583.891
20971,512,2048,512,443.649
5242,512,512,512,315.486
5242,512,512,512,321.743
5242,512,512,512,338.959
5242,512,512,512,349.926
5242,512,512,512,345.686
5242,512,512,512,345.429
5242,512,512,512,349.205
5242,512,512,512,345.778
20971,2048,512,512,634.757
20971,512,2048,512,481.829
5242,512,512,512,346.629
5242,512,512,512,344.408
5242,512,512,512,349.438
5242,512,512,512,346.994
5242,512,512,512,344.076
5242,512,512,512,345.864
5242,512,512,512,347.397
5242,512,512,512,347.764
20971,2048,512,512,635.208
20971,512,2048,512,482.095
5242,512,512,512,344.196
5242,512,512,512,345.8
5242,512,512,512,345.558
5242,512,512,512,347.346
5242,512,512,512,347.577
5242,512,512,512,347.685
5242,512,512,512,347.354
5242,512,512,512,345.294
20971,2048,512,512,634.643
20971,512,2048,512,486.894
5242,512,512,512,345.053
5242,512,512,512,345.593
5242,512,512,512,348.4
5242,512,512,512,345.017
5242,512,512,512,348.147
5242,512,512,512,347.555
5242,512,512,512,345.778
5242,512,512,512,347.541
20971,2048,512,512,634.637
20971,512,2048,512,483.015
5242,512,512,512,346.307
5242,512,512,512,347.066
5242,512,512,512,346.908
5242,512,512,512,347.598
5242,512,512,512,345.501
5242,512,512,512,308.256
5242,512,512,512,303.23
5242,512,512,512,310.39
20971,2048,512,512,617.952
20971,512,2048,512,462.04
5242,512,512,512,306.555
5242,512,512,512,310.821
5242,512,512,512,310.407
5242,512,512,512,308.824
20971,2048,512,512,620.231
20971,512,2048,512,461.999
5242,512,512,512,308.932
5242,512,512,512,313.3
5242,512,512,512,307.038
5242,512,512,512,311.08
20971,2048,512,512,618.75
20971,512,2048,512,463.175
5242,512,512,512,309.046
5242,512,512,512,304.413
5242,512,512,512,308.5
5242,512,512,512,307.928
20971,2048,512,512,618.049
20971,512,2048,512,460.79
5242,512,512,512,307.319
5242,512,512,512,312.157
5242,512,512,512,305.7
5242,512,512,512,307.077
20971,2048,512,512,619.424
20971,512,2048,512,463.313
5242,512,512,512,310.103
5242,512,512,512,307.917
5242,512,512,512,307.742
5242,512,512,512,311.121
20971,2048,512,512,619.847
20971,512,2048,512,463.067
5242,512,512,512,309.131
5242,512,512,512,310.792
5242,512,512,512,305.673
5242,512,512,512,311.04
20971,2048,512,512,620.696
20971,512,2048,512,463.313
5242,512,512,512,308.858
5242,512,512,512,310.585
5242,512,512,512,309.473
5242,512,512,512,312.018
340868,33288,512,512,887.056
144656,512,512,512,1060.88
145219,512,512,512,1066.46
143086,512,512,512,1076.04
134140,512,512,512,1064.5
617373,2048,512,512,1075.11
511909,512,2048,512,1174.56
152784,512,512,512,1089.05
177501,512,512,512,1116.75
138819,512,512,512,1065.29
175788,512,512,512,1115.48
148318,512,512,512,1075.95
146820,512,512,512,1071.2
139898,512,512,512,1065.77
135158,512,512,512,1059.13
605239,2048,512,512,1151.33
498916,512,2048,512,1273.93
135302,512,512,512,1011.3
167130,512,512,512,1099.83
127129,512,512,512,1047.32
160282,512,512,512,1088.11
137228,512,512,512,1055.61
141001,512,512,512,1056.22
127709,512,512,512,1050.89
127997,512,512,512,1048.74
614701,2048,512,512,1155.03
495116,512,2048,512,1288.76
141404,512,512,512,1033.83
162547,512,512,512,1107.37
133241,512,512,512,1070.02
157924,512,512,512,1100.77
140148,512,512,512,1074.56
155781,512,512,512,1097.5
131610,512,512,512,1058.59
141524,512,512,512,1076.08
622718,2048,512,512,1161.35
500156,512,2048,512,1293.14
145809,512,512,512,1045.91
161899,512,512,512,1106.75
134961,512,512,512,1077.35
157923,512,512,512,1106.47
144846,512,512,512,1084.32
169827,512,512,512,1120.81
137419,512,512,512,1078.08
157723,512,512,512,1106.2
638805,2048,512,512,1165.79
520728,512,2048,512,1296.57
138115,512,512,512,1010.74
151839,512,512,512,1089.76
128572,512,512,512,1069.2
149774,512,512,512,1086.47
147527,512,512,512,1083.55
166724,512,512,512,1118.1
145068,512,512,512,1087.97
157919,512,512,512,1106.79
662743,2048,512,512,1171.41
529525,512,2048,512,1298.17
123866,512,512,512,1064.68
147677,512,512,512,1089.65
110753,512,512,512,1060.99
145625,512,512,512,1086.44
485342,2048,512,512,1132.22
372276,512,2048,512,1262.47
137762,512,512,512,1028.98
152588,512,512,512,1092.91
124825,512,512,512,997.46
152847,512,512,512,1048.96
472169,2048,512,512,1032.29
364688,512,2048,512,1150.32
105892,512,512,512,948.354
152424,512,512,512,992.613
96613,512,512,512,945.492
141359,512,512,512,979.024
498329,2048,512,512,1037.03
374306,512,2048,512,1154.63
111037,512,512,512,953.806
141993,512,512,512,979.139
105115,512,512,512,947.081
131116,512,512,512,967.061
521358,2048,512,512,1038.47
382228,512,2048,512,1162.78
112897,512,512,512,966.793
135583,512,512,512,983.615
105657,512,512,512,965.739
124591,512,512,512,974.071
524195,2048,512,512,1039.97
379576,512,2048,512,1160.89
123414,512,512,512,977.755
142424,512,512,512,987.934
114404,512,512,512,969.864
133618,512,512,512,981.916
518126,2048,512,512,1040.61
360766,512,2048,512,1154.86
127963,512,512,512,978.313
137811,512,512,512,980.59
119801,512,512,512,974.398
131226,512,512,512,980.792
8449349,33288,512,512,1108.11
110054,512,512,512,1049.42
100849,512,512,512,1047.67
69340,512,512,512,1039.11
69926,512,512,512,1030.35
520881,2048,512,512,1132.28
420270,512,2048,512,1277.63
176573,512,512,512,1095.33
164906,512,512,512,1113.14
119346,512,512,512,1062.99
163179,512,512,512,1116.94
131179,512,512,512,1069.31
106332,512,512,512,1051.77
80702,512,512,512,1037.71
75910,512,512,512,1033.7
434108,2048,512,512,1130.11
364167,512,2048,512,1260.47
115824,512,512,512,1058.3
118372,512,512,512,1056.51
73184,512,512,512,1032.36
95756,512,512,512,1049.17
132447,512,512,512,1070.68
106685,512,512,512,1055.59
85843,512,512,512,1041.98
78662,512,512,512,1035.75
451905,2048,512,512,1130.04
377715,512,2048,512,1265.08
131164,512,512,512,1074.12
130939,512,512,512,1059.21
81929,512,512,512,1036.57
114764,512,512,512,1054.43
133557,512,512,512,1069.37
114906,512,512,512,1058.11
86931,512,512,512,1044.6
87415,512,512,512,1045.92
480220,2048,512,512,1130.94
389027,512,2048,512,1269.54
144587,512,512,512,1079.99
131025,512,512,512,1059.72
92656,512,512,512,1049.95
115987,512,512,512,1054.45
144703,512,512,512,1081.79
128707,512,512,512,1059.03
97146,512,512,512,1048.92
100981,512,512,512,1048.33
519534,2048,512,512,1132.63
435213,512,2048,512,1162.82
151362,512,512,512,972.402
131393,512,512,512,963.89
95590,512,512,512,954.871
119793,512,512,512,962.705
145197,512,512,512,983.165
145080,512,512,512,983.302
101998,512,512,512,952.412
112628,512,512,512,957.878
562881,2048,512,512,1034.69
463789,512,2048,512,1170.27
130724,512,512,512,968.66
106538,512,512,512,957.279
68242,512,512,512,934.65
94758,512,512,512,950.623
464225,2048,512,512,1080.46
348379,512,2048,512,1196.93
157973,512,512,512,1055.3
128921,512,512,512,1015.59
96673,512,512,512,1001.91
122165,512,512,512,1014.36
225571,2048,512,512,1077.05
205326,512,2048,512,1101.37
65235,512,512,512,977.615
83880,512,512,512,994.8
37002,512,512,512,897.092
58084,512,512,512,949.925
281342,2048,512,512,1083.13
253598,512,2048,512,1143.16
84469,512,512,512,995.675
98998,512,512,512,1002.48
45258,512,512,512,935.742
74105,512,512,512,979.456
291371,2048,512,512,1085.92
256402,512,2048,512,1145.47
109587,512,512,512,1006.63
99608,512,512,512,999.432
60842,512,512,512,972.145
76770,512,512,512,984.673
301623,2048,512,512,1082.56
236448,512,2048,512,1126.69
116101,512,512,512,1010.63
93737,512,512,512,998.647
69341,512,512,512,981.681
72872,512,512,512,980.042
266304,2048,512,512,1078.43
179846,512,2048,512,1069.53
118976,512,512,512,1007.89
87654,512,512,512,997.446
69802,512,512,512,980.585
68146,512,512,512,975.225
8099792,33288,512,512,1100.87
69048,512,512,512,1028.27
70699,512,512,512,1027.82
55824,512,512,512,1004.59
51977,512,512,512,980.386
440834,2048,512,512,1133.9
349724,512,2048,512,1254.87
142988,512,512,512,1086.77
140146,512,512,512,1077.33
102718,512,512,512,1049.61
144324,512,512,512,1091.26
90907,512,512,512,1051.11
79001,512,512,512,1041.31
71333,512,512,512,1035.29
59864,512,512,512,1012.33
350127,2048,512,512,1139.06
278118,512,2048,512,1215.84
77453,512,512,512,1034.93
97490,512,512,512,1048.39
58782,512,512,512,1011.49
79224,512,512,512,1038.34
72798,512,512,512,1034.29
80140,512,512,512,1038.95
60387,512,512,512,1018.24
59524,512,512,512,1016.41
377531,2048,512,512,1135.65
301616,512,2048,512,1229.16
85602,512,512,512,1040.34
106244,512,512,512,1051.47
64319,512,512,512,1024.97
92139,512,512,512,1048.79
80374,512,512,512,1040.39
91729,512,512,512,1048.37
68532,512,512,512,1028.66
70060,512,512,512,1033.74
413100,2048,512,512,1133.65
326865,512,2048,512,1243.96
100219,512,512,512,1050.35
112406,512,512,512,1054.54
76218,512,512,512,1038.83
99957,512,512,512,1024.04
89251,512,512,512,1006.59
113306,512,512,512,1034.59
75834,512,512,512,1007.53
88878,512,512,512,1020.68
454699,2048,512,512,1125.59
370593,512,2048,512,1254.31
99341,512,512,512,1005.82
113026,512,512,512,1035.23
75788,512,512,512,1007.34
103039,512,512,512,1027.74
95971,512,512,512,1027.75
126777,512,512,512,1035.7
84980,512,512,512,928.749
99415,512,512,512,933.011
483495,2048,512,512,1023.57
392291,512,2048,512,1144.7
78700,512,512,512,921.121
89338,512,512,512,934.251
60344,512,512,512,900.338
81600,512,512,512,925.032
377485,2048,512,512,1023.77
263284,512,2048,512,1082.59
125652,512,512,512,950.489
98723,512,512,512,935.848
91651,512,512,512,931.034
101724,512,512,512,940.705
139876,2048,512,512,999.326
104165,512,2048,512,899.571
40729,512,512,512,834.59
59136,512,512,512,900.648
32292,512,512,512,795.014
38547,512,512,512,827.667
194581,2048,512,512,1021.39
150283,512,2048,512,964.576
42786,512,512,512,843.354
66156,512,512,512,912.06
33491,512,512,512,804.009
47033,512,512,512,859.639
247017,2048,512,512,1033.03
179358,512,2048,512,1003.83
55210,512,512,512,885.543
68722,512,512,512,912.851
40973,512,512,512,837.744
52095,512,512,512,871.436
248270,2048,512,512,1034.66
172574,512,2048,512,994.281
71451,512,512,512,911.808
73260,512,512,512,914.867
54975,512,512,512,890.653
59423,512,512,512,886.117
222621,2048,512,512,1025.98
136351,512,2048,512,944.553
74612,512,512,512,918.125
68003,512,512,512,910.047
58713,512,512,512,894.117
55485,512,512,512,888.734
5628498,33288,512,512,1099.52
55839,512,512,512,949.264
47152,512,512,512,943.046
40749,512,512,512,884.334
31688,512,512,512,839.82
246942,2048,512,512,1145.72
187181,512,2048,512,1127.97
108105,512,512,512,1048.01
107497,512,512,512,1051.94
65349,512,512,512,1023.88
112066,512,512,512,1054.53
53552,512,512,512,996.577
46022,512,512,512,985.997
38979,512,512,512,946.759
28332,512,512,512,867.309
181465,2048,512,512,1133.07
138731,512,2048,512,1055.45
44787,512,512,512,961.934
56702,512,512,512,1013.92
30654,512,512,512,893.181
40235,512,512,512,944.643
49209,512,512,512,992.674
55295,512,512,512,1011.31
37240,512,512,512,943.755
33400,512,512,512,915.891
209478,2048,512,512,1140.72
170877,512,2048,512,1104.64
59402,512,512,512,1010.4
78627,512,512,512,1037.16
40400,512,512,512,961.382
58892,512,512,512,1012.6
51857,512,512,512,998.403
60576,512,512,512,1023.62
42887,512,512,512,968.718
40323,512,512,512,959.835
249613,2048,512,512,1147.67
196462,512,2048,512,1141.4
65126,512,512,512,1029.87
73887,512,512,512,1035.67
44367,512,512,512,979.012
60688,512,512,512,1019.67
60021,512,512,512,1016.81
83964,512,512,512,1043.53
47934,512,512,512,990.04
56646,512,512,512,1014
302452,2048,512,512,1146.15
246814,512,2048,512,1192.89
65341,512,512,512,991.029
81599,512,512,512,1043.28
45839,512,512,512,980.343
66444,512,512,512,1027.47
63673,512,512,512,1026.93
94580,512,512,512,1049.72
54191,512,512,512,1007.62
65642,512,512,512,1026.84
343356,2048,512,512,1139.09
257197,512,2048,512,1200.85
41783,512,512,512,960.935
52641,512,512,512,1006.5
29547,512,512,512,815.3
42360,512,512,512,880.323
216719,2048,512,512,1029.06
149618,512,2048,512,977.752
81604,512,512,512,946.627
64242,512,512,512,934.744
43030,512,512,512,877.856
61783,512,512,512,921.61
48481,2048,512,512,874.595
38360,512,2048,512,613.113
18164,512,512,512,693.126
29508,512,512,512,812.06
13422,512,512,512,609.104
18682,512,512,512,693.387
101911,2048,512,512,978.503
82333,512,2048,512,890.403
19741,512,512,512,710.579
38241,512,512,512,867.825
15129,512,512,512,633.892
25640,512,512,512,763.699
114133,2048,512,512,985.464
85304,512,2048,512,896.378
36347,512,512,512,849.799
44755,512,512,512,892.373
25265,512,512,512,773.635
30012,512,512,512,802.52
115983,2048,512,512,986.918
83975,512,2048,512,891.383
48912,512,512,512,902.665
44247,512,512,512,891.532
33185,512,512,512,838.945
27808,512,512,512,793.557
83494,2048,512,512,949.045
48292,512,2048,512,697.301
42541,512,512,512,877.666
43863,512,512,512,884.151
30263,512,512,512,818.16
31688,512,512,512,820.926
4570384,33288,512,512,1109.78
34247,512,512,512,889.186
19404,512,512,512,774.128
16396,512,512,512,701.527
11969,512,512,512,630.32
104673,2048,512,512,1092.45
81975,512,2048,512,973.188
97078,512,512,512,1043.64
69893,512,512,512,1031.01
25760,512,512,512,854.9
69617,512,512,512,1015.54
48869,512,512,512,972.161
21820,512,512,512,811.747
15338,512,512,512,697.142
10662,512,512,512,597.478
41663,2048,512,512,937.596
36012,512,2048,512,633.585
42364,512,512,512,956.318
32657,512,512,512,913.985
13187,512,512,512,639.35
17178,512,512,512,733.202
50871,512,512,512,994.46
27364,512,512,512,876.025
15168,512,512,512,690.013
13381,512,512,512,660.128
52212,2048,512,512,984.546
48390,512,2048,512,757.903
55223,512,512,512,1002.58
42626,512,512,512,969.929
15872,512,512,512,713.729
24727,512,512,512,845.16
54011,512,512,512,1005.22
38147,512,512,512,950.711
17464,512,512,512,738.846
16461,512,512,512,716.212
72869,2048,512,512,1045.87
71587,512,2048,512,932.305
66349,512,512,512,1026.42
49036,512,512,512,992.707
18628,512,512,512,752.619
30148,512,512,512,898.816
63533,512,512,512,1023.79
47347,512,512,512,991.983
19514,512,512,512,774.202
23243,512,512,512,825.602
100398,2048,512,512,1089
85572,512,2048,512,983.812
58607,512,512,512,1019.48
37223,512,512,512,948.047
14595,512,512,512,681.89
23119,512,512,512,814.946
70285,512,512,512,1033.07
56422,512,512,512,1012.67
21842,512,512,512,814.44
27155,512,512,512,873.02
130289,2048,512,512,1121.35
90678,512,2048,512,992.137
48564,512,512,512,991.716
26377,512,512,512,866.311
9201,512,512,512,532.369
16237,512,512,512,709.582
58872,2048,512,512,1004.33
55804,512,2048,512,830.166
69433,512,512,512,1011.11
57004,512,512,512,1010.7
12532,512,512,512,628.249
53312,512,512,512,975.361
19051,2048,512,512,725.666
20119,512,2048,512,509.35
10834,512,512,512,592.831
21594,512,512,512,809.56
3649,512,512,512,284.467
14972,512,512,512,704.761
19537,2048,512,512,734.629
20744,512,2048,512,509.238
32975,512,512,512,896.006
19159,512,512,512,753.152
8520,512,512,512,525.338
9463,512,512,512,561.956
21054,2048,512,512,762.128
21606,512,2048,512,520.344
19284,512,512,512,760.205
16852,512,512,512,718.282
5429,512,512,512,385.591
8863,512,512,512,543.388
20900,2048,512,512,756.245
18007,512,2048,512,489.807
29744,512,512,512,878.189
15941,512,512,512,643.537
7369,512,512,512,434.029
9554,512,512,512,513.958
16100,2048,512,512,621.135
9871,512,2048,512,367.127
32053,512,512,512,815.604
18132,512,512,512,685.116
7471,512,512,512,436.47
12811,512,512,512,580.192
2802367,33288,512,512,1086.2
17538,512,512,512,659.742
9689,512,512,512,524.296
9630,512,512,512,561.281
5732,512,512,512,416.201
49727,2048,512,512,979.276
41575,512,2048,512,694.787
60339,512,512,512,997.834
33846,512,512,512,924.012
10762,512,512,512,571.392
34845,512,512,512,902.61
27165,512,512,512,854.186
12022,512,512,512,612.196
7018,512,512,512,448.005
4981,512,512,512,379.099
18329,2048,512,512,722.744
18724,512,2048,512,481.956
20384,512,512,512,786.013
20795,512,512,512,798.158
5704,512,512,512,383.341
9461,512,512,512,549.429
21954,512,512,512,815.566
12498,512,512,512,619.153
5460,512,512,512,360.121
4860,512,512,512,364.011
19355,2048,512,512,733.657
20125,512,2048,512,493.142
29397,512,512,512,888.84
26491,512,512,512,864.025
6978,512,512,512,420.148
12252,512,512,512,628.65
23425,512,512,512,830.729
20550,512,512,512,791.698
6200,512,512,512,387.243
7340,512,512,512,451.97
25190,2048,512,512,812.114
29575,512,2048,512,574.809
33448,512,512,512,919.335
35320,512,512,512,933.388
8490,512,512,512,498.029
16466,512,512,512,720.249
25495,512,512,512,850.622
36244,512,512,512,931.565
7017,512,512,512,419.152
11888,512,512,512,605.054
33082,2048,512,512,881.114
44738,512,2048,512,741.39
25079,512,512,512,852.402
31458,512,512,512,900.738
6391,512,512,512,397.249
14370,512,512,512,680.458
44130,512,512,512,971.544
37424,512,512,512,943.427
10100,512,512,512,550.69
15476,512,512,512,702.257
42127,2048,512,512,945.167
29857,512,2048,512,570.6
18768,512,512,512,762.85
14559,512,512,512,678.682
3701,512,512,512,168.909
9011,512,512,512,371.746
26707,2048,512,512,718.636
26895,512,2048,512,534.426
46041,512,512,512,899.348
39819,512,512,512,882.018
5371,512,512,512,300.828
35052,512,512,512,844.168
3789,2048,512,512,251.761
3298,512,2048,512,196.862
10357,512,512,512,577.917
5954,512,512,512,379.334
2109,512,512,512,179.839
2920,512,512,512,256.703
3678,2048,512,512,281.9
3035,512,2048,512,220.077
3920,512,512,512,316.129
6539,512,512,512,407.684
1294,512,512,512,122.393
3906,512,512,512,324.765
6591,2048,512,512,402.965
6228,512,2048,512,325.913
10973,512,512,512,605.95
10235,512,512,512,562.121
2888,512,512,512,233.362
6614,512,512,512,443.493
5856,2048,512,512,392.313
5056,512,2048,512,291.801
21060,512,512,512,793.034
9576,512,512,512,534.449
4067,512,512,512,301.134
4228,512,512,512,322.356
4933,2048,512,512,349.007
2797,512,2048,512,194.811
16062,512,512,512,714.82
8583,512,512,512,502.674
3442,512,512,512,271.82
6578,512,512,512,395.714
1362291,33288,512,512,1077.79
0,512,512,512,0
929,512,512,512,85.1536
0,512,512,512,0
246,512,512,512,23.6759
14047,2048,512,512,583.431
20596,512,2048,512,473.253
22905,512,512,512,746.905
27236,512,512,512,872.32
5473,512,512,512,380.4
25435,512,512,512,836.953
0,512,512,512,0
77,512,512,512,7.70843
0,512,512,512,0
19,512,512,512,1.97294
1932,2048,512,512,167.431
1833,512,2048,512,154.651
8299,512,512,512,526.785
20258,512,512,512,781.474
4656,512,512,512,348.879
6968,512,512,512,463.115
39,512,512,512,4.14631
6,512,512,512,0.627143
8,512,512,512,0.831519
20,512,512,512,2.06199
1005,2048,512,512,90.1749
960,512,2048,512,90.7452
15889,512,512,512,717.842
26465,512,512,512,849.292
4629,512,512,512,346.628
9380,512,512,512,554.394
2992,512,512,512,272.023
1844,512,512,512,165.734
640,512,512,512,65.113
401,512,512,512,40.2043
1423,2048,512,512,123.769
1698,512,2048,512,149.058
13471,512,512,512,665.019
25799,512,512,512,841.961
5084,512,512,512,388.333
10880,512,512,512,602.561
10658,512,512,512,592.152
7785,512,512,512,464.637
5360,512,512,512,403.9
2762,512,512,512,245.014
1185,2048,512,512,103.029
1198,512,2048,512,111.251
4459,512,512,512,354.056
4413,512,512,512,309.705
1897,512,512,512,183.751
1883,512,512,512,169.22
30410,512,512,512,882.84
23696,512,512,512,829.329
14210,512,512,512,686.701
7168,512,512,512,471.608
1373,2048,512,512,120.004
1671,512,2048,512,128.378
5531,512,512,512,358.24
2353,512,512,512,171.846
2904,512,512,512,224.031
743,512,512,512,61.8893
0,2048,512,512,0
0,512,2048,512,0
9554,512,512,512,502.23
19357,512,512,512,715.725
5442,512,512,512,349.553
13274,512,512,512,590.423
0,2048,512,512,0
0,512,2048,512,0
1670,512,512,512,137.885
1644,512,512,512,128.828
1203,512,512,512,98.9615
301,512,512,512,25.2497
159,2048,512,512,13.1926
274,512,2048,512,26.802
87,512,512,512,9.00621
193,512,512,512,18.9896
15,512,512,512,1.55885
19,512,512,512,1.97083
0,2048,512,512,0
0,512,2048,512,0
0,512,512,512,0
0,512,512,512,0
0,512,512,512,0
0,512,512,512,0
0,2048,512,512,0
0,512,2048,512,0
0,512,512,512,0
0,512,512,512,0
0,512,512,512,0
0,512,512,512,0
0,2048,512,512,0
0,512,2048,512,0
0,512,512,512,0
0,512,512,512,0
0,512,512,512,0
0,512,512,512,0
850094,33288,512,512,1100.18
